condition,language_code,token_id,token,count,frequency_percent
sts,eng_Latn,4,",",98,3.32203390
sts,eng_Latn,5,.,121,4.10169492
sts,eng_Latn,6,▁,12,0.40677966
sts,eng_Latn,7,s,80,2.71186441
sts,eng_Latn,8,▁de,5,0.16949153
sts,eng_Latn,9,-,30,1.01694915
sts,eng_Latn,10,▁a,62,2.10169492
sts,eng_Latn,11,a,6,0.20338983
sts,eng_Latn,12,:,5,0.16949153
sts,eng_Latn,13,e,14,0.47457627
sts,eng_Latn,15,▁(,3,0.10169492
sts,eng_Latn,16,),3,0.10169492
sts,eng_Latn,18,t,3,0.10169492
sts,eng_Latn,19,n,3,0.10169492
sts,eng_Latn,20,▁-,5,0.16949153
sts,eng_Latn,23,▁in,44,1.49152542
sts,eng_Latn,26,’,23,0.77966102
sts,eng_Latn,27,...,2,0.06779661
sts,eng_Latn,28,▁e,1,0.03389831
sts,eng_Latn,32,?,1,0.03389831
sts,eng_Latn,33,en,2,0.06779661
sts,eng_Latn,34,u,1,0.03389831
sts,eng_Latn,38,!,1,0.03389831
sts,eng_Latn,39,m,9,0.30508475
sts,eng_Latn,40,▁se,2,0.06779661
sts,eng_Latn,41,▁que,1,0.03389831
sts,eng_Latn,42,r,1,0.03389831
sts,eng_Latn,44,"▁""",1,0.03389831
sts,eng_Latn,47,▁to,53,1.79661017
sts,eng_Latn,51,▁un,2,0.06779661
sts,eng_Latn,52,▁“,23,0.77966102
sts,eng_Latn,53,y,6,0.20338983
sts,eng_Latn,54,▁do,6,0.20338983
sts,eng_Latn,56,er,6,0.20338983
sts,eng_Latn,57,▁sa,1,0.03389831
sts,eng_Latn,58,"""",1,0.03389831
sts,eng_Latn,62,▁A,25,0.84745763
sts,eng_Latn,63,”,12,0.40677966
sts,eng_Latn,67,te,2,0.06779661
sts,eng_Latn,68,▁die,1,0.03389831
sts,eng_Latn,70,▁the,105,3.55932203
sts,eng_Latn,71,d,13,0.44067797
sts,eng_Latn,83,▁is,35,1.18644068
sts,eng_Latn,86,ne,4,0.13559322
sts,eng_Latn,87,▁I,7,0.23728814
sts,eng_Latn,90,es,8,0.27118644
sts,eng_Latn,91,▁s,1,0.03389831
sts,eng_Latn,95,▁le,1,0.03389831
sts,eng_Latn,98,▁on,13,0.44067797
sts,eng_Latn,99,▁at,6,0.20338983
sts,eng_Latn,100,▁for,17,0.57627119
sts,eng_Latn,107,re,1,0.03389831
sts,eng_Latn,111,▁of,46,1.55932203
sts,eng_Latn,112,de,1,0.03389831
sts,eng_Latn,115,▁du,1,0.03389831
sts,eng_Latn,117,▁per,2,0.06779661
sts,eng_Latn,118,ti,1,0.03389831
sts,eng_Latn,126,et,1,0.03389831
sts,eng_Latn,132,(,1,0.03389831
sts,eng_Latn,133,le,1,0.03389831
sts,eng_Latn,136,▁and,40,1.35593220
sts,eng_Latn,142,▁an,7,0.23728814
sts,eng_Latn,145,ja,1,0.03389831
sts,eng_Latn,163,▁me,1,0.03389831
sts,eng_Latn,177,g,1,0.03389831
sts,eng_Latn,184,se,1,0.03389831
sts,eng_Latn,186,▁be,12,0.40677966
sts,eng_Latn,190,▁5,1,0.03389831
sts,eng_Latn,191,on,2,0.06779661
sts,eng_Latn,195,em,1,0.03389831
sts,eng_Latn,200,▁ki,1,0.03389831
sts,eng_Latn,204,▁‘,3,0.10169492
sts,eng_Latn,209,▁10,2,0.06779661
sts,eng_Latn,214,ing,19,0.64406780
sts,eng_Latn,220,▁una,1,0.03389831
sts,eng_Latn,221,▁so,3,0.10169492
sts,eng_Latn,237,▁as,8,0.27118644
sts,eng_Latn,238,c,1,0.03389831
sts,eng_Latn,247,"),",2,0.06779661
sts,eng_Latn,266,mi,3,0.10169492
sts,eng_Latn,268,],3,0.10169492
sts,eng_Latn,272,ve,1,0.03389831
sts,eng_Latn,290,▁che,1,0.03389831
sts,eng_Latn,294,S,1,0.03389831
sts,eng_Latn,297,ed,21,0.71186441
sts,eng_Latn,299,ny,1,0.03389831
sts,eng_Latn,300,▁ni,1,0.03389831
sts,eng_Latn,329,ce,3,0.10169492
sts,eng_Latn,332,▁man,7,0.23728814
sts,eng_Latn,335,▁B,2,0.06779661
sts,eng_Latn,341,▁K,1,0.03389831
sts,eng_Latn,343,ek,1,0.03389831
sts,eng_Latn,345,▁U,1,0.03389831
sts,eng_Latn,350,ke,1,0.03389831
sts,eng_Latn,351,▁non,1,0.03389831
sts,eng_Latn,360,▁In,4,0.13559322
sts,eng_Latn,373,▁bu,1,0.03389831
sts,eng_Latn,375,▁com,1,0.03389831
sts,eng_Latn,378,▁[,3,0.10169492
sts,eng_Latn,384,▁T,1,0.03389831
sts,eng_Latn,387,▁20,1,0.03389831
sts,eng_Latn,390,▁by,7,0.23728814
sts,eng_Latn,398,▁you,7,0.23728814
sts,eng_Latn,420,f,1,0.03389831
sts,eng_Latn,423,▁15,1,0.03389831
sts,eng_Latn,433,sa,1,0.03389831
sts,eng_Latn,434,w,2,0.06779661
sts,eng_Latn,442,▁it,12,0.40677966
sts,eng_Latn,449,ng,1,0.03389831
sts,eng_Latn,450,▁that,17,0.57627119
sts,eng_Latn,453,▁men,2,0.06779661
sts,eng_Latn,456,▁re,2,0.06779661
sts,eng_Latn,479,▁pre,1,0.03389831
sts,eng_Latn,502,▁pro,2,0.06779661
sts,eng_Latn,505,▁2017,1,0.03389831
sts,eng_Latn,509,▁was,17,0.57627119
sts,eng_Latn,516,ro,1,0.03389831
sts,eng_Latn,525,est,1,0.03389831
sts,eng_Latn,538,ly,4,0.13559322
sts,eng_Latn,543,▁18,1,0.03389831
sts,eng_Latn,566,▁im,1,0.03389831
sts,eng_Latn,568,I,8,0.27118644
sts,eng_Latn,581,▁The,22,0.74576271
sts,eng_Latn,592,ning,7,0.23728814
sts,eng_Latn,604,▁her,1,0.03389831
sts,eng_Latn,616,▁14,1,0.03389831
sts,eng_Latn,617,4,1,0.03389831
sts,eng_Latn,618,T,1,0.03389831
sts,eng_Latn,619,▁&,1,0.03389831
sts,eng_Latn,621,▁are,16,0.54237288
sts,eng_Latn,634,wa,1,0.03389831
sts,eng_Latn,636,▁Le,1,0.03389831
sts,eng_Latn,642,▁we,2,0.06779661
sts,eng_Latn,645,▁over,6,0.20338983
sts,eng_Latn,653,▁n,1,0.03389831
sts,eng_Latn,666,▁છે,6,0.20338983
sts,eng_Latn,669,man,3,0.10169492
sts,eng_Latn,678,▁with,18,0.61016949
sts,eng_Latn,683,P,1,0.03389831
sts,eng_Latn,702,▁13,1,0.03389831
sts,eng_Latn,706,▁g,1,0.03389831
sts,eng_Latn,707,▁or,8,0.27118644
sts,eng_Latn,717,▁To,1,0.03389831
sts,eng_Latn,720,ter,1,0.03389831
sts,eng_Latn,738,▁go,2,0.06779661
sts,eng_Latn,756,▁all,1,0.03389831
sts,eng_Latn,759,▁my,1,0.03389831
sts,eng_Latn,764,▁he,7,0.23728814
sts,eng_Latn,765,▁have,19,0.64406780
sts,eng_Latn,775,▁son,2,0.06779661
sts,eng_Latn,831,▁can,4,0.13559322
sts,eng_Latn,841,H,1,0.03389831
sts,eng_Latn,884,▁Al,1,0.03389831
sts,eng_Latn,893,▁An,2,0.06779661
sts,eng_Latn,903,▁this,6,0.20338983
sts,eng_Latn,914,▁ga,1,0.03389831
sts,eng_Latn,933,ts,1,0.03389831
sts,eng_Latn,939,ty,1,0.03389831
sts,eng_Latn,952,▁21,1,0.03389831
sts,eng_Latn,953,▁19,1,0.03389831
sts,eng_Latn,959,▁not,17,0.57627119
sts,eng_Latn,974,.”,4,0.13559322
sts,eng_Latn,981,@,1,0.03389831
sts,eng_Latn,984,▁Do,2,0.06779661
sts,eng_Latn,1003,ut,1,0.03389831
sts,eng_Latn,1010,cu,1,0.03389831
sts,eng_Latn,1015,sen,1,0.03389831
sts,eng_Latn,1061,▁So,1,0.03389831
sts,eng_Latn,1074,માં,1,0.03389831
sts,eng_Latn,1090,ada,1,0.03389831
sts,eng_Latn,1139,ના,3,0.10169492
sts,eng_Latn,1167,ની,2,0.06779661
sts,eng_Latn,1179,net,1,0.03389831
sts,eng_Latn,1181,ll,1,0.03389831
sts,eng_Latn,1197,30,1,0.03389831
sts,eng_Latn,1202,▁video,1,0.03389831
sts,eng_Latn,1221,▁will,7,0.23728814
sts,eng_Latn,1230,&,1,0.03389831
sts,eng_Latn,1238,▁f,3,0.10169492
sts,eng_Latn,1249,min,1,0.03389831
sts,eng_Latn,1257,▁up,4,0.13559322
sts,eng_Latn,1284,▁but,5,0.16949153
sts,eng_Latn,1286,▁more,2,0.06779661
sts,eng_Latn,1295,▁from,11,0.37288136
sts,eng_Latn,1301,▁As,1,0.03389831
sts,eng_Latn,1305,▁post,3,0.10169492
sts,eng_Latn,1311,▁Co,1,0.03389831
sts,eng_Latn,1346,▁film,1,0.03389831
sts,eng_Latn,1363,tion,1,0.03389831
sts,eng_Latn,1379,▁under,5,0.16949153
sts,eng_Latn,1380,▁come,2,0.06779661
sts,eng_Latn,1401,▁We,2,0.06779661
sts,eng_Latn,1405,val,1,0.03389831
sts,eng_Latn,1454,▁અને,1,0.03389831
sts,eng_Latn,1475,▁આ,2,0.06779661
sts,eng_Latn,1495,sh,1,0.03389831
sts,eng_Latn,1510,mas,1,0.03389831
sts,eng_Latn,1515,ster,1,0.03389831
sts,eng_Latn,1517,tra,2,0.06779661
sts,eng_Latn,1529,▁He,4,0.13559322
sts,eng_Latn,1540,▁pot,1,0.03389831
sts,eng_Latn,1543,▁may,7,0.23728814
sts,eng_Latn,1556,▁has,4,0.13559322
sts,eng_Latn,1563,▁ab,1,0.03389831
sts,eng_Latn,1614,▁sub,2,0.06779661
sts,eng_Latn,1632,▁one,1,0.03389831
sts,eng_Latn,1650,▁It,3,0.10169492
sts,eng_Latn,1653,▁pred,1,0.03389831
sts,eng_Latn,1660,▁just,1,0.03389831
sts,eng_Latn,1661,▁sit,1,0.03389831
sts,eng_Latn,1672,▁about,1,0.03389831
sts,eng_Latn,1697,▁mag,1,0.03389831
sts,eng_Latn,1733,▁time,2,0.06779661
sts,eng_Latn,1755,ens,2,0.06779661
sts,eng_Latn,1773,▁Dr,1,0.03389831
sts,eng_Latn,1779,ns,1,0.03389831
sts,eng_Latn,1781,▁200,1,0.03389831
sts,eng_Latn,1784,▁Mar,1,0.03389831
sts,eng_Latn,1785,▁km,1,0.03389831
sts,eng_Latn,1810,▁out,3,0.10169492
sts,eng_Latn,1824,vis,1,0.03389831
sts,eng_Latn,1830,ion,1,0.03389831
sts,eng_Latn,1831,▁air,1,0.03389831
sts,eng_Latn,1836,▁they,3,0.10169492
sts,eng_Latn,1884,▁like,2,0.06779661
sts,eng_Latn,1902,▁had,4,0.13559322
sts,eng_Latn,1916,ting,2,0.06779661
sts,eng_Latn,1919,▁his,7,0.23728814
sts,eng_Latn,1957,▁see,1,0.03389831
sts,eng_Latn,1974,let,1,0.03389831
sts,eng_Latn,1989,ે,1,0.03389831
sts,eng_Latn,2005,▁Home,1,0.03389831
sts,eng_Latn,2021,▁2008,1,0.03389831
sts,eng_Latn,2041,▁Ca,1,0.03389831
sts,eng_Latn,2046,▁get,1,0.03389831
sts,eng_Latn,2053,▁data,2,0.06779661
sts,eng_Latn,2060,▁far,1,0.03389831
sts,eng_Latn,2069,ling,1,0.03389831
sts,eng_Latn,2161,▁On,1,0.03389831
sts,eng_Latn,2174,▁if,1,0.03389831
sts,eng_Latn,2228,▁કે,1,0.03389831
sts,eng_Latn,2242,fe,1,0.03389831
sts,eng_Latn,2258,▁car,1,0.03389831
sts,eng_Latn,2273,▁35,2,0.06779661
sts,eng_Latn,2301,▁don,1,0.03389831
sts,eng_Latn,2347,the,2,0.06779661
sts,eng_Latn,2356,▁New,5,0.16949153
sts,eng_Latn,2363,▁their,7,0.23728814
sts,eng_Latn,2367,▁what,1,0.03389831
sts,eng_Latn,2412,▁she,2,0.06779661
sts,eng_Latn,2446,▁our,1,0.03389831
sts,eng_Latn,2472,for,1,0.03389831
sts,eng_Latn,2480,ft,1,0.03389831
sts,eng_Latn,2481,ity,2,0.06779661
sts,eng_Latn,2499,▁any,7,0.23728814
sts,eng_Latn,2577,▁face,1,0.03389831
sts,eng_Latn,2633,▁let,2,0.06779661
sts,eng_Latn,2652,▁pan,1,0.03389831
sts,eng_Latn,2678,▁45,1,0.03389831
sts,eng_Latn,2684,▁most,1,0.03389831
sts,eng_Latn,2685,▁there,4,0.13559322
sts,eng_Latn,2704,▁final,1,0.03389831
sts,eng_Latn,2706,nis,2,0.06779661
sts,eng_Latn,2766,▁પણ,3,0.10169492
sts,eng_Latn,2804,▁said,1,0.03389831
sts,eng_Latn,2806,▁would,1,0.03389831
sts,eng_Latn,2809,▁been,2,0.06779661
sts,eng_Latn,2822,red,1,0.03389831
sts,eng_Latn,2831,▁part,1,0.03389831
sts,eng_Latn,2837,▁dis,1,0.03389831
sts,eng_Latn,2843,▁also,4,0.13559322
sts,eng_Latn,2852,ring,1,0.03389831
sts,eng_Latn,2856,▁them,4,0.13559322
sts,eng_Latn,2886,able,2,0.06779661
sts,eng_Latn,2940,and,3,0.10169492
sts,eng_Latn,2965,▁best,1,0.03389831
sts,eng_Latn,3017,▁bor,3,0.10169492
sts,eng_Latn,3060,▁some,5,0.16949153
sts,eng_Latn,3129,▁which,7,0.23728814
sts,eng_Latn,3164,▁All,1,0.03389831
sts,eng_Latn,3229,▁when,1,0.03389831
sts,eng_Latn,3249,▁make,1,0.03389831
sts,eng_Latn,3293,▁This,3,0.10169492
sts,eng_Latn,3299,▁model,5,0.16949153
sts,eng_Latn,3311,▁By,1,0.03389831
sts,eng_Latn,3316,▁Wa,1,0.03389831
sts,eng_Latn,3340,▁email,1,0.03389831
sts,eng_Latn,3357,▁personal,1,0.03389831
sts,eng_Latn,3377,▁એક,1,0.03389831
sts,eng_Latn,3387,ies,1,0.03389831
sts,eng_Latn,3389,તા,1,0.03389831
sts,eng_Latn,3395,▁people,4,0.13559322
sts,eng_Latn,3408,ure,1,0.03389831
sts,eng_Latn,3430,▁God,2,0.06779661
sts,eng_Latn,3432,gy,1,0.03389831
sts,eng_Latn,3444,▁want,2,0.06779661
sts,eng_Latn,3445,▁person,2,0.06779661
sts,eng_Latn,3493,▁And,1,0.03389831
sts,eng_Latn,3501,▁than,1,0.03389831
sts,eng_Latn,3525,▁new,1,0.03389831
sts,eng_Latn,3535,▁hand,1,0.03389831
sts,eng_Latn,3540,▁cap,1,0.03389831
sts,eng_Latn,3542,▁were,11,0.37288136
sts,eng_Latn,3551,▁land,1,0.03389831
sts,eng_Latn,3564,▁end,1,0.03389831
sts,eng_Latn,3622,▁total,2,0.06779661
sts,eng_Latn,3640,▁2019,1,0.03389831
sts,eng_Latn,3642,▁how,2,0.06779661
sts,eng_Latn,3650,▁$,5,0.16949153
sts,eng_Latn,3674,ted,4,0.13559322
sts,eng_Latn,3714,▁know,3,0.10169492
sts,eng_Latn,3789,▁other,6,0.20338983
sts,eng_Latn,3835,▁public,4,0.13559322
sts,eng_Latn,3847,▁Film,1,0.03389831
sts,eng_Latn,3853,▁even,4,0.13559322
sts,eng_Latn,3871,▁need,1,0.03389831
sts,eng_Latn,3884,▁put,1,0.03389831
sts,eng_Latn,3900,▁trans,1,0.03389831
sts,eng_Latn,3915,ham,1,0.03389831
sts,eng_Latn,3934,▁into,1,0.03389831
sts,eng_Latn,3956,nce,5,0.16949153
sts,eng_Latn,3957,The,1,0.03389831
sts,eng_Latn,3960,art,1,0.03389831
sts,eng_Latn,4127,▁good,9,0.30508475
sts,eng_Latn,4163,▁got,1,0.03389831
sts,eng_Latn,4173,▁extra,1,0.03389831
sts,eng_Latn,4188,ges,1,0.03389831
sts,eng_Latn,4200,hal,1,0.03389831
sts,eng_Latn,4211,▁Min,2,0.06779661
sts,eng_Latn,4263,▁If,3,0.10169492
sts,eng_Latn,4293,ley,3,0.10169492
sts,eng_Latn,4438,ast,1,0.03389831
sts,eng_Latn,4488,▁work,1,0.03389831
sts,eng_Latn,4517,ep,1,0.03389831
sts,eng_Latn,4527,▁use,1,0.03389831
sts,eng_Latn,4537,▁general,1,0.03389831
sts,eng_Latn,4552,▁very,1,0.03389831
sts,eng_Latn,4612,▁Star,1,0.03389831
sts,eng_Latn,4620,▁bank,1,0.03389831
sts,eng_Latn,4687,▁She,1,0.03389831
sts,eng_Latn,4734,▁only,2,0.06779661
sts,eng_Latn,4743,▁due,1,0.03389831
sts,eng_Latn,4764,▁Read,1,0.03389831
sts,eng_Latn,4865,▁What,1,0.03389831
sts,eng_Latn,4937,▁Tra,1,0.03389831
sts,eng_Latn,4989,▁long,1,0.03389831
sts,eng_Latn,5024,▁Che,1,0.03389831
sts,eng_Latn,5036,▁now,1,0.03389831
sts,eng_Latn,5045,▁much,1,0.03389831
sts,eng_Latn,5046,99,1,0.03389831
sts,eng_Latn,5062,like,1,0.03389831
sts,eng_Latn,5078,▁loo,1,0.03389831
sts,eng_Latn,5117,▁first,1,0.03389831
sts,eng_Latn,5120,▁Real,1,0.03389831
sts,eng_Latn,5147,ા,1,0.03389831
sts,eng_Latn,5154,▁say,4,0.13559322
sts,eng_Latn,5161,▁love,2,0.06779661
sts,eng_Latn,5170,ces,2,0.06779661
sts,eng_Latn,5276,▁2017.,1,0.03389831
sts,eng_Latn,5299,▁well,1,0.03389831
sts,eng_Latn,5303,▁list,1,0.03389831
sts,eng_Latn,5351,▁think,4,0.13559322
sts,eng_Latn,5369,▁years,4,0.13559322
sts,eng_Latn,5465,over,1,0.03389831
sts,eng_Latn,5492,▁Wy,1,0.03389831
sts,eng_Latn,5518,vid,1,0.03389831
sts,eng_Latn,5608,▁should,1,0.03389831
sts,eng_Latn,5609,▁side,1,0.03389831
sts,eng_Latn,5700,▁popular,2,0.06779661
sts,eng_Latn,5701,▁same,1,0.03389831
sts,eng_Latn,5737,▁pois,2,0.06779661
sts,eng_Latn,5739,gra,1,0.03389831
sts,eng_Latn,5754,▁કરી,1,0.03389831
sts,eng_Latn,5773,▁off,3,0.10169492
sts,eng_Latn,5809,▁could,1,0.03389831
sts,eng_Latn,5915,▁lot,2,0.06779661
sts,eng_Latn,5922,hor,1,0.03389831
sts,eng_Latn,5962,▁hit,2,0.06779661
sts,eng_Latn,6024,▁multi,1,0.03389831
sts,eng_Latn,6044,▁such,1,0.03389831
sts,eng_Latn,6056,out,1,0.03389831
sts,eng_Latn,6183,▁really,1,0.03389831
sts,eng_Latn,6226,▁control,1,0.03389831
sts,eng_Latn,6274,▁ન,2,0.06779661
sts,eng_Latn,6488,wer,1,0.03389831
sts,eng_Latn,6494,▁bad,1,0.03389831
sts,eng_Latn,6602,▁year,5,0.16949153
sts,eng_Latn,6620,ence,2,0.06779661
sts,eng_Latn,6626,▁two,3,0.10169492
sts,eng_Latn,6635,ary,2,0.06779661
sts,eng_Latn,6637,▁because,2,0.06779661
sts,eng_Latn,6644,ture,1,0.03389831
sts,eng_Latn,6659,eze,1,0.03389831
sts,eng_Latn,6712,▁game,2,0.06779661
sts,eng_Latn,6713,▁look,2,0.06779661
sts,eng_Latn,6765,▁David,1,0.03389831
sts,eng_Latn,6777,▁did,1,0.03389831
sts,eng_Latn,6817,▁fall,1,0.03389831
sts,eng_Latn,6827,cal,1,0.03389831
sts,eng_Latn,6863,▁its,4,0.13559322
sts,eng_Latn,6865,hel,2,0.06779661
sts,eng_Latn,6872,▁See,1,0.03389831
sts,eng_Latn,6987,▁Sau,1,0.03389831
sts,eng_Latn,7013,vali,1,0.03389831
sts,eng_Latn,7071,▁April,1,0.03389831
sts,eng_Latn,7077,put,3,0.10169492
sts,eng_Latn,7086,▁mind,1,0.03389831
sts,eng_Latn,7103,▁after,1,0.03389831
sts,eng_Latn,7108,▁right,3,0.10169492
sts,eng_Latn,7123,▁news,1,0.03389831
sts,eng_Latn,7140,▁Cum,1,0.03389831
sts,eng_Latn,7228,▁made,1,0.03389831
sts,eng_Latn,7398,▁pur,1,0.03389831
sts,eng_Latn,7401,▁water,3,0.10169492
sts,eng_Latn,7432,ness,1,0.03389831
sts,eng_Latn,7440,▁where,3,0.10169492
sts,eng_Latn,7464,▁still,1,0.03389831
sts,eng_Latn,7469,ઓ,1,0.03389831
sts,eng_Latn,7476,▁સ,3,0.10169492
sts,eng_Latn,7514,way,1,0.03389831
sts,eng_Latn,7565,▁down,3,0.10169492
sts,eng_Latn,7639,▁show,1,0.03389831
sts,eng_Latn,7717,ese,1,0.03389831
sts,eng_Latn,7832,▁Stra,1,0.03389831
sts,eng_Latn,7844,ful,1,0.03389831
sts,eng_Latn,7941,▁hard,1,0.03389831
sts,eng_Latn,7948,▁Peter,2,0.06779661
sts,eng_Latn,8035,▁being,1,0.03389831
sts,eng_Latn,8063,▁business,2,0.06779661
sts,eng_Latn,8108,▁before,4,0.13559322
sts,eng_Latn,8129,▁Festival,2,0.06779661
sts,eng_Latn,8246,▁જે,2,0.06779661
sts,eng_Latn,8305,▁through,3,0.10169492
sts,eng_Latn,8318,08,1,0.03389831
sts,eng_Latn,8331,Do,2,0.06779661
sts,eng_Latn,8357,▁International,1,0.03389831
sts,eng_Latn,8382,▁those,1,0.03389831
sts,eng_Latn,8395,▁festival,1,0.03389831
sts,eng_Latn,8414,▁Mr,3,0.10169492
sts,eng_Latn,8499,શ,3,0.10169492
sts,eng_Latn,8622,▁There,2,0.06779661
sts,eng_Latn,8668,▁anno,1,0.03389831
sts,eng_Latn,8966,▁things,1,0.03389831
sts,eng_Latn,8999,▁world,1,0.03389831
sts,eng_Latn,9020,▁London,1,0.03389831
sts,eng_Latn,9077,▁sure,1,0.03389831
sts,eng_Latn,9127,SE,2,0.06779661
sts,eng_Latn,9201,▁park,2,0.06779661
sts,eng_Latn,9268,▁Hotels,1,0.03389831
sts,eng_Latn,9319,ther,1,0.03389831
sts,eng_Latn,9393,less,1,0.03389831
sts,eng_Latn,9572,▁Fo,1,0.03389831
sts,eng_Latn,9583,▁જો,2,0.06779661
sts,eng_Latn,9790,▁try,2,0.06779661
sts,eng_Latn,9803,▁open,1,0.03389831
sts,eng_Latn,9842,▁begin,1,0.03389831
sts,eng_Latn,9844,▁something,2,0.06779661
sts,eng_Latn,9876,▁Pat,1,0.03389831
sts,eng_Latn,9893,rian,3,0.10169492
sts,eng_Latn,9925,▁That,1,0.03389831
sts,eng_Latn,9960,▁NE,1,0.03389831
sts,eng_Latn,9965,▁હતી,1,0.03389831
sts,eng_Latn,10002,▁own,1,0.03389831
sts,eng_Latn,10133,ans,2,0.06779661
sts,eng_Latn,10142,▁Tele,1,0.03389831
sts,eng_Latn,10208,▁Paul,3,0.10169492
sts,eng_Latn,10269,▁dog,4,0.13559322
sts,eng_Latn,10323,▁capital,1,0.03389831
sts,eng_Latn,10332,▁old,1,0.03389831
sts,eng_Latn,10366,ping,1,0.03389831
sts,eng_Latn,10422,▁sense,2,0.06779661
sts,eng_Latn,10463,▁Ara,1,0.03389831
sts,eng_Latn,10588,▁rest,2,0.06779661
sts,eng_Latn,10660,▁They,1,0.03389831
sts,eng_Latn,10696,▁school,3,0.10169492
sts,eng_Latn,10713,nn,1,0.03389831
sts,eng_Latn,10846,▁few,3,0.10169492
sts,eng_Latn,10868,▁Sir,5,0.16949153
sts,eng_Latn,10932,▁around,2,0.06779661
sts,eng_Latn,10945,37,1,0.03389831
sts,eng_Latn,11075,▁2020,1,0.03389831
sts,eng_Latn,11107,▁PA,2,0.06779661
sts,eng_Latn,11148,રા,3,0.10169492
sts,eng_Latn,11280,▁male,1,0.03389831
sts,eng_Latn,11341,▁state,2,0.06779661
sts,eng_Latn,11469,▁port,1,0.03389831
sts,eng_Latn,11522,▁better,2,0.06779661
sts,eng_Latn,11675,▁run,1,0.03389831
sts,eng_Latn,11737,▁next,1,0.03389831
sts,eng_Latn,11809,▁Data,1,0.03389831
sts,eng_Latn,11872,▁Hur,1,0.03389831
sts,eng_Latn,11954,▁Love,1,0.03389831
sts,eng_Latn,12008,▁share,2,0.06779661
sts,eng_Latn,12056,rica,1,0.03389831
sts,eng_Latn,12203,▁nh,1,0.03389831
sts,eng_Latn,12225,ked,1,0.03389831
sts,eng_Latn,12264,▁Pin,1,0.03389831
sts,eng_Latn,12319,▁feel,2,0.06779661
sts,eng_Latn,12333,media,1,0.03389831
sts,eng_Latn,12417,▁10-,1,0.03389831
sts,eng_Latn,12536,lyn,5,0.16949153
sts,eng_Latn,12601,▁prefer,1,0.03389831
sts,eng_Latn,12638,▁each,1,0.03389831
sts,eng_Latn,12662,Man,1,0.03389831
sts,eng_Latn,12768,▁trend,1,0.03389831
sts,eng_Latn,12839,▁1992,1,0.03389831
sts,eng_Latn,12877,▁book,1,0.03389831
sts,eng_Latn,12960,▁while,7,0.23728814
sts,eng_Latn,13100,▁પ,1,0.03389831
sts,eng_Latn,13320,▁Tim,1,0.03389831
sts,eng_Latn,13438,▁again,2,0.06779661
sts,eng_Latn,13579,▁term,1,0.03389831
sts,eng_Latn,13580,▁thing,3,0.10169492
sts,eng_Latn,13714,▁Kha,1,0.03389831
sts,eng_Latn,13893,▁mental,1,0.03389831
sts,eng_Latn,13959,▁gaz,1,0.03389831
sts,eng_Latn,13984,▁instrument,1,0.03389831
sts,eng_Latn,14012,▁number,1,0.03389831
sts,eng_Latn,14037,▁found,3,0.10169492
sts,eng_Latn,14119,▁fr,1,0.03389831
sts,eng_Latn,14249,▁Business,3,0.10169492
sts,eng_Latn,14277,▁movie,1,0.03389831
sts,eng_Latn,14315,▁OK,1,0.03389831
sts,eng_Latn,14318,▁Shah,1,0.03389831
sts,eng_Latn,14355,▁Hol,1,0.03389831
sts,eng_Latn,14361,▁body,1,0.03389831
sts,eng_Latn,14373,▁yet,1,0.03389831
sts,eng_Latn,14432,▁later,2,0.06779661
sts,eng_Latn,14487,▁December,1,0.03389831
sts,eng_Latn,14578,ming,2,0.06779661
sts,eng_Latn,14886,▁Email,1,0.03389831
sts,eng_Latn,14922,▁period,1,0.03389831
sts,eng_Latn,15017,Ke,1,0.03389831
sts,eng_Latn,15194,ક્ષ,1,0.03389831
sts,eng_Latn,15300,LE,1,0.03389831
sts,eng_Latn,15366,▁Motor,1,0.03389831
sts,eng_Latn,15437,▁dollar,1,0.03389831
sts,eng_Latn,15490,▁without,1,0.03389831
sts,eng_Latn,15504,▁turn,1,0.03389831
sts,eng_Latn,15519,aw,1,0.03389831
sts,eng_Latn,15528,▁bike,2,0.06779661
sts,eng_Latn,15555,row,3,0.10169492
sts,eng_Latn,15571,▁Maha,1,0.03389831
sts,eng_Latn,15593,▁camera,1,0.03389831
sts,eng_Latn,15644,cap,1,0.03389831
sts,eng_Latn,15700,▁another,1,0.03389831
sts,eng_Latn,15732,▁125,1,0.03389831
sts,eng_Latn,15882,mond,1,0.03389831
sts,eng_Latn,15889,▁national,2,0.06779661
sts,eng_Latn,16065,▁away,2,0.06779661
sts,eng_Latn,16188,▁mark,1,0.03389831
sts,eng_Latn,16194,રે,3,0.10169492
sts,eng_Latn,16304,wak,1,0.03389831
sts,eng_Latn,16444,IL,1,0.03389831
sts,eng_Latn,16446,▁ball,2,0.06779661
sts,eng_Latn,16610,▁short,1,0.03389831
sts,eng_Latn,16713,off,1,0.03389831
sts,eng_Latn,16750,▁result,1,0.03389831
sts,eng_Latn,16792,▁since,1,0.03389831
sts,eng_Latn,16797,cent,1,0.03389831
sts,eng_Latn,16842,▁પછી,1,0.03389831
sts,eng_Latn,17075,▁kn,2,0.06779661
sts,eng_Latn,17152,peri,1,0.03389831
sts,eng_Latn,17164,▁record,1,0.03389831
sts,eng_Latn,17170,▁Power,1,0.03389831
sts,eng_Latn,17262,▁three,2,0.06779661
sts,eng_Latn,17366,▁level,1,0.03389831
sts,eng_Latn,17367,▁Show,1,0.03389831
sts,eng_Latn,17368,▁using,2,0.06779661
sts,eng_Latn,17378,▁says,2,0.06779661
sts,eng_Latn,17659,▁15-,1,0.03389831
sts,eng_Latn,17664,▁mix,1,0.03389831
sts,eng_Latn,17669,▁ever,2,0.06779661
sts,eng_Latn,17704,ged,3,0.10169492
sts,eng_Latn,17721,▁between,5,0.16949153
sts,eng_Latn,17819,▁Frank,5,0.16949153
sts,eng_Latn,17932,▁second,1,0.03389831
sts,eng_Latn,17986,▁hospital,1,0.03389831
sts,eng_Latn,18197,67,1,0.03389831
sts,eng_Latn,18217,▁Gold,1,0.03389831
sts,eng_Latn,18231,▁basis,1,0.03389831
sts,eng_Latn,18276,▁house,1,0.03389831
sts,eng_Latn,18345,old,7,0.23728814
sts,eng_Latn,18374,▁October,1,0.03389831
sts,eng_Latn,18507,▁class,1,0.03389831
sts,eng_Latn,18636,▁આવે,1,0.03389831
sts,eng_Latn,18666,sau,1,0.03389831
sts,eng_Latn,18738,▁fle,1,0.03389831
sts,eng_Latn,18822,▁believe,1,0.03389831
sts,eng_Latn,18925,▁today,1,0.03389831
sts,eng_Latn,19085,▁party,3,0.10169492
sts,eng_Latn,19095,▁bring,1,0.03389831
sts,eng_Latn,19096,▁sand,1,0.03389831
sts,eng_Latn,19215,▁Nas,1,0.03389831
sts,eng_Latn,19279,Ex,1,0.03389831
sts,eng_Latn,19283,CS,1,0.03389831
sts,eng_Latn,19298,dle,1,0.03389831
sts,eng_Latn,19309,late,1,0.03389831
sts,eng_Latn,19441,▁having,1,0.03389831
sts,eng_Latn,19514,tting,1,0.03389831
sts,eng_Latn,19652,વું,1,0.03389831
sts,eng_Latn,19713,▁least,1,0.03389831
sts,eng_Latn,19915,dde,1,0.03389831
sts,eng_Latn,20020,▁children,5,0.16949153
sts,eng_Latn,20208,▁Baba,1,0.03389831
sts,eng_Latn,20271,▁during,1,0.03389831
sts,eng_Latn,20594,▁doing,1,0.03389831
sts,eng_Latn,20697,▁working,2,0.06779661
sts,eng_Latn,20744,▁Standard,1,0.03389831
sts,eng_Latn,20809,▁prime,2,0.06779661
sts,eng_Latn,20868,▁ત,1,0.03389831
sts,eng_Latn,20949,▁getting,3,0.10169492
sts,eng_Latn,21115,▁group,1,0.03389831
sts,eng_Latn,21182,▁વાત,1,0.03389831
sts,eng_Latn,21185,▁cool,1,0.03389831
sts,eng_Latn,21208,▁though,2,0.06779661
sts,eng_Latn,21231,see,1,0.03389831
sts,eng_Latn,21334,▁large,2,0.06779661
sts,eng_Latn,21373,▁similar,1,0.03389831
sts,eng_Latn,21629,▁America,1,0.03389831
sts,eng_Latn,21721,▁complet,1,0.03389831
sts,eng_Latn,21722,▁skin,1,0.03389831
sts,eng_Latn,21771,▁already,1,0.03389831
sts,eng_Latn,22299,▁credit,1,0.03389831
sts,eng_Latn,22584,service,1,0.03389831
sts,eng_Latn,22691,▁provide,1,0.03389831
sts,eng_Latn,22759,▁four,1,0.03389831
sts,eng_Latn,22799,▁key,1,0.03389831
sts,eng_Latn,23040,▁girl,5,0.16949153
sts,eng_Latn,23113,▁formal,1,0.03389831
sts,eng_Latn,23179,▁office,2,0.06779661
sts,eng_Latn,23191,▁ની,1,0.03389831
sts,eng_Latn,23295,▁country,6,0.20338983
sts,eng_Latn,23468,▁easy,1,0.03389831
sts,eng_Latn,23552,▁half,1,0.03389831
sts,eng_Latn,23991,▁fiscal,2,0.06779661
sts,eng_Latn,24284,▁minister,7,0.23728814
sts,eng_Latn,24291,250,1,0.03389831
sts,eng_Latn,24372,▁After,1,0.03389831
sts,eng_Latn,24725,▁impact,1,0.03389831
sts,eng_Latn,24793,▁women,1,0.03389831
sts,eng_Latn,24890,▁Ltd,1,0.03389831
sts,eng_Latn,25055,▁14-,1,0.03389831
sts,eng_Latn,25134,▁South,1,0.03389831
sts,eng_Latn,25225,▁enjoy,2,0.06779661
sts,eng_Latn,25251,ors,1,0.03389831
sts,eng_Latn,25299,▁boy,2,0.06779661
sts,eng_Latn,25500,tain,1,0.03389831
sts,eng_Latn,25534,▁charge,3,0.10169492
sts,eng_Latn,25607,online,1,0.03389831
sts,eng_Latn,25617,west,1,0.03389831
sts,eng_Latn,25667,cular,1,0.03389831
sts,eng_Latn,25689,▁Thank,1,0.03389831
sts,eng_Latn,25817,વામાં,1,0.03389831
sts,eng_Latn,25842,▁together,3,0.10169492
sts,eng_Latn,25865,▁મને,1,0.03389831
sts,eng_Latn,25876,wood,1,0.03389831
sts,eng_Latn,25944,▁push,1,0.03389831
sts,eng_Latn,25966,▁13-,1,0.03389831
sts,eng_Latn,26349,▁city,1,0.03389831
sts,eng_Latn,26366,▁figure,1,0.03389831
sts,eng_Latn,26531,cess,2,0.06779661
sts,eng_Latn,26719,▁including,1,0.03389831
sts,eng_Latn,26908,▁community,1,0.03389831
sts,eng_Latn,26976,ery,1,0.03389831
sts,eng_Latn,26983,▁travel,1,0.03389831
sts,eng_Latn,27150,▁young,3,0.10169492
sts,eng_Latn,27165,▁law,1,0.03389831
sts,eng_Latn,27226,▁low,1,0.03389831
sts,eng_Latn,27759,▁government,4,0.13559322
sts,eng_Latn,27853,cket,1,0.03389831
sts,eng_Latn,28032,▁within,1,0.03389831
sts,eng_Latn,28177,ribu,1,0.03389831
sts,eng_Latn,28271,▁whole,2,0.06779661
sts,eng_Latn,28560,▁track,1,0.03389831
sts,eng_Latn,28960,▁follow,3,0.10169492
sts,eng_Latn,29041,▁child,4,0.13559322
sts,eng_Latn,29114,▁offen,5,0.16949153
sts,eng_Latn,29117,▁Add,3,0.10169492
sts,eng_Latn,29367,ized,2,0.06779661
sts,eng_Latn,29459,▁mean,1,0.03389831
sts,eng_Latn,29685,▁court,1,0.03389831
sts,eng_Latn,29823,▁address,2,0.06779661
sts,eng_Latn,30378,▁projecte,2,0.06779661
sts,eng_Latn,30441,ever,1,0.03389831
sts,eng_Latn,30590,sque,1,0.03389831
sts,eng_Latn,30688,▁તેને,1,0.03389831
sts,eng_Latn,30715,▁England,3,0.10169492
sts,eng_Latn,30745,▁told,3,0.10169492
sts,eng_Latn,30783,▁fear,1,0.03389831
sts,eng_Latn,30843,▁cau,1,0.03389831
sts,eng_Latn,30916,▁પરંતુ,1,0.03389831
sts,eng_Latn,31089,▁issue,3,0.10169492
sts,eng_Latn,31236,▁doz,1,0.03389831
sts,eng_Latn,31267,▁Even,1,0.03389831
sts,eng_Latn,31316,તિ,1,0.03389831
sts,eng_Latn,31351,▁rid,1,0.03389831
sts,eng_Latn,31358,▁leave,2,0.06779661
sts,eng_Latn,31384,▁Some,1,0.03389831
sts,eng_Latn,31577,▁trying,1,0.03389831
sts,eng_Latn,31635,▁reason,1,0.03389831
sts,eng_Latn,31815,▁daily,2,0.06779661
sts,eng_Latn,32070,▁age,4,0.13559322
sts,eng_Latn,32255,▁These,1,0.03389831
sts,eng_Latn,32603,▁investiga,2,0.06779661
sts,eng_Latn,32964,▁Two,4,0.13559322
sts,eng_Latn,33632,ife,2,0.06779661
sts,eng_Latn,33720,▁nothing,1,0.03389831
sts,eng_Latn,33744,▁Minister,3,0.10169492
sts,eng_Latn,33816,▁road,1,0.03389831
sts,eng_Latn,33946,▁interest,2,0.06779661
sts,eng_Latn,33976,▁building,1,0.03389831
sts,eng_Latn,34376,▁kids,1,0.03389831
sts,eng_Latn,34475,▁given,1,0.03389831
sts,eng_Latn,34601,scribe,1,0.03389831
sts,eng_Latn,34658,▁held,1,0.03389831
sts,eng_Latn,34698,▁feeling,1,0.03389831
sts,eng_Latn,34739,▁took,1,0.03389831
sts,eng_Latn,34754,▁development,1,0.03389831
sts,eng_Latn,34798,▁Report,1,0.03389831
sts,eng_Latn,34831,▁handle,1,0.03389831
sts,eng_Latn,34844,▁difficult,1,0.03389831
sts,eng_Latn,35006,▁scar,1,0.03389831
sts,eng_Latn,35011,▁white,2,0.06779661
sts,eng_Latn,35064,▁below,2,0.06779661
sts,eng_Latn,35142,▁deal,2,0.06779661
sts,eng_Latn,35206,▁police,2,0.06779661
sts,eng_Latn,35340,▁Sid,1,0.03389831
sts,eng_Latn,35707,▁appro,1,0.03389831
sts,eng_Latn,35971,▁taking,1,0.03389831
sts,eng_Latn,36008,▁asian,1,0.03389831
sts,eng_Latn,36766,▁whether,2,0.06779661
sts,eng_Latn,36802,▁hear,1,0.03389831
sts,eng_Latn,36917,▁above,1,0.03389831
sts,eng_Latn,37301,▁newsletter,1,0.03389831
sts,eng_Latn,37348,▁issues,1,0.03389831
sts,eng_Latn,37499,sters,1,0.03389831
sts,eng_Latn,37515,▁strong,1,0.03389831
sts,eng_Latn,37700,▁Smith,1,0.03389831
sts,eng_Latn,38134,▁wide,3,0.10169492
sts,eng_Latn,38516,▁potential,1,0.03389831
sts,eng_Latn,38529,eign,1,0.03389831
sts,eng_Latn,38629,▁$1,2,0.06779661
sts,eng_Latn,38821,TN,1,0.03389831
sts,eng_Latn,38825,▁ઉપર,1,0.03389831
sts,eng_Latn,39210,▁common,1,0.03389831
sts,eng_Latn,39501,▁situat,2,0.06779661
sts,eng_Latn,39544,▁watch,3,0.10169492
sts,eng_Latn,39734,▁treatment,1,0.03389831
sts,eng_Latn,39746,▁resist,1,0.03389831
sts,eng_Latn,39958,▁taken,1,0.03389831
sts,eng_Latn,39967,▁Christi,1,0.03389831
sts,eng_Latn,40101,▁either,1,0.03389831
sts,eng_Latn,40381,ગી,1,0.03389831
sts,eng_Latn,40478,▁Williams,1,0.03389831
sts,eng_Latn,40485,▁wait,1,0.03389831
sts,eng_Latn,40781,▁lunch,1,0.03389831
sts,eng_Latn,40930,pendi,1,0.03389831
sts,eng_Latn,40989,▁dress,1,0.03389831
sts,eng_Latn,41021,▁People,4,0.13559322
sts,eng_Latn,41097,▁Point,1,0.03389831
sts,eng_Latn,41184,▁109,1,0.03389831
sts,eng_Latn,41206,▁expect,1,0.03389831
sts,eng_Latn,41324,cking,1,0.03389831
sts,eng_Latn,41535,rash,2,0.06779661
sts,eng_Latn,41550,▁Steve,1,0.03389831
sts,eng_Latn,41640,▁2019.,1,0.03389831
sts,eng_Latn,41961,▁Turn,5,0.16949153
sts,eng_Latn,42459,▁suggest,1,0.03389831
sts,eng_Latn,42732,▁mother,1,0.03389831
sts,eng_Latn,42878,▁Indian,1,0.03389831
sts,eng_Latn,43257,▁rather,1,0.03389831
sts,eng_Latn,43328,▁parking,1,0.03389831
sts,eng_Latn,43334,▁dark,1,0.03389831
sts,eng_Latn,43573,▁near,2,0.06779661
sts,eng_Latn,43599,▁gap,4,0.13559322
sts,eng_Latn,43904,▁population,1,0.03389831
sts,eng_Latn,44286,grade,2,0.06779661
sts,eng_Latn,44457,▁field,1,0.03389831
sts,eng_Latn,44462,hood,1,0.03389831
sts,eng_Latn,44471,▁ત્યાં,3,0.10169492
sts,eng_Latn,44691,▁wrong,1,0.03389831
sts,eng_Latn,44726,wick,1,0.03389831
sts,eng_Latn,44816,▁Head,1,0.03389831
sts,eng_Latn,44930,▁policy,1,0.03389831
sts,eng_Latn,45367,▁build,1,0.03389831
sts,eng_Latn,45559,▁incident,5,0.16949153
sts,eng_Latn,45646,▁structure,1,0.03389831
sts,eng_Latn,45773,▁116,1,0.03389831
sts,eng_Latn,45831,▁shows,2,0.06779661
sts,eng_Latn,45880,▁bid,1,0.03389831
sts,eng_Latn,46505,▁occasion,1,0.03389831
sts,eng_Latn,46520,▁beach,2,0.06779661
sts,eng_Latn,46622,▁clean,1,0.03389831
sts,eng_Latn,46667,▁woman,7,0.23728814
sts,eng_Latn,46741,tail,1,0.03389831
sts,eng_Latn,46799,year,8,0.27118644
sts,eng_Latn,46824,▁crime,1,0.03389831
sts,eng_Latn,47041,▁likely,2,0.06779661
sts,eng_Latn,47231,▁Pier,1,0.03389831
sts,eng_Latn,47416,word,1,0.03389831
sts,eng_Latn,47589,▁glass,1,0.03389831
sts,eng_Latn,47763,▁score,1,0.03389831
sts,eng_Latn,48225,▁direction,1,0.03389831
sts,eng_Latn,48400,1.2,1,0.03389831
sts,eng_Latn,48838,▁Sign,1,0.03389831
sts,eng_Latn,48877,"▁31,",1,0.03389831
sts,eng_Latn,48903,▁seem,1,0.03389831
sts,eng_Latn,49057,▁Category,1,0.03389831
sts,eng_Latn,49602,▁criminal,3,0.10169492
sts,eng_Latn,49636,▁તરીકે,1,0.03389831
sts,eng_Latn,49726,▁picture,2,0.06779661
sts,eng_Latn,49814,▁added,2,0.06779661
sts,eng_Latn,50218,▁cases,2,0.06779661
sts,eng_Latn,50256,rain,1,0.03389831
sts,eng_Latn,50266,▁Tap,1,0.03389831
sts,eng_Latn,50782,▁outside,1,0.03389831
sts,eng_Latn,50961,▁construction,1,0.03389831
sts,eng_Latn,50997,▁green,1,0.03389831
sts,eng_Latn,51042,▁running,3,0.10169492
sts,eng_Latn,51312,▁increase,1,0.03389831
sts,eng_Latn,51404,▁While,1,0.03389831
sts,eng_Latn,51446,▁વચ્ચે,1,0.03389831
sts,eng_Latn,51515,▁approach,1,0.03389831
sts,eng_Latn,51592,▁seen,1,0.03389831
sts,eng_Latn,51816,▁અથવા,1,0.03389831
sts,eng_Latn,51876,▁shot,1,0.03389831
sts,eng_Latn,52250,▁Sav,1,0.03389831
sts,eng_Latn,52562,road,2,0.06779661
sts,eng_Latn,52694,▁Baha,4,0.13559322
sts,eng_Latn,53329,▁માત્ર,1,0.03389831
sts,eng_Latn,53333,▁further,2,0.06779661
sts,eng_Latn,53418,▁cannot,3,0.10169492
sts,eng_Latn,53731,▁(23,1,0.03389831
sts,eng_Latn,54180,▁films,1,0.03389831
sts,eng_Latn,54427,▁village,1,0.03389831
sts,eng_Latn,54452,▁release,1,0.03389831
sts,eng_Latn,54479,▁voice,2,0.06779661
sts,eng_Latn,54568,alde,1,0.03389831
sts,eng_Latn,54632,▁જેમ,1,0.03389831
sts,eng_Latn,54802,▁wale,1,0.03389831
sts,eng_Latn,54940,▁among,1,0.03389831
sts,eng_Latn,55243,▁અપ,1,0.03389831
sts,eng_Latn,55412,▁Figur,1,0.03389831
sts,eng_Latn,55680,▁વિશે,1,0.03389831
sts,eng_Latn,56051,ELL,1,0.03389831
sts,eng_Latn,56195,▁Prime,2,0.06779661
sts,eng_Latn,56282,▁prevent,1,0.03389831
sts,eng_Latn,56566,▁depend,1,0.03389831
sts,eng_Latn,56661,▁talking,1,0.03389831
sts,eng_Latn,57131,▁આપણે,1,0.03389831
sts,eng_Latn,57137,▁privacy,1,0.03389831
sts,eng_Latn,57377,▁Haz,1,0.03389831
sts,eng_Latn,57532,▁દા,1,0.03389831
sts,eng_Latn,58050,▁જોઈએ,1,0.03389831
sts,eng_Latn,58555,▁areas,1,0.03389831
sts,eng_Latn,58585,▁player,2,0.06779661
sts,eng_Latn,58685,▁Sebastian,1,0.03389831
sts,eng_Latn,58954,▁wasn,1,0.03389831
sts,eng_Latn,58982,▁wall,1,0.03389831
sts,eng_Latn,59076,Min,1,0.03389831
sts,eng_Latn,59527,▁Tata,6,0.20338983
sts,eng_Latn,59671,▁seven,2,0.06779661
sts,eng_Latn,60097,▁king,1,0.03389831
sts,eng_Latn,60322,▁notice,1,0.03389831
sts,eng_Latn,60475,સર,1,0.03389831
sts,eng_Latn,60636,ncing,1,0.03389831
sts,eng_Latn,61320,bn,2,0.06779661
sts,eng_Latn,61475,▁initial,1,0.03389831
sts,eng_Latn,61823,scribi,1,0.03389831
sts,eng_Latn,62567,▁Industrie,1,0.03389831
sts,eng_Latn,63284,▁ensure,1,0.03389831
sts,eng_Latn,63805,▁statement,3,0.10169492
sts,eng_Latn,64371,▁2021,1,0.03389831
sts,eng_Latn,64881,▁premis,1,0.03389831
sts,eng_Latn,65272,▁west,1,0.03389831
sts,eng_Latn,65641,▁HAR,1,0.03389831
sts,eng_Latn,66038,▁rating,1,0.03389831
sts,eng_Latn,66364,▁મેં,1,0.03389831
sts,eng_Latn,66933,▁spent,1,0.03389831
sts,eng_Latn,67009,▁Asian,1,0.03389831
sts,eng_Latn,67688,round,1,0.03389831
sts,eng_Latn,67919,level,1,0.03389831
sts,eng_Latn,68089,-2020,1,0.03389831
sts,eng_Latn,68236,▁capita,1,0.03389831
sts,eng_Latn,68326,▁Bett,1,0.03389831
sts,eng_Latn,68772,▁giving,1,0.03389831
sts,eng_Latn,68823,rail,1,0.03389831
sts,eng_Latn,69340,▁Editor,1,0.03389831
sts,eng_Latn,69407,▁terms,1,0.03389831
sts,eng_Latn,69527,nell,1,0.03389831
sts,eng_Latn,69686,▁tennis,2,0.06779661
sts,eng_Latn,69723,know,1,0.03389831
sts,eng_Latn,69924,▁activities,1,0.03389831
sts,eng_Latn,70425,▁poor,1,0.03389831
sts,eng_Latn,70634,▁resort,1,0.03389831
sts,eng_Latn,71390,▁husband,1,0.03389831
sts,eng_Latn,71407,ically,1,0.03389831
sts,eng_Latn,71864,▁avoid,3,0.10169492
sts,eng_Latn,72110,▁Police,5,0.16949153
sts,eng_Latn,72382,▁benefits,1,0.03389831
sts,eng_Latn,72399,▁late,1,0.03389831
sts,eng_Latn,72563,▁facto,1,0.03389831
sts,eng_Latn,72992,estima,1,0.03389831
sts,eng_Latn,73203,▁eat,1,0.03389831
sts,eng_Latn,73436,▁Holding,1,0.03389831
sts,eng_Latn,73538,▁Kapoor,1,0.03389831
sts,eng_Latn,73962,▁newspaper,1,0.03389831
sts,eng_Latn,73986,▁theme,1,0.03389831
sts,eng_Latn,74729,▁consistent,1,0.03389831
sts,eng_Latn,75169,▁playing,2,0.06779661
sts,eng_Latn,75412,▁involved,2,0.06779661
sts,eng_Latn,75447,▁alone,1,0.03389831
sts,eng_Latn,75616,quest,5,0.16949153
sts,eng_Latn,76017,▁roa,1,0.03389831
sts,eng_Latn,76319,▁materials,1,0.03389831
sts,eng_Latn,76615,▁background,1,0.03389831
sts,eng_Latn,76896,▁window,1,0.03389831
sts,eng_Latn,77007,based,1,0.03389831
sts,eng_Latn,77021,▁investment,1,0.03389831
sts,eng_Latn,77076,▁storm,1,0.03389831
sts,eng_Latn,77261,▁Kent,4,0.13559322
sts,eng_Latn,77336,▁variable,1,0.03389831
sts,eng_Latn,77546,▁higher,1,0.03389831
sts,eng_Latn,77590,▁Conce,1,0.03389831
sts,eng_Latn,77635,▁projects,1,0.03389831
sts,eng_Latn,78201,▁Ryan,1,0.03389831
sts,eng_Latn,79986,▁rule,1,0.03389831
sts,eng_Latn,80585,urri,1,0.03389831
sts,eng_Latn,80923,▁chair,1,0.03389831
sts,eng_Latn,80973,ential,1,0.03389831
sts,eng_Latn,81147,▁pressure,3,0.10169492
sts,eng_Latn,81163,▁Finance,1,0.03389831
sts,eng_Latn,81273,▁ability,2,0.06779661
sts,eng_Latn,81431,ત્વ,1,0.03389831
sts,eng_Latn,81826,How,1,0.03389831
sts,eng_Latn,81843,▁election,1,0.03389831
sts,eng_Latn,81887,▁attempt,1,0.03389831
sts,eng_Latn,82393,▁dance,1,0.03389831
sts,eng_Latn,82424,▁currently,1,0.03389831
sts,eng_Latn,82466,▁finance,5,0.16949153
sts,eng_Latn,82501,heb,1,0.03389831
sts,eng_Latn,82588,▁Wales,2,0.06779661
sts,eng_Latn,83230,▁Chemi,1,0.03389831
sts,eng_Latn,83489,▁2020.,1,0.03389831
sts,eng_Latn,84616,▁forces,2,0.06779661
sts,eng_Latn,84751,▁expected,1,0.03389831
sts,eng_Latn,84770,▁radar,2,0.06779661
sts,eng_Latn,85325,▁illegal,1,0.03389831
sts,eng_Latn,85358,▁carry,2,0.06779661
sts,eng_Latn,86052,▁administration,1,0.03389831
sts,eng_Latn,86352,▁busy,1,0.03389831
sts,eng_Latn,86553,cane,1,0.03389831
sts,eng_Latn,86681,▁seeing,1,0.03389831
sts,eng_Latn,86697,▁FREE,1,0.03389831
sts,eng_Latn,86991,▁middle,2,0.06779661
sts,eng_Latn,87024,▁deficit,2,0.06779661
sts,eng_Latn,87338,▁justice,1,0.03389831
sts,eng_Latn,87607,▁truly,1,0.03389831
sts,eng_Latn,88308,▁trick,1,0.03389831
sts,eng_Latn,88551,▁significant,1,0.03389831
sts,eng_Latn,88965,▁emotional,1,0.03389831
sts,eng_Latn,90926,▁levels,1,0.03389831
sts,eng_Latn,90967,-2009,1,0.03389831
sts,eng_Latn,91084,▁meaning,2,0.06779661
sts,eng_Latn,91763,▁income,5,0.16949153
sts,eng_Latn,92054,▁predict,1,0.03389831
sts,eng_Latn,92319,▁lower,1,0.03389831
sts,eng_Latn,92416,▁Government,4,0.13559322
sts,eng_Latn,92610,▁suspect,4,0.13559322
sts,eng_Latn,93367,▁ભૂલ,1,0.03389831
sts,eng_Latn,93905,rious,1,0.03389831
sts,eng_Latn,94518,▁laugh,1,0.03389831
sts,eng_Latn,95771,▁audience,1,0.03389831
sts,eng_Latn,95934,▁sover,1,0.03389831
sts,eng_Latn,96113,▁river,1,0.03389831
sts,eng_Latn,96222,illion,1,0.03389831
sts,eng_Latn,98145,▁outdoor,2,0.06779661
sts,eng_Latn,98433,િયન,2,0.06779661
sts,eng_Latn,98441,▁steps,2,0.06779661
sts,eng_Latn,98567,▁moving,1,0.03389831
sts,eng_Latn,98870,▁rich,2,0.06779661
sts,eng_Latn,99041,▁Alban,1,0.03389831
sts,eng_Latn,99162,▁heavy,1,0.03389831
sts,eng_Latn,99342,▁Very,1,0.03389831
sts,eng_Latn,99839,▁Lyon,1,0.03389831
sts,eng_Latn,100199,દ્ધ,1,0.03389831
sts,eng_Latn,100348,▁cabinet,1,0.03389831
sts,eng_Latn,100708,▁Wilson,1,0.03389831
sts,eng_Latn,100862,▁Cameron,1,0.03389831
sts,eng_Latn,101935,▁numbers,2,0.06779661
sts,eng_Latn,102044,▁rain,1,0.03389831
sts,eng_Latn,102256,▁Middle,1,0.03389831
sts,eng_Latn,102310,▁blow,1,0.03389831
sts,eng_Latn,104272,fortuna,1,0.03389831
sts,eng_Latn,104687,▁urge,1,0.03389831
sts,eng_Latn,105925,▁growing,1,0.03389831
sts,eng_Latn,106926,▁argu,1,0.03389831
sts,eng_Latn,108047,square,1,0.03389831
sts,eng_Latn,109026,▁અર્થ,1,0.03389831
sts,eng_Latn,109028,▁Steel,1,0.03389831
sts,eng_Latn,109412,▁wood,1,0.03389831
sts,eng_Latn,110298,▁શક્ય,1,0.03389831
sts,eng_Latn,110342,▁alert,1,0.03389831
sts,eng_Latn,110518,▁nearly,1,0.03389831
sts,eng_Latn,110608,gly,1,0.03389831
sts,eng_Latn,110680,▁earlier,1,0.03389831
sts,eng_Latn,111233,▁BAT,1,0.03389831
sts,eng_Latn,111240,▁manage,1,0.03389831
sts,eng_Latn,111503,▁economy,2,0.06779661
sts,eng_Latn,111531,▁extremely,1,0.03389831
sts,eng_Latn,111649,▁horse,1,0.03389831
sts,eng_Latn,111789,▁macro,4,0.13559322
sts,eng_Latn,112518,▁paint,1,0.03389831
sts,eng_Latn,113028,ફા,1,0.03389831
sts,eng_Latn,113054,▁obtain,1,0.03389831
sts,eng_Latn,114210,▁older,1,0.03389831
sts,eng_Latn,115034,▁Rs,1,0.03389831
sts,eng_Latn,115058,▁seemed,1,0.03389831
sts,eng_Latn,115081,▁passed,1,0.03389831
sts,eng_Latn,115136,▁Matthew,1,0.03389831
sts,eng_Latn,115364,▁Metropolitan,1,0.03389831
sts,eng_Latn,115982,▁boys,1,0.03389831
sts,eng_Latn,116127,▁adults,1,0.03389831
sts,eng_Latn,116483,▁speech,1,0.03389831
sts,eng_Latn,116702,▁Mood,1,0.03389831
sts,eng_Latn,116959,There,1,0.03389831
sts,eng_Latn,117249,▁states,1,0.03389831
sts,eng_Latn,117287,▁kniv,3,0.10169492
sts,eng_Latn,117303,▁prose,1,0.03389831
sts,eng_Latn,117385,મૂ,2,0.06779661
sts,eng_Latn,117435,વત,1,0.03389831
sts,eng_Latn,117776,▁female,1,0.03389831
sts,eng_Latn,117878,9.5,1,0.03389831
sts,eng_Latn,118055,▁increasing,1,0.03389831
sts,eng_Latn,118201,arrow,1,0.03389831
sts,eng_Latn,118620,▁putting,1,0.03389831
sts,eng_Latn,118775,▁appeared,1,0.03389831
sts,eng_Latn,118992,▁eating,1,0.03389831
sts,eng_Latn,119629,▁ઓળખ,1,0.03389831
sts,eng_Latn,120332,▁threat,1,0.03389831
sts,eng_Latn,121293,▁chain,1,0.03389831
sts,eng_Latn,121612,▁Fiscal,1,0.03389831
sts,eng_Latn,122273,▁reveal,1,0.03389831
sts,eng_Latn,122395,▁walking,1,0.03389831
sts,eng_Latn,122700,▁Pain,1,0.03389831
sts,eng_Latn,122921,▁agency,1,0.03389831
sts,eng_Latn,122925,▁shift,1,0.03389831
sts,eng_Latn,123089,▁Provide,5,0.16949153
sts,eng_Latn,123789,▁frame,1,0.03389831
sts,eng_Latn,124735,▁increased,1,0.03389831
sts,eng_Latn,125458,math,1,0.03389831
sts,eng_Latn,126432,▁nefa,1,0.03389831
sts,eng_Latn,126946,▁stair,1,0.03389831
sts,eng_Latn,127067,▁south,2,0.06779661
sts,eng_Latn,127298,▁therefore,1,0.03389831
sts,eng_Latn,127752,▁contribution,1,0.03389831
sts,eng_Latn,127887,▁shown,1,0.03389831
sts,eng_Latn,128607,2021,1,0.03389831
sts,eng_Latn,129335,▁Three,2,0.06779661
sts,eng_Latn,129384,ggle,1,0.03389831
sts,eng_Latn,129842,▁sitting,1,0.03389831
sts,eng_Latn,130199,્તિ,1,0.03389831
sts,eng_Latn,130815,▁debt,1,0.03389831
sts,eng_Latn,131101,▁yesterday,2,0.06779661
sts,eng_Latn,131703,▁laws,1,0.03389831
sts,eng_Latn,132556,▁Seven,1,0.03389831
sts,eng_Latn,132641,flower,1,0.03389831
sts,eng_Latn,132988,▁border,1,0.03389831
sts,eng_Latn,133325,▁workers,2,0.06779661
sts,eng_Latn,134019,▁Subscribe,1,0.03389831
sts,eng_Latn,134105,▁zombie,1,0.03389831
sts,eng_Latn,134369,shore,1,0.03389831
sts,eng_Latn,135009,▁મળ,1,0.03389831
sts,eng_Latn,135203,▁standing,1,0.03389831
sts,eng_Latn,136475,▁continued,1,0.03389831
sts,eng_Latn,136563,7.5,1,0.03389831
sts,eng_Latn,136622,▁continues,1,0.03389831
sts,eng_Latn,137107,▁thousands,1,0.03389831
sts,eng_Latn,137977,▁Tribun,3,0.10169492
sts,eng_Latn,139355,▁possession,1,0.03389831
sts,eng_Latn,140533,▁spending,2,0.06779661
sts,eng_Latn,141775,avour,2,0.06779661
sts,eng_Latn,141840,cession,2,0.06779661
sts,eng_Latn,142105,▁largest,2,0.06779661
sts,eng_Latn,142172,▁weapon,2,0.06779661
sts,eng_Latn,142837,▁concerned,1,0.03389831
sts,eng_Latn,144209,મિલ,2,0.06779661
sts,eng_Latn,144732,▁majority,5,0.16949153
sts,eng_Latn,145101,▁Banc,1,0.03389831
sts,eng_Latn,145456,▁investigation,1,0.03389831
sts,eng_Latn,146049,building,1,0.03389831
sts,eng_Latn,146393,▁Josh,1,0.03389831
sts,eng_Latn,146651,▁blade,2,0.06779661
sts,eng_Latn,147006,stemming,1,0.03389831
sts,eng_Latn,147307,▁$5,1,0.03389831
sts,eng_Latn,148097,▁Nathan,1,0.03389831
sts,eng_Latn,149509,▁cruise,1,0.03389831
sts,eng_Latn,150481,▁Mirror,1,0.03389831
sts,eng_Latn,151138,ifying,1,0.03389831
sts,eng_Latn,151159,2022,1,0.03389831
sts,eng_Latn,152004,▁હજુ,1,0.03389831
sts,eng_Latn,152319,▁sculpt,1,0.03389831
sts,eng_Latn,152838,▁taxes,1,0.03389831
sts,eng_Latn,153579,▁responsibility,2,0.06779661
sts,eng_Latn,156206,▁youth,1,0.03389831
sts,eng_Latn,156615,▁Five,2,0.06779661
sts,eng_Latn,156892,▁caught,1,0.03389831
sts,eng_Latn,157796,▁bathroom,1,0.03389831
sts,eng_Latn,158200,▁afraid,1,0.03389831
sts,eng_Latn,158566,▁possess,1,0.03389831
sts,eng_Latn,158839,▁resolution,1,0.03389831
sts,eng_Latn,159634,▁infection,1,0.03389831
sts,eng_Latn,159931,▁poses,1,0.03389831
sts,eng_Latn,160020,▁nurse,1,0.03389831
sts,eng_Latn,160641,▁residents,1,0.03389831
sts,eng_Latn,161388,▁Warner,1,0.03389831
sts,eng_Latn,161454,▁Gujarat,2,0.06779661
sts,eng_Latn,161789,quality,2,0.06779661
sts,eng_Latn,162333,▁offensiv,1,0.03389831
sts,eng_Latn,163164,▁Ferrer,1,0.03389831
sts,eng_Latn,164724,▁સત્ય,2,0.06779661
sts,eng_Latn,165131,479,1,0.03389831
sts,eng_Latn,165439,economic,4,0.13559322
sts,eng_Latn,166513,▁teenager,1,0.03389831
sts,eng_Latn,166643,secuti,2,0.06779661
sts,eng_Latn,167201,▁transformation,1,0.03389831
sts,eng_Latn,167244,▁sanction,1,0.03389831
sts,eng_Latn,167499,▁Chocolate,1,0.03389831
sts,eng_Latn,167626,▁Poor,1,0.03389831
sts,eng_Latn,167785,▁bigger,1,0.03389831
sts,eng_Latn,168360,▁showed,1,0.03389831
sts,eng_Latn,169022,▁reasonable,1,0.03389831
sts,eng_Latn,170224,closure,1,0.03389831
sts,eng_Latn,170918,▁Parent,1,0.03389831
sts,eng_Latn,172040,▁crew,1,0.03389831
sts,eng_Latn,172552,▁Usman,1,0.03389831
sts,eng_Latn,173212,balance,1,0.03389831
sts,eng_Latn,174033,▁cleaning,1,0.03389831
sts,eng_Latn,174822,related,1,0.03389831
sts,eng_Latn,176016,▁celebrate,1,0.03389831
sts,eng_Latn,177135,Tapi,1,0.03389831
sts,eng_Latn,178829,▁painting,1,0.03389831
sts,eng_Latn,179065,▁cooking,1,0.03389831
sts,eng_Latn,179365,▁marathon,1,0.03389831
sts,eng_Latn,179493,▁wearing,1,0.03389831
sts,eng_Latn,179635,▁considering,1,0.03389831
sts,eng_Latn,180010,▁અસ,1,0.03389831
sts,eng_Latn,180187,▁wealth,1,0.03389831
sts,eng_Latn,180950,▁clothes,1,0.03389831
sts,eng_Latn,181268,▁Large,1,0.03389831
sts,eng_Latn,181798,▁Mitchell,1,0.03389831
sts,eng_Latn,182378,▁Recipe,1,0.03389831
sts,eng_Latn,183037,▁specifically,1,0.03389831
sts,eng_Latn,184308,keeper,1,0.03389831
sts,eng_Latn,185464,▁Cabinet,3,0.10169492
sts,eng_Latn,188774,Thank,2,0.06779661
sts,eng_Latn,189173,▁sharp,1,0.03389831
sts,eng_Latn,191147,▁Could,1,0.03389831
sts,eng_Latn,191984,▁effectively,1,0.03389831
sts,eng_Latn,192026,▁recover,1,0.03389831
sts,eng_Latn,192298,▁swimming,1,0.03389831
sts,eng_Latn,192961,▁extent,1,0.03389831
sts,eng_Latn,193726,▁replied,1,0.03389831
sts,eng_Latn,198274,▁opposite,1,0.03389831
sts,eng_Latn,198395,▁previously,1,0.03389831
sts,eng_Latn,202120,▁assess,1,0.03389831
sts,eng_Latn,204610,while,1,0.03389831
sts,eng_Latn,204988,▁necessarily,2,0.06779661
sts,eng_Latn,207048,▁authorities,1,0.03389831
sts,eng_Latn,212423,employed,1,0.03389831
sts,eng_Latn,215542,▁actress,1,0.03389831
sts,eng_Latn,216960,Image,1,0.03389831
sts,eng_Latn,219892,▁Hubert,1,0.03389831
sts,eng_Latn,221431,▁Sunshine,1,0.03389831
sts,eng_Latn,223606,▁Parliament,1,0.03389831
sts,eng_Latn,225006,▁forecast,1,0.03389831
sts,eng_Latn,229130,▁લખ્યું,1,0.03389831
sts,eng_Latn,230331,▁colleagues,2,0.06779661
sts,eng_Latn,238478,construction,1,0.03389831
sts,eng_Latn,240095,▁Hopefully,1,0.03389831
sts,eng_Latn,240764,▁forgotten,1,0.03389831
sts,eng_Latn,242980,▁disappointed,1,0.03389831
sts,deu_Latn,4,",",59,2.00407609
sts,deu_Latn,5,.,97,3.29483696
sts,deu_Latn,6,▁,16,0.54347826
sts,deu_Latn,7,s,34,1.15489130
sts,deu_Latn,9,-,61,2.07201087
sts,deu_Latn,11,a,2,0.06793478
sts,deu_Latn,12,:,4,0.13586957
sts,deu_Latn,13,e,48,1.63043478
sts,deu_Latn,14,i,4,0.13586957
sts,deu_Latn,15,▁(,5,0.16983696
sts,deu_Latn,16,),6,0.20380435
sts,deu_Latn,18,t,14,0.47554348
sts,deu_Latn,19,n,28,0.95108696
sts,deu_Latn,22,▁en,1,0.03396739
sts,deu_Latn,23,▁in,44,1.49456522
sts,deu_Latn,31,o,1,0.03396739
sts,deu_Latn,32,?,1,0.03396739
sts,deu_Latn,33,en,54,1.83423913
sts,deu_Latn,34,u,1,0.03396739
sts,deu_Latn,39,m,4,0.13586957
sts,deu_Latn,42,r,12,0.40760870
sts,deu_Latn,44,"▁""",8,0.27173913
sts,deu_Latn,46,▁–,6,0.20380435
sts,deu_Latn,48,▁da,1,0.03396739
sts,deu_Latn,53,y,1,0.03396739
sts,deu_Latn,56,er,10,0.33967391
sts,deu_Latn,58,"""",2,0.06793478
sts,deu_Latn,62,▁A,3,0.10190217
sts,deu_Latn,64,/,4,0.13586957
sts,deu_Latn,66,an,2,0.06793478
sts,deu_Latn,67,te,6,0.20380435
sts,deu_Latn,68,▁die,55,1.86820652
sts,deu_Latn,71,d,3,0.10190217
sts,deu_Latn,72,▁er,5,0.16983696
sts,deu_Latn,73,in,3,0.10190217
sts,deu_Latn,74,;,1,0.03396739
sts,deu_Latn,81,▁v,1,0.03396739
sts,deu_Latn,86,ne,5,0.16983696
sts,deu_Latn,90,es,2,0.06793478
sts,deu_Latn,91,▁s,1,0.03396739
sts,deu_Latn,93,ni,1,0.03396739
sts,deu_Latn,97,▁z,1,0.03396739
sts,deu_Latn,104,▁d,1,0.03396739
sts,deu_Latn,106,▁1,3,0.10190217
sts,deu_Latn,107,re,1,0.03396739
sts,deu_Latn,112,de,2,0.06793478
sts,deu_Latn,118,ti,1,0.03396739
sts,deu_Latn,121,▁para,1,0.03396739
sts,deu_Latn,122,▁der,66,2.24184783
sts,deu_Latn,126,et,2,0.06793478
sts,deu_Latn,127,h,2,0.06793478
sts,deu_Latn,133,le,2,0.06793478
sts,deu_Latn,137,▁„,21,0.71331522
sts,deu_Latn,142,▁an,16,0.54347826
sts,deu_Latn,155,“,17,0.57744565
sts,deu_Latn,159,▁S,1,0.03396739
sts,deu_Latn,165,▁und,35,1.18885870
sts,deu_Latn,168,▁den,19,0.64538043
sts,deu_Latn,169,z,8,0.27173913
sts,deu_Latn,177,g,1,0.03396739
sts,deu_Latn,184,se,1,0.03396739
sts,deu_Latn,186,▁be,5,0.16983696
sts,deu_Latn,191,on,4,0.13586957
sts,deu_Latn,192,ma,2,0.06793478
sts,deu_Latn,195,em,1,0.03396739
sts,deu_Latn,198,▁es,5,0.16983696
sts,deu_Latn,206,ch,3,0.10190217
sts,deu_Latn,209,▁10,2,0.06793478
sts,deu_Latn,214,ing,3,0.10190217
sts,deu_Latn,217,it,1,0.03396739
sts,deu_Latn,221,▁so,1,0.03396739
sts,deu_Latn,224,▁des,8,0.27173913
sts,deu_Latn,238,c,1,0.03396739
sts,deu_Latn,241,▁E,1,0.03396739
sts,deu_Latn,246,do,1,0.03396739
sts,deu_Latn,247,"),",1,0.03396739
sts,deu_Latn,254,p,3,0.10190217
sts,deu_Latn,257,at,1,0.03396739
sts,deu_Latn,271,st,3,0.10190217
sts,deu_Latn,275,b,1,0.03396739
sts,deu_Latn,282,me,1,0.03396739
sts,deu_Latn,286,▁um,3,0.10190217
sts,deu_Latn,289,al,1,0.03396739
sts,deu_Latn,294,S,2,0.06793478
sts,deu_Latn,298,▁ko,1,0.03396739
sts,deu_Latn,309,un,1,0.03396739
sts,deu_Latn,316,um,2,0.06793478
sts,deu_Latn,331,kan,1,0.03396739
sts,deu_Latn,345,▁U,2,0.06793478
sts,deu_Latn,360,▁In,3,0.10190217
sts,deu_Latn,361,▁7,1,0.03396739
sts,deu_Latn,372,be,3,0.10190217
sts,deu_Latn,381,▁das,9,0.30570652
sts,deu_Latn,384,▁T,1,0.03396739
sts,deu_Latn,397,D,6,0.20380435
sts,deu_Latn,400,▁li,1,0.03396739
sts,deu_Latn,404,▁zu,21,0.71331522
sts,deu_Latn,420,f,3,0.10190217
sts,deu_Latn,428,di,1,0.03396739
sts,deu_Latn,429,ge,3,0.10190217
sts,deu_Latn,434,w,1,0.03396739
sts,deu_Latn,436,▁P,4,0.13586957
sts,deu_Latn,441,C,3,0.10190217
sts,deu_Latn,443,▁ist,12,0.40760870
sts,deu_Latn,444,▁am,4,0.13586957
sts,deu_Latn,456,▁re,1,0.03396739
sts,deu_Latn,464,im,1,0.03396739
sts,deu_Latn,474,ur,1,0.03396739
sts,deu_Latn,491,▁mit,22,0.74728261
sts,deu_Latn,493,▁ver,4,0.13586957
sts,deu_Latn,510,ten,8,0.27173913
sts,deu_Latn,527,▁G,2,0.06793478
sts,deu_Latn,542,▁von,15,0.50951087
sts,deu_Latn,555,den,4,0.13586957
sts,deu_Latn,563,▁F,4,0.13586957
sts,deu_Latn,566,▁im,12,0.40760870
sts,deu_Latn,568,I,1,0.03396739
sts,deu_Latn,594,M,1,0.03396739
sts,deu_Latn,599,▁ein,14,0.47554348
sts,deu_Latn,602,▁Si,1,0.03396739
sts,deu_Latn,605,K,2,0.06793478
sts,deu_Latn,619,▁&,1,0.03396739
sts,deu_Latn,622,▁Die,17,0.57744565
sts,deu_Latn,627,▁R,1,0.03396739
sts,deu_Latn,634,wa,2,0.06793478
sts,deu_Latn,642,▁we,1,0.03396739
sts,deu_Latn,643,▁für,11,0.37364130
sts,deu_Latn,644,▁auf,19,0.64538043
sts,deu_Latn,647,E,1,0.03396739
sts,deu_Latn,660,nt,1,0.03396739
sts,deu_Latn,663,▁Po,1,0.03396739
sts,deu_Latn,668,▁jeg,1,0.03396739
sts,deu_Latn,669,man,1,0.03396739
sts,deu_Latn,712,ad,1,0.03396739
sts,deu_Latn,720,ter,2,0.06793478
sts,deu_Latn,724,G,3,0.10190217
sts,deu_Latn,727,▁Sie,11,0.37364130
sts,deu_Latn,731,ze,1,0.03396739
sts,deu_Latn,735,gi,1,0.03396739
sts,deu_Latn,737,▁als,11,0.37364130
sts,deu_Latn,740,""".",1,0.03396739
sts,deu_Latn,745,▁dem,12,0.40760870
sts,deu_Latn,749,▁nicht,12,0.40760870
sts,deu_Latn,756,▁all,1,0.03396739
sts,deu_Latn,761,ban,5,0.16983696
sts,deu_Latn,763,pa,1,0.03396739
sts,deu_Latn,776,ben,1,0.03396739
sts,deu_Latn,805,▁100,1,0.03396739
sts,deu_Latn,814,ver,10,0.33967391
sts,deu_Latn,830,""",",2,0.06793478
sts,deu_Latn,833,▁sich,13,0.44157609
sts,deu_Latn,839,N,2,0.06793478
sts,deu_Latn,841,H,1,0.03396739
sts,deu_Latn,845,▁Je,1,0.03396739
sts,deu_Latn,866,L,1,0.03396739
sts,deu_Latn,872,ig,1,0.03396739
sts,deu_Latn,873,▁Be,9,0.30570652
sts,deu_Latn,884,▁Al,3,0.10190217
sts,deu_Latn,893,▁An,3,0.10190217
sts,deu_Latn,909,▁eine,16,0.54347826
sts,deu_Latn,921,▁auch,10,0.33967391
sts,deu_Latn,930,▁Da,1,0.03396739
sts,deu_Latn,933,ts,4,0.13586957
sts,deu_Latn,934,ach,1,0.03396739
sts,deu_Latn,947,▁Sa,2,0.06793478
sts,deu_Latn,952,▁21,1,0.03396739
sts,deu_Latn,973,ä,1,0.03396739
sts,deu_Latn,987,tur,1,0.03396739
sts,deu_Latn,988,des,1,0.03396739
sts,deu_Latn,1004,▁Er,5,0.16983696
sts,deu_Latn,1015,sen,4,0.13586957
sts,deu_Latn,1021,fa,1,0.03396739
sts,deu_Latn,1049,▁2014,1,0.03396739
sts,deu_Latn,1052,R,2,0.06793478
sts,deu_Latn,1079,▁bei,3,0.10190217
sts,deu_Latn,1098,ken,1,0.03396739
sts,deu_Latn,1121,han,1,0.03396739
sts,deu_Latn,1152,▁tra,1,0.03396739
sts,deu_Latn,1159,su,2,0.06793478
sts,deu_Latn,1177,we,1,0.03396739
sts,deu_Latn,1179,net,2,0.06793478
sts,deu_Latn,1184,▁Es,2,0.06793478
sts,deu_Latn,1204,▁Ko,1,0.03396739
sts,deu_Latn,1212,ine,1,0.03396739
sts,deu_Latn,1221,▁will,2,0.06793478
sts,deu_Latn,1225,▁wie,5,0.16983696
sts,deu_Latn,1242,".""",3,0.10190217
sts,deu_Latn,1248,▁vor,7,0.23777174
sts,deu_Latn,1256,▁hat,3,0.10190217
sts,deu_Latn,1261,▁Li,4,0.13586957
sts,deu_Latn,1276,▁sind,7,0.23777174
sts,deu_Latn,1297,ber,1,0.03396739
sts,deu_Latn,1299,bar,3,0.10190217
sts,deu_Latn,1310,▁Der,7,0.23777174
sts,deu_Latn,1312,▁aus,5,0.16983696
sts,deu_Latn,1314,ers,1,0.03396739
sts,deu_Latn,1329,▁sie,3,0.10190217
sts,deu_Latn,1331,▁werden,4,0.13586957
sts,deu_Latn,1336,ski,1,0.03396739
sts,deu_Latn,1345,▁Ke,2,0.06793478
sts,deu_Latn,1363,tion,2,0.06793478
sts,deu_Latn,1367,▁oder,4,0.13586957
sts,deu_Latn,1391,▁Ha,1,0.03396739
sts,deu_Latn,1399,ei,1,0.03396739
sts,deu_Latn,1409,gen,2,0.06793478
sts,deu_Latn,1421,▁dass,7,0.23777174
sts,deu_Latn,1430,che,3,0.10190217
sts,deu_Latn,1439,▁wir,4,0.13586957
sts,deu_Latn,1446,▁Ver,10,0.33967391
sts,deu_Latn,1459,dy,1,0.03396739
sts,deu_Latn,1479,nte,1,0.03396739
sts,deu_Latn,1505,ger,1,0.03396739
sts,deu_Latn,1511,Z,1,0.03396739
sts,deu_Latn,1515,ster,1,0.03396739
sts,deu_Latn,1561,▁nach,12,0.40760870
sts,deu_Latn,1563,▁ab,2,0.06793478
sts,deu_Latn,1566,lah,10,0.33967391
sts,deu_Latn,1619,ung,5,0.16983696
sts,deu_Latn,1631,▁war,2,0.06793478
sts,deu_Latn,1647,▁j,1,0.03396739
sts,deu_Latn,1649,▁nur,4,0.13586957
sts,deu_Latn,1659,▁über,6,0.20380435
sts,deu_Latn,1663,og,1,0.03396739
sts,deu_Latn,1708,tel,1,0.03396739
sts,deu_Latn,1716,kon,1,0.03396739
sts,deu_Latn,1791,▁hier,1,0.03396739
sts,deu_Latn,1799,ali,1,0.03396739
sts,deu_Latn,1830,ion,1,0.03396739
sts,deu_Latn,1838,▁noch,1,0.03396739
sts,deu_Latn,1858,▁Das,4,0.13586957
sts,deu_Latn,1876,▁kann,1,0.03396739
sts,deu_Latn,1877,▁2009,1,0.03396739
sts,deu_Latn,1880,▁wird,4,0.13586957
sts,deu_Latn,1918,▁einen,6,0.20380435
sts,deu_Latn,1924,▁sta,1,0.03396739
sts,deu_Latn,1977,len,1,0.03396739
sts,deu_Latn,2004,"“,",3,0.10190217
sts,deu_Latn,2005,▁Home,1,0.03396739
sts,deu_Latn,2022,▁Am,3,0.10190217
sts,deu_Latn,2028,▁haben,2,0.06793478
sts,deu_Latn,2055,ab,2,0.06793478
sts,deu_Latn,2161,▁On,2,0.06793478
sts,deu_Latn,2217,inen,1,0.03396739
sts,deu_Latn,2234,▁uns,2,0.06793478
sts,deu_Latn,2235,▁einer,10,0.33967391
sts,deu_Latn,2243,▁aber,2,0.06793478
sts,deu_Latn,2285,ende,1,0.03396739
sts,deu_Latn,2315,▁einem,3,0.10190217
sts,deu_Latn,2358,▁70,1,0.03396739
sts,deu_Latn,2388,▁zum,8,0.27173913
sts,deu_Latn,2407,af,1,0.03396739
sts,deu_Latn,2460,▁Bo,1,0.03396739
sts,deu_Latn,2464,▁bis,6,0.20380435
sts,deu_Latn,2480,ft,3,0.10190217
sts,deu_Latn,2510,▁90,1,0.03396739
sts,deu_Latn,2525,50,2,0.06793478
sts,deu_Latn,2541,▁Dar,1,0.03396739
sts,deu_Latn,2552,▁Ra,2,0.06793478
sts,deu_Latn,2556,▁können,1,0.03396739
sts,deu_Latn,2581,sten,1,0.03396739
sts,deu_Latn,2590,kel,2,0.06793478
sts,deu_Latn,2594,ck,2,0.06793478
sts,deu_Latn,2601,vel,1,0.03396739
sts,deu_Latn,2609,▁Ve,3,0.10190217
sts,deu_Latn,2638,▁pu,1,0.03396739
sts,deu_Latn,2661,ble,1,0.03396739
sts,deu_Latn,2677,rin,1,0.03396739
sts,deu_Latn,2679,gel,1,0.03396739
sts,deu_Latn,2692,▁Video,1,0.03396739
sts,deu_Latn,2731,tzen,2,0.06793478
sts,deu_Latn,2772,▁mehr,2,0.06793478
sts,deu_Latn,2783,rit,2,0.06793478
sts,deu_Latn,2793,▁Um,1,0.03396739
sts,deu_Latn,2843,▁also,1,0.03396739
sts,deu_Latn,2864,jan,1,0.03396739
sts,deu_Latn,2874,▁anti,1,0.03396739
sts,deu_Latn,2909,“.,3,0.10190217
sts,deu_Latn,2957,▁zur,1,0.03396739
sts,deu_Latn,2965,▁best,1,0.03396739
sts,deu_Latn,2975,▁Ri,1,0.03396739
sts,deu_Latn,2988,▁sein,2,0.06793478
sts,deu_Latn,2991,▁Ein,6,0.20380435
sts,deu_Latn,3066,lang,1,0.03396739
sts,deu_Latn,3104,vor,2,0.06793478
sts,deu_Latn,3114,▁ru,1,0.03396739
sts,deu_Latn,3121,zen,1,0.03396739
sts,deu_Latn,3132,ves,1,0.03396739
sts,deu_Latn,3232,sch,3,0.10190217
sts,deu_Latn,3260,▁habe,1,0.03396739
sts,deu_Latn,3370,▁Im,3,0.10190217
sts,deu_Latn,3449,ü,3,0.10190217
sts,deu_Latn,3471,▁durch,3,0.10190217
sts,deu_Latn,3535,▁hand,2,0.06793478
sts,deu_Latn,3574,▁Mit,1,0.03396739
sts,deu_Latn,3581,och,1,0.03396739
sts,deu_Latn,3584,fo,2,0.06793478
sts,deu_Latn,3700,▁dann,2,0.06793478
sts,deu_Latn,3726,▁Islam,2,0.06793478
sts,deu_Latn,3747,▁EU,1,0.03396739
sts,deu_Latn,3786,▁Ze,1,0.03396739
sts,deu_Latn,3805,▁Pas,1,0.03396739
sts,deu_Latn,3807,▁immer,1,0.03396739
sts,deu_Latn,3814,far,1,0.03396739
sts,deu_Latn,3840,▁kam,3,0.10190217
sts,deu_Latn,3974,▁Europa,1,0.03396739
sts,deu_Latn,3993,▁unter,5,0.16983696
sts,deu_Latn,4077,▁wieder,1,0.03396739
sts,deu_Latn,4097,hr,5,0.16983696
sts,deu_Latn,4124,▁nun,2,0.06793478
sts,deu_Latn,4180,▁wurde,1,0.03396739
sts,deu_Latn,4257,▁gibt,1,0.03396739
sts,deu_Latn,4313,stu,3,0.10190217
sts,deu_Latn,4323,▁wo,1,0.03396739
sts,deu_Latn,4344,▁Alle,1,0.03396739
sts,deu_Latn,4383,zer,1,0.03396739
sts,deu_Latn,4450,thi,1,0.03396739
sts,deu_Latn,4505,hin,1,0.03396739
sts,deu_Latn,4545,dem,1,0.03396739
sts,deu_Latn,4602,▁USA,1,0.03396739
sts,deu_Latn,4828,▁42,1,0.03396739
sts,deu_Latn,4834,chen,1,0.03396739
sts,deu_Latn,4843,▁Sy,1,0.03396739
sts,deu_Latn,4855,▁Vor,3,0.10190217
sts,deu_Latn,4858,▁vom,3,0.10190217
sts,deu_Latn,4867,log,1,0.03396739
sts,deu_Latn,4882,▁diese,1,0.03396739
sts,deu_Latn,4902,ff,1,0.03396739
sts,deu_Latn,4921,ieren,1,0.03396739
sts,deu_Latn,4986,ische,2,0.06793478
sts,deu_Latn,5098,▁03,1,0.03396739
sts,deu_Latn,5122,▁hin,1,0.03396739
sts,deu_Latn,5204,cht,5,0.16983696
sts,deu_Latn,5346,▁Vo,1,0.03396739
sts,deu_Latn,5372,cher,1,0.03396739
sts,deu_Latn,5386,gt,1,0.03396739
sts,deu_Latn,5389,▁Hier,2,0.06793478
sts,deu_Latn,5394,usta,1,0.03396739
sts,deu_Latn,5425,ins,1,0.03396739
sts,deu_Latn,5443,▁Ex,1,0.03396739
sts,deu_Latn,5486,lich,1,0.03396739
sts,deu_Latn,5489,▁Aus,3,0.10190217
sts,deu_Latn,5548,ich,3,0.10190217
sts,deu_Latn,5613,star,1,0.03396739
sts,deu_Latn,5795,▁sil,1,0.03396739
sts,deu_Latn,5829,ub,1,0.03396739
sts,deu_Latn,5976,▁Vol,1,0.03396739
sts,deu_Latn,5986,▁Song,1,0.03396739
sts,deu_Latn,6003,▁Th,5,0.16983696
sts,deu_Latn,6121,▁Af,4,0.13586957
sts,deu_Latn,6179,▁viel,1,0.03396739
sts,deu_Latn,6434,▁gel,1,0.03396739
sts,deu_Latn,6468,ds,1,0.03396739
sts,deu_Latn,6475,ingen,5,0.16983696
sts,deu_Latn,6482,▁dieser,1,0.03396739
sts,deu_Latn,6557,▁Land,3,0.10190217
sts,deu_Latn,6569,itet,1,0.03396739
sts,deu_Latn,6651,ord,1,0.03396739
sts,deu_Latn,6704,elt,1,0.03396739
sts,deu_Latn,6731,▁keine,1,0.03396739
sts,deu_Latn,6848,▁Amerika,1,0.03396739
sts,deu_Latn,6869,▁muss,1,0.03396739
sts,deu_Latn,6872,▁See,2,0.06793478
sts,deu_Latn,6892,isten,3,0.10190217
sts,deu_Latn,6900,▁Zu,1,0.03396739
sts,deu_Latn,6936,tag,2,0.06793478
sts,deu_Latn,6947,mmer,2,0.06793478
sts,deu_Latn,7020,jä,1,0.03396739
sts,deu_Latn,7077,put,1,0.03396739
sts,deu_Latn,7118,ör,1,0.03396739
sts,deu_Latn,7190,rk,5,0.16983696
sts,deu_Latn,7238,▁Kontakt,1,0.03396739
sts,deu_Latn,7241,är,1,0.03396739
sts,deu_Latn,7296,bol,10,0.33967391
sts,deu_Latn,7372,ischen,5,0.16983696
sts,deu_Latn,7418,▁Jahr,3,0.10190217
sts,deu_Latn,7462,ungen,2,0.06793478
sts,deu_Latn,7473,▁Bei,1,0.03396739
sts,deu_Latn,7530,▁samme,1,0.03396739
sts,deu_Latn,7560,sche,1,0.03396739
sts,deu_Latn,7583,▁sei,2,0.06793478
sts,deu_Latn,7640,ün,2,0.06793478
sts,deu_Latn,7804,pot,1,0.03396739
sts,deu_Latn,7859,ür,6,0.20380435
sts,deu_Latn,7906,▁Menschen,2,0.06793478
sts,deu_Latn,7910,▁aktiv,2,0.06793478
sts,deu_Latn,7974,▁Hor,2,0.06793478
sts,deu_Latn,8023,Ba,1,0.03396739
sts,deu_Latn,8079,pper,2,0.06793478
sts,deu_Latn,8082,▁stre,1,0.03396739
sts,deu_Latn,8186,▁diesem,3,0.10190217
sts,deu_Latn,8254,▁Israel,5,0.16983696
sts,deu_Latn,8298,▁anderen,1,0.03396739
sts,deu_Latn,8309,▁Ihre,2,0.06793478
sts,deu_Latn,8402,igen,2,0.06793478
sts,deu_Latn,8446,▁Ram,7,0.23777174
sts,deu_Latn,8455,▁Mos,3,0.10190217
sts,deu_Latn,8644,▁geht,2,0.06793478
sts,deu_Latn,8764,▁finden,3,0.10190217
sts,deu_Latn,8770,ow,3,0.10190217
sts,deu_Latn,8859,Si,3,0.10190217
sts,deu_Latn,8960,▁machen,1,0.03396739
sts,deu_Latn,8974,▁Jahren,4,0.13586957
sts,deu_Latn,9047,▁ihre,6,0.20380435
sts,deu_Latn,9083,Mo,2,0.06793478
sts,deu_Latn,9146,fall,1,0.03396739
sts,deu_Latn,9168,▁damit,2,0.06793478
sts,deu_Latn,9190,bot,11,0.37364130
sts,deu_Latn,9344,▁Tel,1,0.03396739
sts,deu_Latn,9365,▁85,1,0.03396739
sts,deu_Latn,9370,isch,2,0.06793478
sts,deu_Latn,9434,SP,1,0.03396739
sts,deu_Latn,9510,▁viele,1,0.03396739
sts,deu_Latn,9552,▁Rad,4,0.13586957
sts,deu_Latn,9735,▁Anh,5,0.16983696
sts,deu_Latn,9832,▁zwei,2,0.06793478
sts,deu_Latn,10204,▁fort,1,0.03396739
sts,deu_Latn,10264,▁hatte,4,0.13586957
sts,deu_Latn,10271,▁Berlin,2,0.06793478
sts,deu_Latn,10321,ums,3,0.10190217
sts,deu_Latn,10333,▁Für,3,0.10190217
sts,deu_Latn,10429,Ge,1,0.03396739
sts,deu_Latn,10614,▁Daten,2,0.06793478
sts,deu_Latn,10639,▁Hand,1,0.03396739
sts,deu_Latn,10702,▁vier,6,0.20380435
sts,deu_Latn,10717,liche,5,0.16983696
sts,deu_Latn,10743,▁seit,3,0.10190217
sts,deu_Latn,10770,Com,1,0.03396739
sts,deu_Latn,10810,▁seine,1,0.03396739
sts,deu_Latn,10827,▁Poli,1,0.03396739
sts,deu_Latn,10891,▁sowie,3,0.10190217
sts,deu_Latn,10901,reg,5,0.16983696
sts,deu_Latn,10938,▁ohne,1,0.03396739
sts,deu_Latn,11022,▁Nach,3,0.10190217
sts,deu_Latn,11059,▁Neu,10,0.33967391
sts,deu_Latn,11111,▁beim,1,0.03396739
sts,deu_Latn,11229,▁eins,1,0.03396739
sts,deu_Latn,11335,▁Dil,1,0.03396739
sts,deu_Latn,11443,fur,1,0.03396739
sts,deu_Latn,11549,vert,1,0.03396739
sts,deu_Latn,11716,▁61,1,0.03396739
sts,deu_Latn,11898,lung,2,0.06793478
sts,deu_Latn,12080,▁Eine,1,0.03396739
sts,deu_Latn,12154,▁Deutschland,14,0.47554348
sts,deu_Latn,12196,gri,1,0.03396739
sts,deu_Latn,12216,tten,1,0.03396739
sts,deu_Latn,12316,▁unserer,2,0.06793478
sts,deu_Latn,12376,▁Grund,1,0.03396739
sts,deu_Latn,12444,igt,1,0.03396739
sts,deu_Latn,12576,▁Mah,1,0.03396739
sts,deu_Latn,12639,▁YouTube,1,0.03396739
sts,deu_Latn,12665,uch,1,0.03396739
sts,deu_Latn,12676,▁Fall,1,0.03396739
sts,deu_Latn,12717,▁Auch,2,0.06793478
sts,deu_Latn,12724,Ro,2,0.06793478
sts,deu_Latn,12779,▁Link,6,0.20380435
sts,deu_Latn,12809,ität,1,0.03396739
sts,deu_Latn,12905,▁Raz,1,0.03396739
sts,deu_Latn,12930,▁sondern,1,0.03396739
sts,deu_Latn,12961,▁sollte,1,0.03396739
sts,deu_Latn,13122,tiv,1,0.03396739
sts,deu_Latn,13154,▁bereits,3,0.10190217
sts,deu_Latn,13228,▁gegen,3,0.10190217
sts,deu_Latn,13286,▁müssen,2,0.06793478
sts,deu_Latn,13404,▁dabei,3,0.10190217
sts,deu_Latn,13576,fest,1,0.03396739
sts,deu_Latn,13644,bau,1,0.03396739
sts,deu_Latn,13732,▁unge,1,0.03396739
sts,deu_Latn,13911,▁ersten,2,0.06793478
sts,deu_Latn,13976,ierung,10,0.33967391
sts,deu_Latn,14197,▁dieses,1,0.03396739
sts,deu_Latn,14203,▁drei,3,0.10190217
sts,deu_Latn,14450,▁kommen,1,0.03396739
sts,deu_Latn,14573,▁absolut,1,0.03396739
sts,deu_Latn,14737,▁Website,1,0.03396739
sts,deu_Latn,14851,▁Bis,1,0.03396739
sts,deu_Latn,14862,▁Parlament,2,0.06793478
sts,deu_Latn,14912,▁Mann,2,0.06793478
sts,deu_Latn,14977,recht,1,0.03396739
sts,deu_Latn,14978,▁Thomas,3,0.10190217
sts,deu_Latn,15143,tze,2,0.06793478
sts,deu_Latn,15432,▁Sil,2,0.06793478
sts,deu_Latn,15466,▁würde,1,0.03396739
sts,deu_Latn,15474,▁Informationen,3,0.10190217
sts,deu_Latn,15694,▁wirklich,1,0.03396739
sts,deu_Latn,15896,Ver,2,0.06793478
sts,deu_Latn,15987,▁zurück,2,0.06793478
sts,deu_Latn,16014,rut,2,0.06793478
sts,deu_Latn,16046,▁Teil,1,0.03396739
sts,deu_Latn,16089,▁Über,3,0.10190217
sts,deu_Latn,16146,lini,2,0.06793478
sts,deu_Latn,16159,oba,2,0.06793478
sts,deu_Latn,16305,Mar,1,0.03396739
sts,deu_Latn,16384,▁Haus,3,0.10190217
sts,deu_Latn,16395,SU,3,0.10190217
sts,deu_Latn,16424,▁Partner,1,0.03396739
sts,deu_Latn,16474,Es,2,0.06793478
sts,deu_Latn,16587,heit,3,0.10190217
sts,deu_Latn,16844,▁Ende,2,0.06793478
sts,deu_Latn,16918,chten,1,0.03396739
sts,deu_Latn,16977,rab,1,0.03396739
sts,deu_Latn,17230,▁schnell,1,0.03396739
sts,deu_Latn,17336,low,7,0.23777174
sts,deu_Latn,17374,▁sicher,1,0.03396739
sts,deu_Latn,17561,ungs,5,0.16983696
sts,deu_Latn,17647,Fa,3,0.10190217
sts,deu_Latn,17682,▁einige,1,0.03396739
sts,deu_Latn,17929,stellen,3,0.10190217
sts,deu_Latn,18014,▁wer,1,0.03396739
sts,deu_Latn,18055,stein,1,0.03396739
sts,deu_Latn,18266,fte,1,0.03396739
sts,deu_Latn,18274,▁erst,3,0.10190217
sts,deu_Latn,18341,▁allem,1,0.03396739
sts,deu_Latn,18444,Nu,1,0.03396739
sts,deu_Latn,18529,chte,2,0.06793478
sts,deu_Latn,18666,sau,1,0.03396739
sts,deu_Latn,18709,ologie,1,0.03396739
sts,deu_Latn,18721,▁Iran,1,0.03396739
sts,deu_Latn,18763,▁His,9,0.30570652
sts,deu_Latn,18876,auf,2,0.06793478
sts,deu_Latn,18891,mmel,1,0.03396739
sts,deu_Latn,18917,schaft,3,0.10190217
sts,deu_Latn,19076,▁wollen,2,0.06793478
sts,deu_Latn,19215,▁Nas,2,0.06793478
sts,deu_Latn,19536,▁Thema,1,0.03396739
sts,deu_Latn,19619,▁zusammen,2,0.06793478
sts,deu_Latn,19742,▁seiner,3,0.10190217
sts,deu_Latn,19799,innen,3,0.10190217
sts,deu_Latn,19937,bei,1,0.03396739
sts,deu_Latn,19957,▁Weg,2,0.06793478
sts,deu_Latn,19963,▁Hen,3,0.10190217
sts,deu_Latn,20036,ß,1,0.03396739
sts,deu_Latn,20056,▁Ä,1,0.03396739
sts,deu_Latn,20267,▁liegt,2,0.06793478
sts,deu_Latn,20583,gens,1,0.03396739
sts,deu_Latn,20609,▁ausge,1,0.03396739
sts,deu_Latn,20861,Hi,1,0.03396739
sts,deu_Latn,20962,▁ihm,1,0.03396739
sts,deu_Latn,21070,mmen,1,0.03396739
sts,deu_Latn,21139,▁Tau,1,0.03396739
sts,deu_Latn,21161,ense,1,0.03396739
sts,deu_Latn,21315,▁oft,1,0.03396739
sts,deu_Latn,21347,rien,2,0.06793478
sts,deu_Latn,21677,▁jedoch,2,0.06793478
sts,deu_Latn,21867,▁geben,1,0.03396739
sts,deu_Latn,21870,▁extrem,1,0.03396739
sts,deu_Latn,21882,nig,3,0.10190217
sts,deu_Latn,21954,▁rec,1,0.03396739
sts,deu_Latn,22054,▁Grup,2,0.06793478
sts,deu_Latn,22317,▁links,1,0.03396739
sts,deu_Latn,22378,▁sagen,1,0.03396739
sts,deu_Latn,22500,hne,1,0.03396739
sts,deu_Latn,22572,viz,1,0.03396739
sts,deu_Latn,22667,▁ihren,1,0.03396739
sts,deu_Latn,22961,▁gemacht,1,0.03396739
sts,deu_Latn,23167,üb,1,0.03396739
sts,deu_Latn,23320,-0,1,0.03396739
sts,deu_Latn,23439,▁schi,4,0.13586957
sts,deu_Latn,23474,sah,1,0.03396739
sts,deu_Latn,23513,▁Bundes,3,0.10190217
sts,deu_Latn,23630,▁Rod,1,0.03396739
sts,deu_Latn,23721,▁Songs,1,0.03396739
sts,deu_Latn,23849,▁Arbeits,1,0.03396739
sts,deu_Latn,24016,ullah,11,0.37364130
sts,deu_Latn,24037,▁Ide,1,0.03396739
sts,deu_Latn,24064,▁darauf,2,0.06793478
sts,deu_Latn,24080,▁Nah,1,0.03396739
sts,deu_Latn,24293,dow,3,0.10190217
sts,deu_Latn,24561,stellung,1,0.03396739
sts,deu_Latn,24670,▁Ziel,1,0.03396739
sts,deu_Latn,24786,▁vielen,1,0.03396739
sts,deu_Latn,24903,spekt,1,0.03396739
sts,deu_Latn,24993,▁Ihrer,1,0.03396739
sts,deu_Latn,24996,▁laut,1,0.03396739
sts,deu_Latn,25013,ND,1,0.03396739
sts,deu_Latn,25080,▁seinen,1,0.03396739
sts,deu_Latn,25237,▁konnte,2,0.06793478
sts,deu_Latn,25419,ög,2,0.06793478
sts,deu_Latn,25500,tain,1,0.03396739
sts,deu_Latn,25612,hard,1,0.03396739
sts,deu_Latn,25681,ringer,1,0.03396739
sts,deu_Latn,25990,▁nan,1,0.03396739
sts,deu_Latn,26073,▁signal,1,0.03396739
sts,deu_Latn,26316,enden,1,0.03396739
sts,deu_Latn,26455,Ve,2,0.06793478
sts,deu_Latn,26616,▁denen,2,0.06793478
sts,deu_Latn,26743,▁Imam,1,0.03396739
sts,deu_Latn,26902,▁Angel,1,0.03396739
sts,deu_Latn,26928,▁21-,1,0.03396739
sts,deu_Latn,26933,▁statt,2,0.06793478
sts,deu_Latn,27101,arbeit,2,0.06793478
sts,deu_Latn,27227,quer,1,0.03396739
sts,deu_Latn,27366,▁Termin,1,0.03396739
sts,deu_Latn,27420,▁Herr,1,0.03396739
sts,deu_Latn,27485,▁Prozent,1,0.03396739
sts,deu_Latn,28319,▁Doch,1,0.03396739
sts,deu_Latn,28345,▁män,1,0.03396739
sts,deu_Latn,28399,DP,4,0.13586957
sts,deu_Latn,28483,dium,1,0.03396739
sts,deu_Latn,28817,zien,1,0.03396739
sts,deu_Latn,29095,▁sollten,1,0.03396739
sts,deu_Latn,29114,▁offen,1,0.03396739
sts,deu_Latn,29310,▁Aktiv,1,0.03396739
sts,deu_Latn,29528,▁etwa,1,0.03396739
sts,deu_Latn,29570,▁Tage,1,0.03396739
sts,deu_Latn,29637,▁Cookies,1,0.03396739
sts,deu_Latn,29730,▁Lie,1,0.03396739
sts,deu_Latn,30604,▁weit,2,0.06793478
sts,deu_Latn,30766,lande,1,0.03396739
sts,deu_Latn,30788,▁Möglichkeit,1,0.03396739
sts,deu_Latn,30883,▁Mario,1,0.03396739
sts,deu_Latn,31299,erin,1,0.03396739
sts,deu_Latn,31570,tische,2,0.06793478
sts,deu_Latn,31583,Qu,1,0.03396739
sts,deu_Latn,31621,zug,4,0.13586957
sts,deu_Latn,31653,mpel,2,0.06793478
sts,deu_Latn,31678,▁Emp,1,0.03396739
sts,deu_Latn,32103,▁Wochen,1,0.03396739
sts,deu_Latn,32207,▁beiden,2,0.06793478
sts,deu_Latn,32357,▁Personen,1,0.03396739
sts,deu_Latn,32582,tür,1,0.03396739
sts,deu_Latn,32818,▁Rück,1,0.03396739
sts,deu_Latn,32916,enzi,1,0.03396739
sts,deu_Latn,32956,▁(„,2,0.06793478
sts,deu_Latn,33119,▁Arm,1,0.03396739
sts,deu_Latn,33415,▁Platz,3,0.10190217
sts,deu_Latn,33436,▁Durch,1,0.03396739
sts,deu_Latn,33463,▁Mehr,1,0.03396739
sts,deu_Latn,33744,▁Minister,4,0.13586957
sts,deu_Latn,34075,▁Woche,5,0.16983696
sts,deu_Latn,34083,schutz,1,0.03396739
sts,deu_Latn,34118,▁Liebe,5,0.16983696
sts,deu_Latn,34126,▁leicht,1,0.03396739
sts,deu_Latn,34197,▁werde,2,0.06793478
sts,deu_Latn,34288,▁Wahl,1,0.03396739
sts,deu_Latn,34447,hör,2,0.06793478
sts,deu_Latn,34485,▁wollte,1,0.03396739
sts,deu_Latn,34724,▁Saudi,1,0.03396739
sts,deu_Latn,35032,ringen,1,0.03396739
sts,deu_Latn,35317,▁komplett,2,0.06793478
sts,deu_Latn,35434,▁Zum,2,0.06793478
sts,deu_Latn,35485,minister,2,0.06793478
sts,deu_Latn,35523,▁meinen,1,0.03396739
sts,deu_Latn,35583,▁Anders,2,0.06793478
sts,deu_Latn,35943,▁hoch,1,0.03396739
sts,deu_Latn,36443,▁Frei,1,0.03396739
sts,deu_Latn,36649,▁quer,1,0.03396739
sts,deu_Latn,36876,▁eher,1,0.03396739
sts,deu_Latn,37171,▁relevante,2,0.06793478
sts,deu_Latn,37194,▁einge,3,0.10190217
sts,deu_Latn,37300,▁Lö,1,0.03396739
sts,deu_Latn,37340,▁Album,4,0.13586957
sts,deu_Latn,37401,▁allerdings,2,0.06793478
sts,deu_Latn,37519,▁sagte,5,0.16983696
sts,deu_Latn,37616,▁ihnen,1,0.03396739
sts,deu_Latn,37642,▁demokrat,1,0.03396739
sts,deu_Latn,37666,▁stellt,1,0.03396739
sts,deu_Latn,38253,bereich,1,0.03396739
sts,deu_Latn,38925,▁scho,1,0.03396739
sts,deu_Latn,38951,▁keinen,1,0.03396739
sts,deu_Latn,38983,gehen,1,0.03396739
sts,deu_Latn,39176,▁Alter,1,0.03396739
sts,deu_Latn,39334,richt,2,0.06793478
sts,deu_Latn,39565,Ak,1,0.03396739
sts,deu_Latn,39955,▁80-,1,0.03396739
sts,deu_Latn,40042,gruppen,1,0.03396739
sts,deu_Latn,40077,allah,2,0.06793478
sts,deu_Latn,40121,sicht,1,0.03396739
sts,deu_Latn,40175,same,1,0.03396739
sts,deu_Latn,40751,holt,1,0.03396739
sts,deu_Latn,41316,▁Hilfe,1,0.03396739
sts,deu_Latn,41378,▁stie,1,0.03396739
sts,deu_Latn,41575,gangs,3,0.10190217
sts,deu_Latn,42001,ierten,2,0.06793478
sts,deu_Latn,42002,ständig,2,0.06793478
sts,deu_Latn,42260,▁helfen,1,0.03396739
sts,deu_Latn,42287,▁deutlich,1,0.03396739
sts,deu_Latn,42363,▁ihrem,1,0.03396739
sts,deu_Latn,42441,erung,1,0.03396739
sts,deu_Latn,42792,▁verb,1,0.03396739
sts,deu_Latn,42998,▁terrorist,1,0.03396739
sts,deu_Latn,43056,▁unterschiedlich,2,0.06793478
sts,deu_Latn,43124,▁grau,1,0.03396739
sts,deu_Latn,43150,▁letzte,2,0.06793478
sts,deu_Latn,43609,▁Single,2,0.06793478
sts,deu_Latn,43737,▁Mittel,1,0.03396739
sts,deu_Latn,43789,WO,1,0.03396739
sts,deu_Latn,44066,▁bleiben,1,0.03396739
sts,deu_Latn,44143,▁denk,1,0.03396739
sts,deu_Latn,44427,icht,1,0.03396739
sts,deu_Latn,44466,▁Kris,2,0.06793478
sts,deu_Latn,44472,▁Schritt,3,0.10190217
sts,deu_Latn,44689,spi,2,0.06793478
sts,deu_Latn,45415,▁neben,2,0.06793478
sts,deu_Latn,45462,gruppe,1,0.03396739
sts,deu_Latn,45667,▁erken,1,0.03396739
sts,deu_Latn,45879,▁Jed,1,0.03396739
sts,deu_Latn,45925,▁Ör,1,0.03396739
sts,deu_Latn,45932,lichkeit,1,0.03396739
sts,deu_Latn,46000,▁Damit,2,0.06793478
sts,deu_Latn,46037,▁Rot,2,0.06793478
sts,deu_Latn,46038,zung,1,0.03396739
sts,deu_Latn,46045,▁Jahres,1,0.03396739
sts,deu_Latn,46092,rufen,1,0.03396739
sts,deu_Latn,46371,änder,1,0.03396739
sts,deu_Latn,46742,änger,6,0.20380435
sts,deu_Latn,47357,▁Anfang,1,0.03396739
sts,deu_Latn,48135,raum,3,0.10190217
sts,deu_Latn,48530,▁jede,1,0.03396739
sts,deu_Latn,48606,▁Bord,1,0.03396739
sts,deu_Latn,48652,▁Hassan,1,0.03396739
sts,deu_Latn,49198,▁hinaus,1,0.03396739
sts,deu_Latn,49400,staat,1,0.03396739
sts,deu_Latn,49653,▁Landes,4,0.13586957
sts,deu_Latn,49837,▁bereit,2,0.06793478
sts,deu_Latn,50012,▁liegen,1,0.03396739
sts,deu_Latn,50744,▁Kalo,2,0.06793478
sts,deu_Latn,50936,▁Nacht,1,0.03396739
sts,deu_Latn,50985,kw,1,0.03396739
sts,deu_Latn,51447,▁Entscheidung,1,0.03396739
sts,deu_Latn,51470,▁halten,2,0.06793478
sts,deu_Latn,51553,lassen,1,0.03396739
sts,deu_Latn,51661,▁Rein,1,0.03396739
sts,deu_Latn,51681,▁Dezember,1,0.03396739
sts,deu_Latn,51730,▁Mili,1,0.03396739
sts,deu_Latn,52036,▁Demokrat,1,0.03396739
sts,deu_Latn,52184,▁anonym,1,0.03396739
sts,deu_Latn,52326,över,1,0.03396739
sts,deu_Latn,53176,BRA,1,0.03396739
sts,deu_Latn,53603,▁technische,1,0.03396739
sts,deu_Latn,53757,▁Montag,1,0.03396739
sts,deu_Latn,53976,▁Chef,1,0.03396739
sts,deu_Latn,54201,▁kritis,1,0.03396739
sts,deu_Latn,54283,fahrt,1,0.03396739
sts,deu_Latn,54431,Ag,1,0.03396739
sts,deu_Latn,54493,▁Gruppe,1,0.03396739
sts,deu_Latn,54601,Reg,1,0.03396739
sts,deu_Latn,54719,schluss,1,0.03396739
sts,deu_Latn,54782,▁ebenfalls,1,0.03396739
sts,deu_Latn,54987,warte,1,0.03396739
sts,deu_Latn,54993,▁deutschen,2,0.06793478
sts,deu_Latn,55008,ischer,1,0.03396739
sts,deu_Latn,55448,▁Organisation,4,0.13586957
sts,deu_Latn,56077,▁Süd,1,0.03396739
sts,deu_Latn,56167,▁dürfen,1,0.03396739
sts,deu_Latn,56207,isiert,2,0.06793478
sts,deu_Latn,56309,schlag,1,0.03396739
sts,deu_Latn,56345,für,1,0.03396739
sts,deu_Latn,56352,▁Boh,1,0.03396739
sts,deu_Latn,57124,Wir,1,0.03396739
sts,deu_Latn,57235,▁rechts,1,0.03396739
sts,deu_Latn,57242,▁Verein,1,0.03396739
sts,deu_Latn,57823,▁verbo,2,0.06793478
sts,deu_Latn,58229,Part,1,0.03396739
sts,deu_Latn,58320,▁Zwei,2,0.06793478
sts,deu_Latn,58633,▁bü,1,0.03396739
sts,deu_Latn,58672,▁Morgen,1,0.03396739
sts,deu_Latn,58815,▁Entertainment,2,0.06793478
sts,deu_Latn,58879,▁Medien,1,0.03396739
sts,deu_Latn,58963,▁autonom,1,0.03396739
sts,deu_Latn,59062,▁Kenn,1,0.03396739
sts,deu_Latn,59282,▁Dieses,1,0.03396739
sts,deu_Latn,59348,dern,1,0.03396739
sts,deu_Latn,59745,▁Family,1,0.03396739
sts,deu_Latn,60044,Air,1,0.03396739
sts,deu_Latn,60806,▁Weise,1,0.03396739
sts,deu_Latn,60816,▁Enter,1,0.03396739
sts,deu_Latn,60986,▁weiteren,1,0.03396739
sts,deu_Latn,60987,▁mehrere,1,0.03396739
sts,deu_Latn,61004,▁Technologie,1,0.03396739
sts,deu_Latn,61022,Das,3,0.10190217
sts,deu_Latn,61202,▁heißt,1,0.03396739
sts,deu_Latn,61233,hü,1,0.03396739
sts,deu_Latn,61597,▁automatisch,1,0.03396739
sts,deu_Latn,61616,▁hohe,1,0.03396739
sts,deu_Latn,61701,lucht,1,0.03396739
sts,deu_Latn,62104,▁Außerdem,1,0.03396739
sts,deu_Latn,62710,▁deutsche,1,0.03396739
sts,deu_Latn,62912,▁Flori,2,0.06793478
sts,deu_Latn,62919,▁sowohl,1,0.03396739
sts,deu_Latn,63068,▁Bö,2,0.06793478
sts,deu_Latn,63626,▁nächste,1,0.03396739
sts,deu_Latn,64287,Link,1,0.03396739
sts,deu_Latn,64371,▁2021,2,0.06793478
sts,deu_Latn,64791,▁deshalb,1,0.03396739
sts,deu_Latn,65360,einander,1,0.03396739
sts,deu_Latn,65643,▁Objekt,1,0.03396739
sts,deu_Latn,65646,anten,1,0.03396739
sts,deu_Latn,66462,▁Unterstützung,1,0.03396739
sts,deu_Latn,66558,▁bedeutet,1,0.03396739
sts,deu_Latn,66936,teilt,1,0.03396739
sts,deu_Latn,67152,▁Deutschen,1,0.03396739
sts,deu_Latn,67388,▁Dame,1,0.03396739
sts,deu_Latn,67401,▁kleiner,1,0.03396739
sts,deu_Latn,67839,länder,1,0.03396739
sts,deu_Latn,67872,▁konnten,1,0.03396739
sts,deu_Latn,67960,▁treffen,1,0.03396739
sts,deu_Latn,69646,▁Erfahrungen,1,0.03396739
sts,deu_Latn,70344,▁Kno,1,0.03396739
sts,deu_Latn,70556,istische,5,0.16983696
sts,deu_Latn,71047,▁Otto,3,0.10190217
sts,deu_Latn,71056,▁einigen,1,0.03396739
sts,deu_Latn,71074,bem,1,0.03396739
sts,deu_Latn,71493,ministeri,2,0.06793478
sts,deu_Latn,71515,schließ,1,0.03396739
sts,deu_Latn,71848,▁Polizei,3,0.10190217
sts,deu_Latn,72151,▁Freitag,1,0.03396739
sts,deu_Latn,72537,▁Zusammen,2,0.06793478
sts,deu_Latn,72558,▁erreicht,1,0.03396739
sts,deu_Latn,72888,▁gewesen,1,0.03396739
sts,deu_Latn,73369,▁Samstag,1,0.03396739
sts,deu_Latn,73415,▁anzu,1,0.03396739
sts,deu_Latn,73550,▁Rek,2,0.06793478
sts,deu_Latn,73750,▁Instrument,1,0.03396739
sts,deu_Latn,73974,▁deren,1,0.03396739
sts,deu_Latn,75091,▁setzt,1,0.03396739
sts,deu_Latn,75113,▁Talk,1,0.03396739
sts,deu_Latn,75517,häng,2,0.06793478
sts,deu_Latn,75864,▁vergangenen,2,0.06793478
sts,deu_Latn,75900,folge,1,0.03396739
sts,deu_Latn,75985,tags,3,0.10190217
sts,deu_Latn,76318,zep,1,0.03396739
sts,deu_Latn,76711,▁Druck,1,0.03396739
sts,deu_Latn,76717,▁Verarbeitung,1,0.03396739
sts,deu_Latn,77265,mitta,1,0.03396739
sts,deu_Latn,77373,▁Kritik,1,0.03396739
sts,deu_Latn,77592,▁anderem,1,0.03396739
sts,deu_Latn,77697,▁Datenschutz,2,0.06793478
sts,deu_Latn,77721,▁Regierung,5,0.16983696
sts,deu_Latn,78111,▁Funktion,1,0.03396739
sts,deu_Latn,80490,▁Walter,1,0.03396739
sts,deu_Latn,80653,fallen,1,0.03396739
sts,deu_Latn,80786,▁Zusammenarbeit,1,0.03396739
sts,deu_Latn,81110,▁sorgen,2,0.06793478
sts,deu_Latn,81316,▁Boden,1,0.03396739
sts,deu_Latn,81405,jährige,2,0.06793478
sts,deu_Latn,82418,▁Presse,1,0.03396739
sts,deu_Latn,82439,führen,1,0.03396739
sts,deu_Latn,82477,setzt,1,0.03396739
sts,deu_Latn,82536,▁gebe,2,0.06793478
sts,deu_Latn,83472,▁bestehen,1,0.03396739
sts,deu_Latn,83633,gehend,1,0.03396739
sts,deu_Latn,83740,verein,1,0.03396739
sts,deu_Latn,83871,mehr,3,0.10190217
sts,deu_Latn,83903,▁geplant,1,0.03396739
sts,deu_Latn,84068,Char,3,0.10190217
sts,deu_Latn,84768,langen,1,0.03396739
sts,deu_Latn,84795,▁einzelnen,2,0.06793478
sts,deu_Latn,85392,▁Folge,2,0.06793478
sts,deu_Latn,85771,sagt,1,0.03396739
sts,deu_Latn,86099,▁Manda,1,0.03396739
sts,deu_Latn,86132,pathi,1,0.03396739
sts,deu_Latn,86459,▁Richtung,1,0.03396739
sts,deu_Latn,86485,▁Weiter,1,0.03396739
sts,deu_Latn,86829,▁früh,1,0.03396739
sts,deu_Latn,86998,▁weiterhin,1,0.03396739
sts,deu_Latn,87028,▁Staat,1,0.03396739
sts,deu_Latn,87294,▁landen,1,0.03396739
sts,deu_Latn,87366,▁nimmt,1,0.03396739
sts,deu_Latn,87453,▁Partei,8,0.27173913
sts,deu_Latn,87923,wahl,11,0.37364130
sts,deu_Latn,88731,▁bestand,1,0.03396739
sts,deu_Latn,88769,▁fragt,1,0.03396739
sts,deu_Latn,88981,feat,1,0.03396739
sts,deu_Latn,89173,▁Sicht,1,0.03396739
sts,deu_Latn,89361,▁unterstützt,1,0.03396739
sts,deu_Latn,89474,▁zufrieden,1,0.03396739
sts,deu_Latn,89613,▁genutzt,1,0.03396739
sts,deu_Latn,89645,▁Mey,1,0.03396739
sts,deu_Latn,90515,▁Straße,4,0.13586957
sts,deu_Latn,91257,▁wider,1,0.03396739
sts,deu_Latn,91922,▁Gedanken,1,0.03396739
sts,deu_Latn,92059,▁ziel,1,0.03396739
sts,deu_Latn,92545,entur,1,0.03396739
sts,deu_Latn,92658,▁Bewegung,2,0.06793478
sts,deu_Latn,92978,▁abzu,1,0.03396739
sts,deu_Latn,94491,gezogen,1,0.03396739
sts,deu_Latn,94501,stimmen,1,0.03396739
sts,deu_Latn,94646,Land,3,0.10190217
sts,deu_Latn,94651,▁zunächst,1,0.03396739
sts,deu_Latn,94841,▁Angaben,1,0.03396739
sts,deu_Latn,95062,▁Kelly,1,0.03396739
sts,deu_Latn,95578,▁müs,1,0.03396739
sts,deu_Latn,95891,fähig,2,0.06793478
sts,deu_Latn,96513,▁Wilhelm,3,0.10190217
sts,deu_Latn,96595,▁zweite,1,0.03396739
sts,deu_Latn,96596,▁persönlichen,1,0.03396739
sts,deu_Latn,96603,hnen,1,0.03396739
sts,deu_Latn,97521,tischen,2,0.06793478
sts,deu_Latn,98367,▁gelang,2,0.06793478
sts,deu_Latn,98582,gänge,1,0.03396739
sts,deu_Latn,98654,▁Grün,4,0.13586957
sts,deu_Latn,99256,bieg,2,0.06793478
sts,deu_Latn,99428,▁Position,1,0.03396739
sts,deu_Latn,99510,▁Baden,1,0.03396739
sts,deu_Latn,99513,chtung,3,0.10190217
sts,deu_Latn,100555,▁Terror,1,0.03396739
sts,deu_Latn,101657,▁hält,1,0.03396739
sts,deu_Latn,102508,▁Fernseh,1,0.03396739
sts,deu_Latn,102539,▁gleichen,1,0.03396739
sts,deu_Latn,102543,▁Innen,2,0.06793478
sts,deu_Latn,102577,tiger,1,0.03396739
sts,deu_Latn,103166,▁Interessen,1,0.03396739
sts,deu_Latn,103246,▁SPD,5,0.16983696
sts,deu_Latn,103251,reisen,2,0.06793478
sts,deu_Latn,103653,▁arbeitet,1,0.03396739
sts,deu_Latn,104488,▁aufzu,1,0.03396739
sts,deu_Latn,104495,▁Sicherheits,3,0.10190217
sts,deu_Latn,104556,▁sogenannte,1,0.03396739
sts,deu_Latn,104831,▁befinden,1,0.03396739
sts,deu_Latn,104846,▁Sitz,1,0.03396739
sts,deu_Latn,105038,sprache,1,0.03396739
sts,deu_Latn,105173,sitz,2,0.06793478
sts,deu_Latn,105401,motion,1,0.03396739
sts,deu_Latn,105850,▁Zusammenhang,1,0.03396739
sts,deu_Latn,106229,▁Donnerstag,1,0.03396739
sts,deu_Latn,106526,klick,1,0.03396739
sts,deu_Latn,106850,▁Nummer,1,0.03396739
sts,deu_Latn,106984,▁Zudem,1,0.03396739
sts,deu_Latn,107691,▁Mittwoch,2,0.06793478
sts,deu_Latn,108396,krise,1,0.03396739
sts,deu_Latn,109200,KW,3,0.10190217
sts,deu_Latn,109646,▁Verkehrs,1,0.03396739
sts,deu_Latn,110060,▁Dortmund,1,0.03396739
sts,deu_Latn,110355,Well,3,0.10190217
sts,deu_Latn,110373,▁Chart,2,0.06793478
sts,deu_Latn,110460,berechtigt,1,0.03396739
sts,deu_Latn,111116,▁Tisch,1,0.03396739
sts,deu_Latn,111317,▁vergessen,1,0.03396739
sts,deu_Latn,111569,▁hätten,1,0.03396739
sts,deu_Latn,111607,find,1,0.03396739
sts,deu_Latn,111753,Bab,1,0.03396739
sts,deu_Latn,111805,fü,2,0.06793478
sts,deu_Latn,111858,▁Stimme,2,0.06793478
sts,deu_Latn,112109,▁zuvor,1,0.03396739
sts,deu_Latn,112998,▁Beim,2,0.06793478
sts,deu_Latn,113234,▁nötig,1,0.03396739
sts,deu_Latn,113469,Bor,1,0.03396739
sts,deu_Latn,113497,technisch,1,0.03396739
sts,deu_Latn,113952,durch,1,0.03396739
sts,deu_Latn,114640,▁berichtet,2,0.06793478
sts,deu_Latn,114972,▁Zeitpunkt,3,0.10190217
sts,deu_Latn,114986,Mini,1,0.03396739
sts,deu_Latn,115535,▁Drei,1,0.03396739
sts,deu_Latn,115624,▁dennoch,1,0.03396739
sts,deu_Latn,116059,▁Ministeri,2,0.06793478
sts,deu_Latn,116248,▁obwohl,1,0.03396739
sts,deu_Latn,116466,▁großer,1,0.03396739
sts,deu_Latn,116644,▁Künstler,2,0.06793478
sts,deu_Latn,117257,legung,1,0.03396739
sts,deu_Latn,118682,▁gutes,1,0.03396739
sts,deu_Latn,119949,schef,2,0.06793478
sts,deu_Latn,119955,füg,3,0.10190217
sts,deu_Latn,120279,▁Gottes,1,0.03396739
sts,deu_Latn,120430,milit,1,0.03396739
sts,deu_Latn,120479,▁Vorstellung,1,0.03396739
sts,deu_Latn,121555,geschäft,1,0.03396739
sts,deu_Latn,121965,▁Antrag,1,0.03396739
sts,deu_Latn,122232,Rock,1,0.03396739
sts,deu_Latn,122650,▁müsste,1,0.03396739
sts,deu_Latn,122688,▁Existen,1,0.03396739
sts,deu_Latn,122715,▁grundsätzlich,1,0.03396739
sts,deu_Latn,123522,kunden,1,0.03396739
sts,deu_Latn,123723,zeichen,1,0.03396739
sts,deu_Latn,123853,▁seien,1,0.03396739
sts,deu_Latn,123927,▁Zentrum,1,0.03396739
sts,deu_Latn,124834,wehr,1,0.03396739
sts,deu_Latn,124946,▁Kampf,1,0.03396739
sts,deu_Latn,125997,▁entsprechende,2,0.06793478
sts,deu_Latn,126329,rechnen,2,0.06793478
sts,deu_Latn,127260,▁wählen,2,0.06793478
sts,deu_Latn,127346,▁Bildung,1,0.03396739
sts,deu_Latn,127619,situation,1,0.03396739
sts,deu_Latn,128770,schaften,1,0.03396739
sts,deu_Latn,129148,▁Hinter,1,0.03396739
sts,deu_Latn,130828,sprochen,1,0.03396739
sts,deu_Latn,131160,▁Vereins,1,0.03396739
sts,deu_Latn,131366,Jährige,1,0.03396739
sts,deu_Latn,131533,räume,1,0.03396739
sts,deu_Latn,131705,▁Fenster,1,0.03396739
sts,deu_Latn,131899,▁Symbol,1,0.03396739
sts,deu_Latn,132324,▁Haushalt,1,0.03396739
sts,deu_Latn,132746,381,1,0.03396739
sts,deu_Latn,133089,▁sozialen,1,0.03396739
sts,deu_Latn,133097,sdorf,3,0.10190217
sts,deu_Latn,135147,brem,1,0.03396739
sts,deu_Latn,135765,361,2,0.06793478
sts,deu_Latn,136871,Vor,1,0.03396739
sts,deu_Latn,138741,Anh,1,0.03396739
sts,deu_Latn,138877,Verhältnis,1,0.03396739
sts,deu_Latn,139471,▁gewählt,1,0.03396739
sts,deu_Latn,139952,▁Minder,1,0.03396739
sts,deu_Latn,140325,▁gezeigt,1,0.03396739
sts,deu_Latn,140908,fahrer,5,0.16983696
sts,deu_Latn,141214,stunden,1,0.03396739
sts,deu_Latn,141344,abhängig,1,0.03396739
sts,deu_Latn,141713,▁Aktivitäten,2,0.06793478
sts,deu_Latn,142593,▁entgegen,1,0.03396739
sts,deu_Latn,143427,fuhr,1,0.03396739
sts,deu_Latn,144159,Bild,1,0.03396739
sts,deu_Latn,144648,▁ausdrücklich,1,0.03396739
sts,deu_Latn,144933,▁verbessern,1,0.03396739
sts,deu_Latn,146829,▁sorgt,2,0.06793478
sts,deu_Latn,147237,▁Spitze,4,0.13586957
sts,deu_Latn,147409,▁Bremen,1,0.03396739
sts,deu_Latn,147592,grab,1,0.03396739
sts,deu_Latn,148479,▁Nachrichten,1,0.03396739
sts,deu_Latn,148748,▁mehreren,1,0.03396739
sts,deu_Latn,149202,▁Internetseite,1,0.03396739
sts,deu_Latn,149207,▁Wolfgang,1,0.03396739
sts,deu_Latn,149225,▁Staaten,1,0.03396739
sts,deu_Latn,149506,▁Werbung,1,0.03396739
sts,deu_Latn,150012,finden,1,0.03396739
sts,deu_Latn,150097,▁Vertrauen,1,0.03396739
sts,deu_Latn,150192,▁Tief,1,0.03396739
sts,deu_Latn,150437,▁Schrift,1,0.03396739
sts,deu_Latn,150935,terror,3,0.10190217
sts,deu_Latn,152102,▁CDU,15,0.50951087
sts,deu_Latn,152221,stoß,1,0.03396739
sts,deu_Latn,152766,▁behandelt,1,0.03396739
sts,deu_Latn,152999,560,1,0.03396739
sts,deu_Latn,154501,▁Gemeinschaft,1,0.03396739
sts,deu_Latn,154523,▁Gebrauch,1,0.03396739
sts,deu_Latn,157298,▁Regeln,1,0.03396739
sts,deu_Latn,158024,▁Bundestag,1,0.03396739
sts,deu_Latn,158845,▁ehrlich,1,0.03396739
sts,deu_Latn,159831,▁Karriere,1,0.03396739
sts,deu_Latn,161055,▁Christine,1,0.03396739
sts,deu_Latn,161974,Arabi,1,0.03396739
sts,deu_Latn,162895,▁beschrieben,4,0.13586957
sts,deu_Latn,163215,▁politischen,2,0.06793478
sts,deu_Latn,163283,▁hierzu,1,0.03396739
sts,deu_Latn,163305,▁Ausnahme,1,0.03396739
sts,deu_Latn,164535,▁dritten,1,0.03396739
sts,deu_Latn,164718,▁gesp,1,0.03396739
sts,deu_Latn,164801,▁militär,1,0.03396739
sts,deu_Latn,165039,einheit,1,0.03396739
sts,deu_Latn,165992,signal,1,0.03396739
sts,deu_Latn,167191,schläge,2,0.06793478
sts,deu_Latn,167319,▁ähnliche,2,0.06793478
sts,deu_Latn,167890,Vorsitzende,1,0.03396739
sts,deu_Latn,168614,▁offiziell,1,0.03396739
sts,deu_Latn,168721,▁Erkenntnis,1,0.03396739
sts,deu_Latn,168802,rennen,1,0.03396739
sts,deu_Latn,169466,▁Hinweise,1,0.03396739
sts,deu_Latn,169694,▁verletzt,1,0.03396739
sts,deu_Latn,169712,▁beteiligt,1,0.03396739
sts,deu_Latn,171053,▁Fahrer,1,0.03396739
sts,deu_Latn,171243,▁übertragen,1,0.03396739
sts,deu_Latn,171359,migrant,1,0.03396739
sts,deu_Latn,171399,▁Treffen,2,0.06793478
sts,deu_Latn,171957,gefordert,1,0.03396739
sts,deu_Latn,172293,gerechnet,1,0.03396739
sts,deu_Latn,172376,▁Remix,1,0.03396739
sts,deu_Latn,172811,▁lustig,1,0.03396739
sts,deu_Latn,173995,reinigung,5,0.16983696
sts,deu_Latn,174577,▁Auswirkungen,2,0.06793478
sts,deu_Latn,174931,▁Lied,1,0.03396739
sts,deu_Latn,175793,Veröffentlichung,1,0.03396739
sts,deu_Latn,175820,behörde,3,0.10190217
sts,deu_Latn,176276,▁richtet,1,0.03396739
sts,deu_Latn,177375,▁Brandenburg,2,0.06793478
sts,deu_Latn,180034,verhalten,1,0.03396739
sts,deu_Latn,180425,geordnet,1,0.03396739
sts,deu_Latn,180898,extrem,1,0.03396739
sts,deu_Latn,181810,▁Demonstra,1,0.03396739
sts,deu_Latn,181964,gefallen,1,0.03396739
sts,deu_Latn,181993,▁bislang,1,0.03396739
sts,deu_Latn,183040,▁Wähle,2,0.06793478
sts,deu_Latn,183140,hofer,2,0.06793478
sts,deu_Latn,183241,▁stammen,1,0.03396739
sts,deu_Latn,183474,▁steckt,1,0.03396739
sts,deu_Latn,185018,▁verhindern,1,0.03396739
sts,deu_Latn,187355,Politik,2,0.06793478
sts,deu_Latn,188070,Wenn,1,0.03396739
sts,deu_Latn,188077,▁zuerst,1,0.03396739
sts,deu_Latn,188143,▁grüne,2,0.06793478
sts,deu_Latn,190443,geschlagen,1,0.03396739
sts,deu_Latn,190502,gewalt,1,0.03396739
sts,deu_Latn,191731,▁Susanne,1,0.03396739
sts,deu_Latn,191939,gebunden,1,0.03396739
sts,deu_Latn,192362,▁organisiert,1,0.03396739
sts,deu_Latn,194565,▁bewegt,1,0.03396739
sts,deu_Latn,195723,▁Vermögen,1,0.03396739
sts,deu_Latn,198608,Chef,2,0.06793478
sts,deu_Latn,200500,tätig,5,0.16983696
sts,deu_Latn,200715,▁nutzt,3,0.10190217
sts,deu_Latn,200796,schätzung,3,0.10190217
sts,deu_Latn,201267,▁Demokratie,1,0.03396739
sts,deu_Latn,202225,▁beschlossen,2,0.06793478
sts,deu_Latn,202313,▁Mehrheit,1,0.03396739
sts,deu_Latn,203545,▁Zustimmung,1,0.03396739
sts,deu_Latn,206505,▁spätestens,1,0.03396739
sts,deu_Latn,207126,▁Spenden,2,0.06793478
sts,deu_Latn,207720,Mehr,1,0.03396739
sts,deu_Latn,207999,▁sammeln,1,0.03396739
sts,deu_Latn,208260,▁Bundesregierung,4,0.13586957
sts,deu_Latn,208580,▁Norbert,1,0.03396739
sts,deu_Latn,209489,israel,1,0.03396739
sts,deu_Latn,209867,▁konspira,1,0.03396739
sts,deu_Latn,210126,▁Münster,1,0.03396739
sts,deu_Latn,210485,▁Verhandlung,1,0.03396739
sts,deu_Latn,212353,▁Verfassung,1,0.03396739
sts,deu_Latn,215097,▁vorgenommen,1,0.03396739
sts,deu_Latn,215289,sammlung,1,0.03396739
sts,deu_Latn,216733,▁verfolgt,1,0.03396739
sts,deu_Latn,217909,▁zwölf,1,0.03396739
sts,deu_Latn,219006,Partner,1,0.03396739
sts,deu_Latn,219416,gefunden,1,0.03396739
sts,deu_Latn,219813,▁schließen,1,0.03396739
sts,deu_Latn,220034,▁Angehörige,1,0.03396739
sts,deu_Latn,220423,präsident,3,0.10190217
sts,deu_Latn,221500,▁Vorschläge,1,0.03396739
sts,deu_Latn,222969,politische,1,0.03396739
sts,deu_Latn,223809,▁Hizb,11,0.37364130
sts,deu_Latn,225749,▁begrüßen,1,0.03396739
sts,deu_Latn,226486,Fraktion,2,0.06793478
sts,deu_Latn,230416,▁jüngst,1,0.03396739
sts,deu_Latn,231715,▁Vereinigte,1,0.03396739
sts,deu_Latn,233019,verarbeitung,1,0.03396739
sts,deu_Latn,234070,Straße,3,0.10190217
sts,deu_Latn,235450,▁Potenzial,1,0.03396739
sts,deu_Latn,236764,▁Völker,1,0.03396739
sts,deu_Latn,241832,Abgeordnete,1,0.03396739
sts,deu_Latn,241930,▁bundesweit,1,0.03396739
sts,nld_Latn,4,",",3,0.10166045
sts,nld_Latn,5,.,214,7.25177906
sts,nld_Latn,6,▁,47,1.59268045
sts,nld_Latn,7,s,28,0.94883090
sts,nld_Latn,8,▁de,65,2.20264317
sts,nld_Latn,9,-,7,0.23720773
sts,nld_Latn,10,▁a,1,0.03388682
sts,nld_Latn,11,a,2,0.06777364
sts,nld_Latn,13,e,18,0.60996272
sts,nld_Latn,14,i,4,0.13554727
sts,nld_Latn,18,t,58,1.96543545
sts,nld_Latn,19,n,18,0.60996272
sts,nld_Latn,21,▁la,1,0.03388682
sts,nld_Latn,22,▁en,24,0.81328363
sts,nld_Latn,23,▁in,62,2.10098272
sts,nld_Latn,24,▁na,3,0.10166045
sts,nld_Latn,25,',5,0.16943409
sts,nld_Latn,31,o,3,0.10166045
sts,nld_Latn,33,en,50,1.69434090
sts,nld_Latn,34,u,1,0.03388682
sts,nld_Latn,36,▁o,4,0.13554727
sts,nld_Latn,39,m,5,0.16943409
sts,nld_Latn,47,▁to,2,0.06777364
sts,nld_Latn,54,▁do,1,0.03388682
sts,nld_Latn,55,▁je,1,0.03388682
sts,nld_Latn,56,er,6,0.20332091
sts,nld_Latn,62,▁A,1,0.03388682
sts,nld_Latn,67,te,4,0.13554727
sts,nld_Latn,68,▁die,31,1.05049136
sts,nld_Latn,71,d,11,0.37275500
sts,nld_Latn,72,▁er,1,0.03388682
sts,nld_Latn,73,in,4,0.13554727
sts,nld_Latn,79,▁ja,3,0.10166045
sts,nld_Latn,80,▁za,3,0.10166045
sts,nld_Latn,83,▁is,19,0.64384954
sts,nld_Latn,91,▁s,2,0.06777364
sts,nld_Latn,92,k,5,0.16943409
sts,nld_Latn,93,ni,2,0.06777364
sts,nld_Latn,97,▁z,3,0.10166045
sts,nld_Latn,108,▁ne,1,0.03388682
sts,nld_Latn,111,▁of,1,0.03388682
sts,nld_Latn,112,de,3,0.10166045
sts,nld_Latn,116,▁2,1,0.03388682
sts,nld_Latn,120,▁te,19,0.64384954
sts,nld_Latn,121,▁para,2,0.06777364
sts,nld_Latn,126,et,2,0.06777364
sts,nld_Latn,128,▁med,1,0.03388682
sts,nld_Latn,131,▁van,27,0.91494409
sts,nld_Latn,133,le,1,0.03388682
sts,nld_Latn,141,l,2,0.06777364
sts,nld_Latn,143,la,2,0.06777364
sts,nld_Latn,147,ar,3,0.10166045
sts,nld_Latn,148,▁w,1,0.03388682
sts,nld_Latn,170,j,5,0.16943409
sts,nld_Latn,171,▁om,15,0.50830227
sts,nld_Latn,173,▁ve,1,0.03388682
sts,nld_Latn,184,se,1,0.03388682
sts,nld_Latn,186,▁be,7,0.23720773
sts,nld_Latn,190,▁5,1,0.03388682
sts,nld_Latn,203,▁kan,2,0.06777364
sts,nld_Latn,208,ga,1,0.03388682
sts,nld_Latn,214,ing,1,0.03388682
sts,nld_Latn,223,us,1,0.03388682
sts,nld_Latn,225,▁het,39,1.32158590
sts,nld_Latn,233,▁op,64,2.16875635
sts,nld_Latn,236,je,7,0.23720773
sts,nld_Latn,241,▁E,1,0.03388682
sts,nld_Latn,246,do,1,0.03388682
sts,nld_Latn,249,▁pa,1,0.03388682
sts,nld_Latn,254,p,1,0.03388682
sts,nld_Latn,257,at,1,0.03388682
sts,nld_Latn,261,▁af,3,0.10166045
sts,nld_Latn,262,▁De,47,1.59268045
sts,nld_Latn,275,b,1,0.03388682
sts,nld_Latn,279,▁vi,1,0.03388682
sts,nld_Latn,289,al,3,0.10166045
sts,nld_Latn,293,▁een,176,5.96407997
sts,nld_Latn,297,ed,4,0.13554727
sts,nld_Latn,298,▁ko,6,0.20332091
sts,nld_Latn,302,am,1,0.03388682
sts,nld_Latn,307,▁va,1,0.03388682
sts,nld_Latn,311,▁ke,1,0.03388682
sts,nld_Latn,329,ce,2,0.06777364
sts,nld_Latn,332,▁man,44,1.49101999
sts,nld_Latn,337,▁bo,1,0.03388682
sts,nld_Latn,343,ek,2,0.06777364
sts,nld_Latn,360,▁In,1,0.03388682
sts,nld_Latn,372,be,1,0.03388682
sts,nld_Latn,384,▁T,1,0.03388682
sts,nld_Latn,404,▁zu,1,0.03388682
sts,nld_Latn,429,ge,2,0.06777364
sts,nld_Latn,434,w,1,0.03388682
sts,nld_Latn,435,▁met,30,1.01660454
sts,nld_Latn,436,▁P,1,0.03388682
sts,nld_Latn,456,▁re,2,0.06777364
sts,nld_Latn,472,▁k,1,0.03388682
sts,nld_Latn,478,ie,1,0.03388682
sts,nld_Latn,481,ir,2,0.06777364
sts,nld_Latn,493,▁ver,8,0.27109454
sts,nld_Latn,494,▁pri,1,0.03388682
sts,nld_Latn,497,ho,1,0.03388682
sts,nld_Latn,502,▁pro,1,0.03388682
sts,nld_Latn,509,▁was,1,0.03388682
sts,nld_Latn,510,ten,3,0.10166045
sts,nld_Latn,516,ro,1,0.03388682
sts,nld_Latn,525,est,1,0.03388682
sts,nld_Latn,555,den,3,0.10166045
sts,nld_Latn,567,▁Z,1,0.03388682
sts,nld_Latn,582,▁Vi,1,0.03388682
sts,nld_Latn,583,el,2,0.06777364
sts,nld_Latn,596,za,3,0.10166045
sts,nld_Latn,603,ler,2,0.06777364
sts,nld_Latn,604,▁her,1,0.03388682
sts,nld_Latn,607,▁dat,4,0.13554727
sts,nld_Latn,624,▁voor,18,0.60996272
sts,nld_Latn,634,wa,1,0.03388682
sts,nld_Latn,645,▁over,9,0.30498136
sts,nld_Latn,664,▁aan,13,0.44052863
sts,nld_Latn,673,▁ra,1,0.03388682
sts,nld_Latn,700,▁ge,3,0.10166045
sts,nld_Latn,712,ad,1,0.03388682
sts,nld_Latn,731,ze,2,0.06777364
sts,nld_Latn,739,▁ho,3,0.10166045
sts,nld_Latn,748,or,1,0.03388682
sts,nld_Latn,807,▁dans,2,0.06777364
sts,nld_Latn,808,▁t,2,0.06777364
sts,nld_Latn,814,ver,1,0.03388682
sts,nld_Latn,837,bo,1,0.03388682
sts,nld_Latn,856,V,1,0.03388682
sts,nld_Latn,872,ig,1,0.03388682
sts,nld_Latn,873,▁Be,1,0.03388682
sts,nld_Latn,932,▁ze,5,0.16943409
sts,nld_Latn,965,vo,1,0.03388682
sts,nld_Latn,982,ren,3,0.10166045
sts,nld_Latn,1004,▁Er,10,0.33886818
sts,nld_Latn,1011,▁dar,1,0.03388682
sts,nld_Latn,1015,sen,8,0.27109454
sts,nld_Latn,1018,ele,1,0.03388682
sts,nld_Latn,1055,men,1,0.03388682
sts,nld_Latn,1056,▁zijn,26,0.88105727
sts,nld_Latn,1059,▁ci,1,0.03388682
sts,nld_Latn,1098,ken,3,0.10166045
sts,nld_Latn,1111,▁Men,7,0.23720773
sts,nld_Latn,1123,▁uit,8,0.27109454
sts,nld_Latn,1132,hu,1,0.03388682
sts,nld_Latn,1136,▁Ka,1,0.03388682
sts,nld_Latn,1153,kar,1,0.03388682
sts,nld_Latn,1179,net,2,0.06777364
sts,nld_Latn,1186,▁tot,1,0.03388682
sts,nld_Latn,1212,ine,4,0.13554727
sts,nld_Latn,1314,ers,6,0.20332091
sts,nld_Latn,1346,▁film,2,0.06777364
sts,nld_Latn,1348,▁niet,1,0.03388682
sts,nld_Latn,1357,ere,1,0.03388682
sts,nld_Latn,1360,▁tre,1,0.03388682
sts,nld_Latn,1409,gen,1,0.03388682
sts,nld_Latn,1436,cha,1,0.03388682
sts,nld_Latn,1442,▁dag,3,0.10166045
sts,nld_Latn,1486,ite,1,0.03388682
sts,nld_Latn,1492,▁ten,1,0.03388682
sts,nld_Latn,1515,ster,1,0.03388682
sts,nld_Latn,1559,nje,1,0.03388682
sts,nld_Latn,1572,▁Man,1,0.03388682
sts,nld_Latn,1581,▁ska,2,0.06777364
sts,nld_Latn,1582,▁bij,5,0.16943409
sts,nld_Latn,1585,▁ben,1,0.03388682
sts,nld_Latn,1601,▁super,1,0.03388682
sts,nld_Latn,1615,▁era,1,0.03388682
sts,nld_Latn,1674,ud,1,0.03388682
sts,nld_Latn,1728,ker,1,0.03388682
sts,nld_Latn,1774,▁plan,1,0.03388682
sts,nld_Latn,1779,ns,7,0.23720773
sts,nld_Latn,1902,▁had,1,0.03388682
sts,nld_Latn,1911,▁door,7,0.23720773
sts,nld_Latn,1924,▁sta,1,0.03388682
sts,nld_Latn,1926,▁hun,7,0.23720773
sts,nld_Latn,1927,▁tri,1,0.03388682
sts,nld_Latn,1937,▁lang,2,0.06777364
sts,nld_Latn,1947,▁Het,7,0.23720773
sts,nld_Latn,1974,let,2,0.06777364
sts,nld_Latn,1977,len,1,0.03388682
sts,nld_Latn,1978,▁gli,5,0.16943409
sts,nld_Latn,2011,▁foto,4,0.13554727
sts,nld_Latn,2043,▁net,1,0.03388682
sts,nld_Latn,2046,▁get,1,0.03388682
sts,nld_Latn,2069,ling,1,0.03388682
sts,nld_Latn,2208,nd,3,0.10166045
sts,nld_Latn,2278,pen,2,0.06777364
sts,nld_Latn,2279,ën,1,0.03388682
sts,nld_Latn,2285,ende,2,0.06777364
sts,nld_Latn,2313,▁naar,16,0.54218909
sts,nld_Latn,2371,▁Ti,1,0.03388682
sts,nld_Latn,2407,af,1,0.03388682
sts,nld_Latn,2507,eg,1,0.03388682
sts,nld_Latn,2522,▁pak,1,0.03388682
sts,nld_Latn,2529,ert,3,0.10166045
sts,nld_Latn,2601,vel,2,0.06777364
sts,nld_Latn,2610,▁worden,3,0.10166045
sts,nld_Latn,2703,ag,7,0.23720773
sts,nld_Latn,2746,én,1,0.03388682
sts,nld_Latn,2755,aan,2,0.06777364
sts,nld_Latn,2814,▁gaan,1,0.03388682
sts,nld_Latn,2852,ring,2,0.06777364
sts,nld_Latn,2873,ade,1,0.03388682
sts,nld_Latn,2926,▁motor,2,0.06777364
sts,nld_Latn,2955,tro,1,0.03388682
sts,nld_Latn,3034,▁test,1,0.03388682
sts,nld_Latn,3041,dra,1,0.03388682
sts,nld_Latn,3121,zen,2,0.06777364
sts,nld_Latn,3133,▁kat,3,0.10166045
sts,nld_Latn,3141,lim,2,0.06777364
sts,nld_Latn,3176,▁veel,1,0.03388682
sts,nld_Latn,3188,▁heeft,13,0.44052863
sts,nld_Latn,3283,▁ont,1,0.03388682
sts,nld_Latn,3297,▁sme,1,0.03388682
sts,nld_Latn,3424,▁bal,4,0.13554727
sts,nld_Latn,3428,▁tro,2,0.06777364
sts,nld_Latn,3473,ket,1,0.03388682
sts,nld_Latn,3486,▁hon,1,0.03388682
sts,nld_Latn,3514,▁gre,1,0.03388682
sts,nld_Latn,3535,▁hand,2,0.06777364
sts,nld_Latn,3562,▁wil,2,0.06777364
sts,nld_Latn,3571,bal,5,0.16943409
sts,nld_Latn,3611,end,1,0.03388682
sts,nld_Latn,3643,▁jam,1,0.03388682
sts,nld_Latn,3683,eren,2,0.06777364
sts,nld_Latn,3719,lam,1,0.03388682
sts,nld_Latn,3778,▁wordt,4,0.13554727
sts,nld_Latn,3786,▁Ze,2,0.06777364
sts,nld_Latn,3820,▁fe,1,0.03388682
sts,nld_Latn,3899,▁hebben,2,0.06777364
sts,nld_Latn,3932,▁onder,1,0.03388682
sts,nld_Latn,4034,▁start,1,0.03388682
sts,nld_Latn,4052,▁andere,4,0.13554727
sts,nld_Latn,4155,▁ger,1,0.03388682
sts,nld_Latn,4190,▁weer,1,0.03388682
sts,nld_Latn,4205,war,1,0.03388682
sts,nld_Latn,4240,ef,1,0.03388682
sts,nld_Latn,4295,rs,2,0.06777364
sts,nld_Latn,4319,▁haar,12,0.40664182
sts,nld_Latn,4323,▁wo,1,0.03388682
sts,nld_Latn,4383,zer,1,0.03388682
sts,nld_Latn,4408,▁geen,1,0.03388682
sts,nld_Latn,4451,gang,1,0.03388682
sts,nld_Latn,4498,▁vis,1,0.03388682
sts,nld_Latn,4532,tje,1,0.03388682
sts,nld_Latn,4545,dem,1,0.03388682
sts,nld_Latn,4591,▁tapi,1,0.03388682
sts,nld_Latn,4615,eu,1,0.03388682
sts,nld_Latn,4620,▁bank,4,0.13554727
sts,nld_Latn,4621,▁hoe,2,0.06777364
sts,nld_Latn,4740,▁kap,1,0.03388682
sts,nld_Latn,4834,chen,2,0.06777364
sts,nld_Latn,4896,este,1,0.03388682
sts,nld_Latn,4977,▁doen,2,0.06777364
sts,nld_Latn,4986,ische,1,0.03388682
sts,nld_Latn,5018,▁Een,114,3.86309726
sts,nld_Latn,5037,form,1,0.03388682
sts,nld_Latn,5076,zel,1,0.03388682
sts,nld_Latn,5101,▁mens,2,0.06777364
sts,nld_Latn,5320,zia,1,0.03388682
sts,nld_Latn,5386,gt,1,0.03388682
sts,nld_Latn,5481,stad,1,0.03388682
sts,nld_Latn,5486,lich,1,0.03388682
sts,nld_Latn,5622,▁date,1,0.03388682
sts,nld_Latn,5697,▁werk,3,0.10166045
sts,nld_Latn,5732,▁spo,1,0.03388682
sts,nld_Latn,5870,zon,1,0.03388682
sts,nld_Latn,5904,▁tiene,2,0.06777364
sts,nld_Latn,5918,bas,1,0.03388682
sts,nld_Latn,5980,uni,1,0.03388682
sts,nld_Latn,6057,▁star,1,0.03388682
sts,nld_Latn,6136,▁rol,1,0.03388682
sts,nld_Latn,6174,maa,1,0.03388682
sts,nld_Latn,6328,pt,1,0.03388682
sts,nld_Latn,6385,▁waa,1,0.03388682
sts,nld_Latn,6459,▁volgende,1,0.03388682
sts,nld_Latn,6488,wer,2,0.06777364
sts,nld_Latn,6494,▁bad,1,0.03388682
sts,nld_Latn,6647,▁paar,4,0.13554727
sts,nld_Latn,6704,elt,1,0.03388682
sts,nld_Latn,6712,▁game,1,0.03388682
sts,nld_Latn,6815,ier,1,0.03388682
sts,nld_Latn,6817,▁fall,1,0.03388682
sts,nld_Latn,6865,hel,1,0.03388682
sts,nld_Latn,6867,▁live,1,0.03388682
sts,nld_Latn,7158,▁ski,3,0.10166045
sts,nld_Latn,7175,▁team,1,0.03388682
sts,nld_Latn,7205,▁maken,6,0.20332091
sts,nld_Latn,7401,▁water,7,0.23720773
sts,nld_Latn,7559,▁zich,4,0.13554727
sts,nld_Latn,7701,hem,2,0.06777364
sts,nld_Latn,7710,wn,1,0.03388682
sts,nld_Latn,7745,eur,1,0.03388682
sts,nld_Latn,7797,werk,1,0.03388682
sts,nld_Latn,7831,ets,1,0.03388682
sts,nld_Latn,7895,▁kara,1,0.03388682
sts,nld_Latn,8072,▁twee,6,0.20332091
sts,nld_Latn,8167,▁dra,5,0.16943409
sts,nld_Latn,8449,▁waren,1,0.03388682
sts,nld_Latn,8518,▁eigen,1,0.03388682
sts,nld_Latn,8541,jn,1,0.03388682
sts,nld_Latn,8551,film,2,0.06777364
sts,nld_Latn,8562,▁kind,11,0.37275500
sts,nld_Latn,8634,▁bom,1,0.03388682
sts,nld_Latn,8913,auto,1,0.03388682
sts,nld_Latn,8953,▁heel,2,0.06777364
sts,nld_Latn,9102,▁groot,3,0.10166045
sts,nld_Latn,9201,▁park,1,0.03388682
sts,nld_Latn,9370,isch,2,0.06777364
sts,nld_Latn,9393,less,1,0.03388682
sts,nld_Latn,9447,▁ander,1,0.03388682
sts,nld_Latn,9689,▁gaat,1,0.03388682
sts,nld_Latn,9932,▁bla,1,0.03388682
sts,nld_Latn,10010,▁spel,6,0.20332091
sts,nld_Latn,10046,▁staat,12,0.40664182
sts,nld_Latn,10314,▁gri,2,0.06777364
sts,nld_Latn,10513,▁weg,3,0.10166045
sts,nld_Latn,10521,kwa,1,0.03388682
sts,nld_Latn,10584,▁iets,2,0.06777364
sts,nld_Latn,10588,▁rest,1,0.03388682
sts,nld_Latn,10628,tto,2,0.06777364
sts,nld_Latn,10696,▁school,2,0.06777364
sts,nld_Latn,10702,▁vier,4,0.13554727
sts,nld_Latn,10786,▁Deze,1,0.03388682
sts,nld_Latn,10880,▁huis,3,0.10166045
sts,nld_Latn,10936,▁laat,3,0.10166045
sts,nld_Latn,11052,jum,1,0.03388682
sts,nld_Latn,11061,wang,1,0.03388682
sts,nld_Latn,11120,▁mensen,20,0.67773636
sts,nld_Latn,11204,▁Mei,1,0.03388682
sts,nld_Latn,11281,▁werd,1,0.03388682
sts,nld_Latn,11337,spel,6,0.20332091
sts,nld_Latn,11439,kken,2,0.06777364
sts,nld_Latn,11606,dora,1,0.03388682
sts,nld_Latn,11896,iel,1,0.03388682
sts,nld_Latn,11911,bru,1,0.03388682
sts,nld_Latn,11946,spor,1,0.03388682
sts,nld_Latn,11948,▁micro,1,0.03388682
sts,nld_Latn,11958,▁bed,1,0.03388682
sts,nld_Latn,12146,▁individu,1,0.03388682
sts,nld_Latn,12562,▁bre,1,0.03388682
sts,nld_Latn,12680,▁kok,1,0.03388682
sts,nld_Latn,12789,▁mann,2,0.06777364
sts,nld_Latn,12900,weg,3,0.10166045
sts,nld_Latn,12966,▁klas,1,0.03388682
sts,nld_Latn,13014,▁echt,1,0.03388682
sts,nld_Latn,13015,▁Hon,1,0.03388682
sts,nld_Latn,13099,▁binnen,2,0.06777364
sts,nld_Latn,13148,▁mok,1,0.03388682
sts,nld_Latn,13268,▁meni,2,0.06777364
sts,nld_Latn,13384,dt,2,0.06777364
sts,nld_Latn,13425,▁kleine,2,0.06777364
sts,nld_Latn,13466,▁staan,4,0.13554727
sts,nld_Latn,13629,▁sti,1,0.03388682
sts,nld_Latn,13639,▁bru,7,0.23720773
sts,nld_Latn,13885,hou,1,0.03388682
sts,nld_Latn,13924,▁wol,1,0.03388682
sts,nld_Latn,13950,▁rock,1,0.03388682
sts,nld_Latn,14246,▁omdat,2,0.06777364
sts,nld_Latn,14311,mut,1,0.03388682
sts,nld_Latn,14331,▁sap,1,0.03388682
sts,nld_Latn,14340,▁zien,1,0.03388682
sts,nld_Latn,14395,▁grote,1,0.03388682
sts,nld_Latn,14617,▁tru,2,0.06777364
sts,nld_Latn,14666,▁boek,1,0.03388682
sts,nld_Latn,14753,▁sco,1,0.03388682
sts,nld_Latn,14817,wit,1,0.03388682
sts,nld_Latn,14912,▁Mann,2,0.06777364
sts,nld_Latn,15014,▁zoals,1,0.03388682
sts,nld_Latn,15546,▁baby,1,0.03388682
sts,nld_Latn,15593,▁camera,1,0.03388682
sts,nld_Latn,16037,nts,1,0.03388682
sts,nld_Latn,16049,▁drog,1,0.03388682
sts,nld_Latn,16195,▁spi,1,0.03388682
sts,nld_Latn,16307,▁bord,2,0.06777364
sts,nld_Latn,16348,▁kamer,3,0.10166045
sts,nld_Latn,16445,▁graag,2,0.06777364
sts,nld_Latn,16505,▁Life,1,0.03388682
sts,nld_Latn,16539,▁snel,1,0.03388682
sts,nld_Latn,16840,iter,1,0.03388682
sts,nld_Latn,16845,▁vui,2,0.06777364
sts,nld_Latn,16867,▁religi,1,0.03388682
sts,nld_Latn,16899,▁rond,3,0.10166045
sts,nld_Latn,16913,▁samen,1,0.03388682
sts,nld_Latn,16918,chten,1,0.03388682
sts,nld_Latn,17192,▁Abu,1,0.03388682
sts,nld_Latn,17419,kte,2,0.06777364
sts,nld_Latn,17564,valt,1,0.03388682
sts,nld_Latn,17706,eurs,1,0.03388682
sts,nld_Latn,17796,kkel,1,0.03388682
sts,nld_Latn,17952,▁viss,3,0.10166045
sts,nld_Latn,18153,▁plant,1,0.03388682
sts,nld_Latn,18234,ffer,1,0.03388682
sts,nld_Latn,18241,mens,2,0.06777364
sts,nld_Latn,18278,▁klein,3,0.10166045
sts,nld_Latn,18299,uze,1,0.03388682
sts,nld_Latn,18410,▁vast,3,0.10166045
sts,nld_Latn,18530,▁Hij,1,0.03388682
sts,nld_Latn,18591,▁vist,1,0.03388682
sts,nld_Latn,18774,▁ges,2,0.06777364
sts,nld_Latn,18784,▁stu,2,0.06777364
sts,nld_Latn,18795,▁kak,1,0.03388682
sts,nld_Latn,18945,▁kle,1,0.03388682
sts,nld_Latn,19005,eus,1,0.03388682
sts,nld_Latn,19014,▁drie,2,0.06777364
sts,nld_Latn,19064,▁pose,2,0.06777364
sts,nld_Latn,19067,▁pense,1,0.03388682
sts,nld_Latn,19161,▁laten,1,0.03388682
sts,nld_Latn,19388,eld,1,0.03388682
sts,nld_Latn,19410,▁moeten,1,0.03388682
sts,nld_Latn,19514,tting,1,0.03388682
sts,nld_Latn,19585,▁achter,3,0.10166045
sts,nld_Latn,19657,▁golf,2,0.06777364
sts,nld_Latn,20118,atie,2,0.06777364
sts,nld_Latn,20186,▁bosh,1,0.03388682
sts,nld_Latn,20211,▁wanneer,1,0.03388682
sts,nld_Latn,20428,▁concert,1,0.03388682
sts,nld_Latn,20450,▁clo,1,0.03388682
sts,nld_Latn,20576,▁papier,1,0.03388682
sts,nld_Latn,20624,▁druk,1,0.03388682
sts,nld_Latn,20788,▁rot,1,0.03388682
sts,nld_Latn,20819,▁instru,1,0.03388682
sts,nld_Latn,20820,stor,1,0.03388682
sts,nld_Latn,21070,mmen,2,0.06777364
sts,nld_Latn,21126,▁cent,1,0.03388682
sts,nld_Latn,21297,elijk,1,0.03388682
sts,nld_Latn,21311,bij,1,0.03388682
sts,nld_Latn,21377,elijke,3,0.10166045
sts,nld_Latn,21462,glas,1,0.03388682
sts,nld_Latn,21493,uff,1,0.03388682
sts,nld_Latn,21538,▁één,1,0.03388682
sts,nld_Latn,21583,▁zit,5,0.16943409
sts,nld_Latn,21925,▁punt,2,0.06777364
sts,nld_Latn,22015,▁zoek,1,0.03388682
sts,nld_Latn,22768,▁groep,13,0.44052863
sts,nld_Latn,22877,blad,1,0.03388682
sts,nld_Latn,22928,▁Blue,1,0.03388682
sts,nld_Latn,22945,▁beton,1,0.03388682
sts,nld_Latn,22990,▁zonder,3,0.10166045
sts,nld_Latn,23119,▁gele,1,0.03388682
sts,nld_Latn,23127,eken,1,0.03388682
sts,nld_Latn,23205,▁metro,1,0.03388682
sts,nld_Latn,23355,▁zeer,1,0.03388682
sts,nld_Latn,23417,▁drink,3,0.10166045
sts,nld_Latn,23439,▁schi,1,0.03388682
sts,nld_Latn,23475,▁kinderen,10,0.33886818
sts,nld_Latn,23524,▁werken,1,0.03388682
sts,nld_Latn,23816,wand,1,0.03388682
sts,nld_Latn,23910,▁elkaar,2,0.06777364
sts,nld_Latn,23953,▁nek,1,0.03388682
sts,nld_Latn,23962,ters,1,0.03388682
sts,nld_Latn,24030,▁nerv,1,0.03388682
sts,nld_Latn,24170,▁tijdens,4,0.13554727
sts,nld_Latn,24236,▁geven,1,0.03388682
sts,nld_Latn,24351,board,2,0.06777364
sts,nld_Latn,24477,▁iemand,1,0.03388682
sts,nld_Latn,24700,kende,1,0.03388682
sts,nld_Latn,24751,aat,1,0.03388682
sts,nld_Latn,24760,▁persoon,10,0.33886818
sts,nld_Latn,25054,lach,2,0.06777364
sts,nld_Latn,25193,▁slo,1,0.03388682
sts,nld_Latn,25302,▁vanaf,1,0.03388682
sts,nld_Latn,25306,kers,2,0.06777364
sts,nld_Latn,25400,wol,2,0.06777364
sts,nld_Latn,25536,ijn,1,0.03388682
sts,nld_Latn,25660,huis,2,0.06777364
sts,nld_Latn,25965,mend,1,0.03388682
sts,nld_Latn,25997,▁koffie,1,0.03388682
sts,nld_Latn,26268,▁nummer,1,0.03388682
sts,nld_Latn,26652,gte,2,0.06777364
sts,nld_Latn,26713,▁kant,3,0.10166045
sts,nld_Latn,26864,▁langs,5,0.16943409
sts,nld_Latn,26902,▁Angel,1,0.03388682
sts,nld_Latn,27006,▁grond,1,0.03388682
sts,nld_Latn,27197,▁hoor,1,0.03388682
sts,nld_Latn,27403,ijs,1,0.03388682
sts,nld_Latn,27423,jd,1,0.03388682
sts,nld_Latn,27440,markt,1,0.03388682
sts,nld_Latn,27550,▁maakt,3,0.10166045
sts,nld_Latn,27572,▁Klein,1,0.03388682
sts,nld_Latn,27689,▁gras,4,0.13554727
sts,nld_Latn,27901,▁nemen,1,0.03388682
sts,nld_Latn,28534,▁kiek,1,0.03388682
sts,nld_Latn,28605,▁buiten,9,0.30498136
sts,nld_Latn,28624,schap,1,0.03388682
sts,nld_Latn,28780,▁scor,1,0.03388682
sts,nld_Latn,29216,▁bek,2,0.06777364
sts,nld_Latn,29442,veld,2,0.06777364
sts,nld_Latn,29892,▁rap,1,0.03388682
sts,nld_Latn,30316,▁brak,1,0.03388682
sts,nld_Latn,30335,▁krijgen,1,0.03388682
sts,nld_Latn,30753,▁rug,2,0.06777364
sts,nld_Latn,30827,▁dame,2,0.06777364
sts,nld_Latn,30987,vak,1,0.03388682
sts,nld_Latn,31330,▁letter,1,0.03388682
sts,nld_Latn,31385,pte,1,0.03388682
sts,nld_Latn,31449,▁korte,1,0.03388682
sts,nld_Latn,31570,tische,1,0.03388682
sts,nld_Latn,31576,▁spring,11,0.37275500
sts,nld_Latn,31738,eten,1,0.03388682
sts,nld_Latn,31792,▁mannen,11,0.37275500
sts,nld_Latn,31918,▁kasta,1,0.03388682
sts,nld_Latn,32304,tuur,1,0.03388682
sts,nld_Latn,32594,▁strand,5,0.16943409
sts,nld_Latn,32902,▁gebruikt,2,0.06777364
sts,nld_Latn,32924,▁speel,1,0.03388682
sts,nld_Latn,33411,ranje,2,0.06777364
sts,nld_Latn,33605,chter,1,0.03388682
sts,nld_Latn,33607,▁zullen,1,0.03388682
sts,nld_Latn,33658,▁rij,3,0.10166045
sts,nld_Latn,34618,▁Markt,1,0.03388682
sts,nld_Latn,34784,▁arrest,1,0.03388682
sts,nld_Latn,35277,▁houden,3,0.10166045
sts,nld_Latn,35710,wart,1,0.03388682
sts,nld_Latn,35912,▁hoofd,4,0.13554727
sts,nld_Latn,36591,▁lucht,3,0.10166045
sts,nld_Latn,36737,ppel,2,0.06777364
sts,nld_Latn,36974,▁bos,2,0.06777364
sts,nld_Latn,37192,komen,1,0.03388682
sts,nld_Latn,37217,ukas,1,0.03388682
sts,nld_Latn,37258,▁zon,1,0.03388682
sts,nld_Latn,38184,shirt,6,0.20332091
sts,nld_Latn,38213,▁Scr,1,0.03388682
sts,nld_Latn,38352,▁speed,1,0.03388682
sts,nld_Latn,38688,oren,1,0.03388682
sts,nld_Latn,39006,▁iedereen,1,0.03388682
sts,nld_Latn,39192,▁bril,2,0.06777364
sts,nld_Latn,39263,▁gesch,1,0.03388682
sts,nld_Latn,39271,jf,1,0.03388682
sts,nld_Latn,39334,richt,1,0.03388682
sts,nld_Latn,39483,▁ruimte,1,0.03388682
sts,nld_Latn,39807,▁koop,1,0.03388682
sts,nld_Latn,39824,▁producten,2,0.06777364
sts,nld_Latn,39856,▁taxi,1,0.03388682
sts,nld_Latn,39862,zwe,4,0.13554727
sts,nld_Latn,40172,▁buurt,1,0.03388682
sts,nld_Latn,40207,▁Joe,1,0.03388682
sts,nld_Latn,40250,▁tradition,1,0.03388682
sts,nld_Latn,40302,▁berg,1,0.03388682
sts,nld_Latn,40466,▁college,1,0.03388682
sts,nld_Latn,40781,▁lunch,1,0.03388682
sts,nld_Latn,42236,▁demonstr,1,0.03388682
sts,nld_Latn,42351,▁arbeid,1,0.03388682
sts,nld_Latn,42474,▁kijken,7,0.23720773
sts,nld_Latn,42614,▁verd,1,0.03388682
sts,nld_Latn,42633,▁werkt,1,0.03388682
sts,nld_Latn,43039,▁hulp,2,0.06777364
sts,nld_Latn,43198,▁wit,3,0.10166045
sts,nld_Latn,43386,ool,1,0.03388682
sts,nld_Latn,44299,▁probeer,1,0.03388682
sts,nld_Latn,44420,team,2,0.06777364
sts,nld_Latn,44529,▁dokter,1,0.03388682
sts,nld_Latn,45299,▁blot,1,0.03388682
sts,nld_Latn,45419,lacht,2,0.06777364
sts,nld_Latn,45605,▁zitten,5,0.16943409
sts,nld_Latn,45712,▁race,5,0.16943409
sts,nld_Latn,45835,▁ligt,1,0.03388682
sts,nld_Latn,45845,baan,2,0.06777364
sts,nld_Latn,45882,sap,1,0.03388682
sts,nld_Latn,45982,▁klaar,2,0.06777364
sts,nld_Latn,46136,▁Onze,1,0.03388682
sts,nld_Latn,46203,▁niemand,1,0.03388682
sts,nld_Latn,47219,▁death,1,0.03388682
sts,nld_Latn,47271,▁klanten,1,0.03388682
sts,nld_Latn,47336,▁helpen,1,0.03388682
sts,nld_Latn,47530,▁Toe,1,0.03388682
sts,nld_Latn,47757,▁jonge,31,1.05049136
sts,nld_Latn,47945,▁doet,5,0.16943409
sts,nld_Latn,48178,bene,1,0.03388682
sts,nld_Latn,48646,▁kijk,8,0.27109454
sts,nld_Latn,48824,muse,1,0.03388682
sts,nld_Latn,49935,▁boot,2,0.06777364
sts,nld_Latn,49946,▁ziet,1,0.03388682
sts,nld_Latn,50398,▁jong,3,0.10166045
sts,nld_Latn,50999,▁tuin,1,0.03388682
sts,nld_Latn,51472,▁beeld,3,0.10166045
sts,nld_Latn,51658,gebied,1,0.03388682
sts,nld_Latn,51858,visor,1,0.03388682
sts,nld_Latn,51865,▁Vier,1,0.03388682
sts,nld_Latn,52648,▁rust,1,0.03388682
sts,nld_Latn,53149,riet,1,0.03388682
sts,nld_Latn,53235,▁fonte,1,0.03388682
sts,nld_Latn,53772,▁Cafe,1,0.03388682
sts,nld_Latn,53823,roep,1,0.03388682
sts,nld_Latn,54035,wacht,1,0.03388682
sts,nld_Latn,54324,▁sold,1,0.03388682
sts,nld_Latn,54379,mla,1,0.03388682
sts,nld_Latn,55435,volg,2,0.06777364
sts,nld_Latn,55748,schop,1,0.03388682
sts,nld_Latn,56346,nemer,1,0.03388682
sts,nld_Latn,56389,▁praat,2,0.06777364
sts,nld_Latn,56903,▁winkel,3,0.10166045
sts,nld_Latn,57054,tuin,2,0.06777364
sts,nld_Latn,57219,▁hek,1,0.03388682
sts,nld_Latn,57276,▁eten,3,0.10166045
sts,nld_Latn,57327,wijs,1,0.03388682
sts,nld_Latn,57603,polo,1,0.03388682
sts,nld_Latn,57667,leven,1,0.03388682
sts,nld_Latn,57974,▁muziek,1,0.03388682
sts,nld_Latn,58241,uwen,1,0.03388682
sts,nld_Latn,58401,▁lezen,1,0.03388682
sts,nld_Latn,58526,strand,3,0.10166045
sts,nld_Latn,58959,▁ongeveer,1,0.03388682
sts,nld_Latn,59046,groep,1,0.03388682
sts,nld_Latn,59486,▁vrouw,31,1.05049136
sts,nld_Latn,59827,kaart,1,0.03388682
sts,nld_Latn,59982,▁outfit,2,0.06777364
sts,nld_Latn,60049,telt,1,0.03388682
sts,nld_Latn,60220,▁Veel,1,0.03388682
sts,nld_Latn,60518,▁zak,1,0.03388682
sts,nld_Latn,60535,▁medici,1,0.03388682
sts,nld_Latn,60683,▁spelen,6,0.20332091
sts,nld_Latn,60724,▁weinig,1,0.03388682
sts,nld_Latn,61399,vro,1,0.03388682
sts,nld_Latn,62226,deren,1,0.03388682
sts,nld_Latn,62349,▁ganzen,1,0.03388682
sts,nld_Latn,62600,tree,2,0.06777364
sts,nld_Latn,62792,▁voet,2,0.06777364
sts,nld_Latn,62821,plu,1,0.03388682
sts,nld_Latn,62885,▁baar,1,0.03388682
sts,nld_Latn,62945,▁teken,1,0.03388682
sts,nld_Latn,63345,▁hond,15,0.50830227
sts,nld_Latn,63819,▁trap,1,0.03388682
sts,nld_Latn,63869,▁dak,2,0.06777364
sts,nld_Latn,64745,▁avond,1,0.03388682
sts,nld_Latn,64892,▁oude,1,0.03388682
sts,nld_Latn,65487,eert,3,0.10166045
sts,nld_Latn,66288,▁fiets,7,0.23720773
sts,nld_Latn,66397,▁rode,3,0.10166045
sts,nld_Latn,66417,▁repar,1,0.03388682
sts,nld_Latn,67499,▁bouw,1,0.03388682
sts,nld_Latn,67776,trekken,1,0.03388682
sts,nld_Latn,67975,graaf,1,0.03388682
sts,nld_Latn,68205,▁ontmoet,2,0.06777364
sts,nld_Latn,68821,pij,1,0.03388682
sts,nld_Latn,68899,lijn,1,0.03388682
sts,nld_Latn,69262,gebouw,2,0.06777364
sts,nld_Latn,69270,▁onderhoud,1,0.03388682
sts,nld_Latn,69686,▁tennis,2,0.06777364
sts,nld_Latn,69847,▁zomer,1,0.03388682
sts,nld_Latn,69973,▁naast,3,0.10166045
sts,nld_Latn,70014,▁gesprek,1,0.03388682
sts,nld_Latn,70158,gita,3,0.10166045
sts,nld_Latn,71190,jong,1,0.03388682
sts,nld_Latn,71350,▁vrouwen,7,0.23720773
sts,nld_Latn,71411,▁dicht,1,0.03388682
sts,nld_Latn,71570,▁heu,1,0.03388682
sts,nld_Latn,72076,▁arbeider,1,0.03388682
sts,nld_Latn,72108,▁wandel,1,0.03388682
sts,nld_Latn,72691,▁limon,1,0.03388682
sts,nld_Latn,73163,bble,1,0.03388682
sts,nld_Latn,73414,▁geg,1,0.03388682
sts,nld_Latn,73587,▁lopen,7,0.23720773
sts,nld_Latn,73654,▁moeder,1,0.03388682
sts,nld_Latn,73792,▁boeken,1,0.03388682
sts,nld_Latn,73971,▁tref,1,0.03388682
sts,nld_Latn,74117,▁partij,1,0.03388682
sts,nld_Latn,74900,▁roze,1,0.03388682
sts,nld_Latn,74997,▁henge,1,0.03388682
sts,nld_Latn,76153,scul,1,0.03388682
sts,nld_Latn,76186,▁helikopter,1,0.03388682
sts,nld_Latn,76824,stopp,1,0.03388682
sts,nld_Latn,77121,▁geniet,3,0.10166045
sts,nld_Latn,77137,▁handen,2,0.06777364
sts,nld_Latn,77139,sjes,1,0.03388682
sts,nld_Latn,77227,▁boom,1,0.03388682
sts,nld_Latn,77242,houd,1,0.03388682
sts,nld_Latn,77368,tunt,2,0.06777364
sts,nld_Latn,77857,▁bezig,2,0.06777364
sts,nld_Latn,77991,deur,1,0.03388682
sts,nld_Latn,78281,▁keuken,1,0.03388682
sts,nld_Latn,78336,▁wedstrijd,2,0.06777364
sts,nld_Latn,78961,winkel,1,0.03388682
sts,nld_Latn,79112,▁schoon,2,0.06777364
sts,nld_Latn,79717,▁huidige,1,0.03388682
sts,nld_Latn,80208,▁tunnel,1,0.03388682
sts,nld_Latn,80331,▁genieten,1,0.03388682
sts,nld_Latn,80765,boot,1,0.03388682
sts,nld_Latn,81022,paar,1,0.03388682
sts,nld_Latn,81066,▁tafel,2,0.06777364
sts,nld_Latn,81158,▁mob,1,0.03388682
sts,nld_Latn,81693,▁arts,1,0.03388682
sts,nld_Latn,82223,▁huid,1,0.03388682
sts,nld_Latn,85107,▁verloren,1,0.03388682
sts,nld_Latn,85355,stron,1,0.03388682
sts,nld_Latn,85508,laufen,1,0.03388682
sts,nld_Latn,85782,▁ouder,1,0.03388682
sts,nld_Latn,86257,▁voorkomen,1,0.03388682
sts,nld_Latn,86949,▁heen,1,0.03388682
sts,nld_Latn,87175,▁herstel,1,0.03388682
sts,nld_Latn,87281,▁nacht,1,0.03388682
sts,nld_Latn,87631,▁trapp,2,0.06777364
sts,nld_Latn,87705,instrument,1,0.03388682
sts,nld_Latn,87954,▁terwijl,7,0.23720773
sts,nld_Latn,88697,▁houdt,1,0.03388682
sts,nld_Latn,88794,kleding,3,0.10166045
sts,nld_Latn,88887,riem,1,0.03388682
sts,nld_Latn,89233,▁politie,1,0.03388682
sts,nld_Latn,89868,▁Blond,2,0.06777364
sts,nld_Latn,90689,▁kerst,1,0.03388682
sts,nld_Latn,90859,▁eet,2,0.06777364
sts,nld_Latn,91027,▁neer,1,0.03388682
sts,nld_Latn,92973,▁horror,1,0.03388682
sts,nld_Latn,93501,schilder,3,0.10166045
sts,nld_Latn,93526,▁witte,2,0.06777364
sts,nld_Latn,93636,▁bekijken,1,0.03388682
sts,nld_Latn,94591,▁slecht,1,0.03388682
sts,nld_Latn,95150,▁vader,1,0.03388682
sts,nld_Latn,95656,▁donker,3,0.10166045
sts,nld_Latn,95665,cross,1,0.03388682
sts,nld_Latn,96545,▁neemt,1,0.03388682
sts,nld_Latn,96876,▁koks,1,0.03388682
sts,nld_Latn,96948,▁blonde,3,0.10166045
sts,nld_Latn,98098,gemaakt,1,0.03388682
sts,nld_Latn,98360,sonder,1,0.03388682
sts,nld_Latn,98422,ruc,2,0.06777364
sts,nld_Latn,98739,teken,1,0.03388682
sts,nld_Latn,99091,bound,1,0.03388682
sts,nld_Latn,99244,▁diep,1,0.03388682
sts,nld_Latn,99593,▁leiden,1,0.03388682
sts,nld_Latn,100814,▁vlieg,1,0.03388682
sts,nld_Latn,101630,▁kick,1,0.03388682
sts,nld_Latn,101682,eien,2,0.06777364
sts,nld_Latn,102647,▁plezier,1,0.03388682
sts,nld_Latn,102662,▁veld,3,0.10166045
sts,nld_Latn,104075,▁vuur,1,0.03388682
sts,nld_Latn,104241,theater,1,0.03388682
sts,nld_Latn,104649,middelen,1,0.03388682
sts,nld_Latn,105271,▁flirt,1,0.03388682
sts,nld_Latn,106804,▁demonstrat,1,0.03388682
sts,nld_Latn,106829,▁broer,1,0.03388682
sts,nld_Latn,107016,▁bewegen,1,0.03388682
sts,nld_Latn,107571,▁Twee,15,0.50830227
sts,nld_Latn,108703,▁kantoor,1,0.03388682
sts,nld_Latn,111969,▁straat,3,0.10166045
sts,nld_Latn,111977,▁bedien,1,0.03388682
sts,nld_Latn,112107,shirts,3,0.10166045
sts,nld_Latn,113095,▁dron,1,0.03388682
sts,nld_Latn,113653,▁proberen,2,0.06777364
sts,nld_Latn,114524,▁verzamel,1,0.03388682
sts,nld_Latn,115627,▁rijden,3,0.10166045
sts,nld_Latn,116159,coop,1,0.03388682
sts,nld_Latn,116246,▁badkamer,1,0.03388682
sts,nld_Latn,116765,▁midden,1,0.03388682
sts,nld_Latn,117669,▁bereid,2,0.06777364
sts,nld_Latn,119555,▁regen,1,0.03388682
sts,nld_Latn,120066,▁armen,2,0.06777364
sts,nld_Latn,120502,▁jeugd,1,0.03388682
sts,nld_Latn,121184,▁voer,1,0.03388682
sts,nld_Latn,121582,▁bunge,1,0.03388682
sts,nld_Latn,122084,▁marine,1,0.03388682
sts,nld_Latn,122196,▁pakken,1,0.03388682
sts,nld_Latn,122518,werkzaamheden,1,0.03388682
sts,nld_Latn,124715,▁speelt,9,0.30498136
sts,nld_Latn,125893,broek,4,0.13554727
sts,nld_Latn,126410,▁loopt,4,0.13554727
sts,nld_Latn,127425,▁Vrou,1,0.03388682
sts,nld_Latn,128239,binding,1,0.03388682
sts,nld_Latn,128374,▁roep,1,0.03388682
sts,nld_Latn,128512,▁overall,1,0.03388682
sts,nld_Latn,128713,▁oxid,1,0.03388682
sts,nld_Latn,128874,kaarten,1,0.03388682
sts,nld_Latn,129080,▁maag,1,0.03388682
sts,nld_Latn,129140,▁punten,1,0.03388682
sts,nld_Latn,129236,▁dragen,2,0.06777364
sts,nld_Latn,129737,▁zwart,1,0.03388682
sts,nld_Latn,130008,▁wachten,1,0.03388682
sts,nld_Latn,134091,▁meisje,19,0.64384954
sts,nld_Latn,134362,ijk,1,0.03388682
sts,nld_Latn,135927,▁verdienen,1,0.03388682
sts,nld_Latn,136795,▁raam,1,0.03388682
sts,nld_Latn,137184,▁parker,1,0.03388682
sts,nld_Latn,139420,▁voorbij,1,0.03388682
sts,nld_Latn,139963,▁zoon,1,0.03388682
sts,nld_Latn,140048,▁volwassen,1,0.03388682
sts,nld_Latn,141596,▁dochter,1,0.03388682
sts,nld_Latn,141678,▁klim,1,0.03388682
sts,nld_Latn,142380,▁uitzicht,1,0.03388682
sts,nld_Latn,142739,▁basketbal,2,0.06777364
sts,nld_Latn,143107,▁rally,1,0.03388682
sts,nld_Latn,144342,▁ATV,1,0.03388682
sts,nld_Latn,144510,▁oefen,2,0.06777364
sts,nld_Latn,145187,loft,1,0.03388682
sts,nld_Latn,145214,▁muur,2,0.06777364
sts,nld_Latn,145761,▁Drie,7,0.23720773
sts,nld_Latn,146047,▁blauw,6,0.20332091
sts,nld_Latn,147421,▁voetbal,6,0.20332091
sts,nld_Latn,147750,▁optreden,1,0.03388682
sts,nld_Latn,148539,▁wonen,1,0.03388682
sts,nld_Latn,148744,▁gezicht,1,0.03388682
sts,nld_Latn,148902,▁patiënt,1,0.03388682
sts,nld_Latn,149119,▁golv,1,0.03388682
sts,nld_Latn,149173,▁afbeelding,1,0.03388682
sts,nld_Latn,149709,▁vogel,1,0.03388682
sts,nld_Latn,150175,▁belangrijkste,1,0.03388682
sts,nld_Latn,150944,sprong,1,0.03388682
sts,nld_Latn,152309,▁Sommige,2,0.06777364
sts,nld_Latn,153060,schouw,1,0.03388682
sts,nld_Latn,153519,▁gooi,1,0.03388682
sts,nld_Latn,153851,offici,1,0.03388682
sts,nld_Latn,154551,▁Zombie,1,0.03388682
sts,nld_Latn,155092,▁televisie,1,0.03388682
sts,nld_Latn,156353,▁zwarte,3,0.10166045
sts,nld_Latn,157297,▁steek,1,0.03388682
sts,nld_Latn,157785,▁voedsel,1,0.03388682
sts,nld_Latn,158362,▁groene,2,0.06777364
sts,nld_Latn,158562,▁verkopen,1,0.03388682
sts,nld_Latn,159240,poort,1,0.03388682
sts,nld_Latn,159885,▁gedachten,1,0.03388682
sts,nld_Latn,160073,▁observer,1,0.03388682
sts,nld_Latn,161129,fiets,1,0.03388682
sts,nld_Latn,163450,▁winnen,1,0.03388682
sts,nld_Latn,163683,▁openbare,1,0.03388682
sts,nld_Latn,164297,▁voertuig,1,0.03388682
sts,nld_Latn,165929,▁stoppen,1,0.03388682
sts,nld_Latn,167005,▁scherp,1,0.03388682
sts,nld_Latn,168802,rennen,4,0.13554727
sts,nld_Latn,170031,▁gevestigd,1,0.03388682
sts,nld_Latn,170981,▁katten,1,0.03388682
sts,nld_Latn,174245,▁achtergrond,4,0.13554727
sts,nld_Latn,174515,▁honden,2,0.06777364
sts,nld_Latn,177505,▁verkocht,1,0.03388682
sts,nld_Latn,177571,groot,1,0.03388682
sts,nld_Latn,177942,▁muzikant,1,0.03388682
sts,nld_Latn,179365,▁marathon,1,0.03388682
sts,nld_Latn,179371,fabriek,1,0.03388682
sts,nld_Latn,179695,toernooi,1,0.03388682
sts,nld_Latn,179817,▁blou,1,0.03388682
sts,nld_Latn,182255,structuur,1,0.03388682
sts,nld_Latn,183011,▁snowboard,1,0.03388682
sts,nld_Latn,184308,keeper,1,0.03388682
sts,nld_Latn,184466,▁rood,1,0.03388682
sts,nld_Latn,187798,▁voorbereiding,1,0.03388682
sts,nld_Latn,188049,▁Goud,1,0.03388682
sts,nld_Latn,190372,▁klere,1,0.03388682
sts,nld_Latn,192296,▁vliegtuig,2,0.06777364
sts,nld_Latn,196432,▁Dhabi,1,0.03388682
sts,nld_Latn,199765,▁hanteer,1,0.03388682
sts,nld_Latn,204196,rijf,1,0.03388682
sts,nld_Latn,205938,wedstrijd,1,0.03388682
sts,nld_Latn,206390,vrucht,1,0.03388682
sts,nld_Latn,207109,▁puppy,1,0.03388682
sts,nld_Latn,207789,▁schrijft,1,0.03388682
sts,nld_Latn,209057,▁aspirin,1,0.03388682
sts,nld_Latn,211139,▁Vriend,1,0.03388682
sts,nld_Latn,211543,▁toepas,1,0.03388682
sts,nld_Latn,211843,boerderij,1,0.03388682
sts,nld_Latn,213786,▁Subaru,1,0.03388682
sts,nld_Latn,214366,minstens,1,0.03388682
sts,nld_Latn,218005,▁sneeuw,1,0.03388682
sts,nld_Latn,221365,▁toevoegen,1,0.03388682
sts,nld_Latn,223231,▁deelnemen,1,0.03388682
sts,nld_Latn,226477,▁gevaarlijk,1,0.03388682
sts,nld_Latn,228399,▁omhoog,3,0.10166045
sts,nld_Latn,231119,▁Renaissance,1,0.03388682
sts,nld_Latn,231261,▁popcorn,1,0.03388682
sts,spa_Latn,4,",",184,6.28415301
sts,spa_Latn,5,.,48,1.63934426
sts,spa_Latn,6,▁,9,0.30737705
sts,spa_Latn,7,s,33,1.12704918
sts,spa_Latn,8,▁de,128,4.37158470
sts,spa_Latn,9,-,1,0.03415301
sts,spa_Latn,10,▁a,41,1.40027322
sts,spa_Latn,11,a,6,0.20491803
sts,spa_Latn,12,:,3,0.10245902
sts,spa_Latn,13,e,2,0.06830601
sts,spa_Latn,14,i,4,0.13661202
sts,spa_Latn,15,▁(,10,0.34153005
sts,spa_Latn,16,),3,0.10245902
sts,spa_Latn,18,t,2,0.06830601
sts,spa_Latn,19,n,9,0.30737705
sts,spa_Latn,21,▁la,55,1.87841530
sts,spa_Latn,22,▁en,60,2.04918033
sts,spa_Latn,23,▁in,5,0.17076503
sts,spa_Latn,25,',1,0.03415301
sts,spa_Latn,26,’,2,0.06830601
sts,spa_Latn,28,▁e,6,0.20491803
sts,spa_Latn,31,o,8,0.27322404
sts,spa_Latn,32,?,2,0.06830601
sts,spa_Latn,33,en,3,0.10245902
sts,spa_Latn,34,u,1,0.03415301
sts,spa_Latn,36,▁o,4,0.13661202
sts,spa_Latn,40,▁se,33,1.12704918
sts,spa_Latn,41,▁que,50,1.70765027
sts,spa_Latn,42,r,6,0.20491803
sts,spa_Latn,44,"▁""",8,0.27322404
sts,spa_Latn,48,▁da,1,0.03415301
sts,spa_Latn,51,▁un,47,1.60519126
sts,spa_Latn,52,▁“,1,0.03415301
sts,spa_Latn,56,er,2,0.06830601
sts,spa_Latn,58,"""",1,0.03415301
sts,spa_Latn,62,▁A,2,0.06830601
sts,spa_Latn,64,/,3,0.10245902
sts,spa_Latn,66,an,4,0.13661202
sts,spa_Latn,67,te,3,0.10245902
sts,spa_Latn,68,▁die,3,0.10245902
sts,spa_Latn,71,d,1,0.03415301
sts,spa_Latn,74,;,20,0.68306011
sts,spa_Latn,76,na,2,0.06830601
sts,spa_Latn,85,da,2,0.06830601
sts,spa_Latn,86,ne,2,0.06830601
sts,spa_Latn,87,▁I,1,0.03415301
sts,spa_Latn,88,▁el,76,2.59562842
sts,spa_Latn,90,es,9,0.30737705
sts,spa_Latn,95,▁le,1,0.03415301
sts,spa_Latn,96,▁l,1,0.03415301
sts,spa_Latn,99,▁at,1,0.03415301
sts,spa_Latn,106,▁1,3,0.10245902
sts,spa_Latn,107,re,5,0.17076503
sts,spa_Latn,110,▁no,12,0.40983607
sts,spa_Latn,111,▁of,1,0.03415301
sts,spa_Latn,112,de,2,0.06830601
sts,spa_Latn,113,▁y,57,1.94672131
sts,spa_Latn,115,▁du,1,0.03415301
sts,spa_Latn,116,▁2,3,0.10245902
sts,spa_Latn,117,▁per,1,0.03415301
sts,spa_Latn,121,▁para,22,0.75136612
sts,spa_Latn,131,▁van,2,0.06830601
sts,spa_Latn,138,▁3,4,0.13661202
sts,spa_Latn,143,la,1,0.03415301
sts,spa_Latn,144,▁al,11,0.37568306
sts,spa_Latn,146,▁del,20,0.68306011
sts,spa_Latn,147,ar,1,0.03415301
sts,spa_Latn,151,▁ya,4,0.13661202
sts,spa_Latn,157,no,3,0.10245902
sts,spa_Latn,158,▁con,54,1.84426230
sts,spa_Latn,159,▁S,1,0.03415301
sts,spa_Latn,160,▁po,1,0.03415301
sts,spa_Latn,162,as,2,0.06830601
sts,spa_Latn,163,▁me,1,0.03415301
sts,spa_Latn,165,▁und,2,0.06830601
sts,spa_Latn,166,▁su,4,0.13661202
sts,spa_Latn,169,z,2,0.06830601
sts,spa_Latn,184,se,1,0.03415301
sts,spa_Latn,188,to,1,0.03415301
sts,spa_Latn,190,▁5,2,0.06830601
sts,spa_Latn,191,on,6,0.20491803
sts,spa_Latn,196,▁por,11,0.37568306
sts,spa_Latn,198,▁es,4,0.13661202
sts,spa_Latn,201,▁4,1,0.03415301
sts,spa_Latn,204,▁‘,2,0.06830601
sts,spa_Latn,208,ga,1,0.03415301
sts,spa_Latn,209,▁10,7,0.23907104
sts,spa_Latn,211,▁il,8,0.27322404
sts,spa_Latn,219,ra,1,0.03415301
sts,spa_Latn,220,▁una,8,0.27322404
sts,spa_Latn,232,os,3,0.10245902
sts,spa_Latn,237,▁as,2,0.06830601
sts,spa_Latn,238,c,1,0.03415301
sts,spa_Latn,239,▁La,6,0.20491803
sts,spa_Latn,242,▁',1,0.03415301
sts,spa_Latn,246,do,9,0.30737705
sts,spa_Latn,247,"),",5,0.17076503
sts,spa_Latn,256,▁ha,5,0.17076503
sts,spa_Latn,257,at,11,0.37568306
sts,spa_Latn,267,▁2018,2,0.06830601
sts,spa_Latn,272,ve,1,0.03415301
sts,spa_Latn,279,▁vi,2,0.06830601
sts,spa_Latn,283,▁és,1,0.03415301
sts,spa_Latn,284,A,1,0.03415301
sts,spa_Latn,289,al,4,0.13661202
sts,spa_Latn,304,2,3,0.10245902
sts,spa_Latn,305,▁6,1,0.03415301
sts,spa_Latn,307,▁va,1,0.03415301
sts,spa_Latn,309,un,1,0.03415301
sts,spa_Latn,313,▁C,1,0.03415301
sts,spa_Latn,314,▁cu,3,0.10245902
sts,spa_Latn,330,va,1,0.03415301
sts,spa_Latn,357,▁En,10,0.34153005
sts,spa_Latn,360,▁In,1,0.03415301
sts,spa_Latn,361,▁7,1,0.03415301
sts,spa_Latn,363,3,7,0.23907104
sts,spa_Latn,365,lo,1,0.03415301
sts,spa_Latn,382,▁8,1,0.03415301
sts,spa_Latn,388,▁los,33,1.12704918
sts,spa_Latn,395,ya,1,0.03415301
sts,spa_Latn,399,ia,1,0.03415301
sts,spa_Latn,405,▁ce,1,0.03415301
sts,spa_Latn,418,1,3,0.10245902
sts,spa_Latn,423,▁15,2,0.06830601
sts,spa_Latn,427,▁12,2,0.06830601
sts,spa_Latn,430,í,1,0.03415301
sts,spa_Latn,432,mo,1,0.03415301
sts,spa_Latn,433,sa,1,0.03415301
sts,spa_Latn,438,▁No,1,0.03415301
sts,spa_Latn,456,▁re,1,0.03415301
sts,spa_Latn,459,▁lo,6,0.20491803
sts,spa_Latn,473,▁este,6,0.20491803
sts,spa_Latn,481,ir,1,0.03415301
sts,spa_Latn,483,▁9,6,0.20491803
sts,spa_Latn,496,▁30,1,0.03415301
sts,spa_Latn,503,▁Se,12,0.40983607
sts,spa_Latn,508,ai,2,0.06830601
sts,spa_Latn,513,jo,1,0.03415301
sts,spa_Latn,516,ro,1,0.03415301
sts,spa_Latn,517,▁care,1,0.03415301
sts,spa_Latn,519,go,1,0.03415301
sts,spa_Latn,520,▁ser,2,0.06830601
sts,spa_Latn,533,▁como,7,0.23907104
sts,spa_Latn,534,▁11,2,0.06830601
sts,spa_Latn,537,▁ay,2,0.06830601
sts,spa_Latn,540,▁El,2,0.06830601
sts,spa_Latn,557,ndo,4,0.13661202
sts,spa_Latn,576,▁las,17,0.58060109
sts,spa_Latn,579,▁Det,1,0.03415301
sts,spa_Latn,583,el,2,0.06830601
sts,spa_Latn,590,sta,1,0.03415301
sts,spa_Latn,605,K,1,0.03415301
sts,spa_Latn,615,▁1.,4,0.13661202
sts,spa_Latn,617,4,4,0.13661202
sts,spa_Latn,618,T,4,0.13661202
sts,spa_Latn,647,E,1,0.03415301
sts,spa_Latn,670,O,1,0.03415301
sts,spa_Latn,709,á,1,0.03415301
sts,spa_Latn,720,ter,1,0.03415301
sts,spa_Latn,724,G,1,0.03415301
sts,spa_Latn,740,""".",3,0.10245902
sts,spa_Latn,744,▁24,1,0.03415301
sts,spa_Latn,748,or,1,0.03415301
sts,spa_Latn,775,▁son,2,0.06830601
sts,spa_Latn,777,▁han,3,0.10245902
sts,spa_Latn,787,▁2.,4,0.13661202
sts,spa_Latn,792,”.,1,0.03415301
sts,spa_Latn,830,""",",4,0.13661202
sts,spa_Latn,840,mos,5,0.17076503
sts,spa_Latn,842,▁mu,1,0.03415301
sts,spa_Latn,849,ó,11,0.37568306
sts,spa_Latn,853,▁Re,1,0.03415301
sts,spa_Latn,856,V,1,0.03415301
sts,spa_Latn,880,▁sin,4,0.13661202
sts,spa_Latn,910,6,3,0.10245902
sts,spa_Latn,934,ach,1,0.03415301
sts,spa_Latn,951,▁nos,3,0.10245902
sts,spa_Latn,966,7,2,0.06830601
sts,spa_Latn,990,▁Y,1,0.03415301
sts,spa_Latn,991,so,1,0.03415301
sts,spa_Latn,1005,▁más,25,0.85382514
sts,spa_Latn,1019,8,5,0.17076503
sts,spa_Latn,1030,▁ac,1,0.03415301
sts,spa_Latn,1039,▁22,2,0.06830601
sts,spa_Latn,1073,tas,1,0.03415301
sts,spa_Latn,1105,▁23,1,0.03415301
sts,spa_Latn,1119,▁ex,1,0.03415301
sts,spa_Latn,1124,das,9,0.30737705
sts,spa_Latn,1126,9,1,0.03415301
sts,spa_Latn,1138,ado,4,0.13661202
sts,spa_Latn,1140,dos,7,0.23907104
sts,spa_Latn,1148,▁entre,2,0.06830601
sts,spa_Latn,1150,ción,1,0.03415301
sts,spa_Latn,1183,mente,8,0.27322404
sts,spa_Latn,1197,30,1,0.03415301
sts,spa_Latn,1230,&,4,0.13661202
sts,spa_Latn,1299,bar,1,0.03415301
sts,spa_Latn,1311,▁Co,1,0.03415301
sts,spa_Latn,1326,▁For,1,0.03415301
sts,spa_Latn,1371,▁Tu,1,0.03415301
sts,spa_Latn,1380,▁come,3,0.10245902
sts,spa_Latn,1397,▁estas,4,0.13661202
sts,spa_Latn,1438,▁27,2,0.06830601
sts,spa_Latn,1452,▁cum,1,0.03415301
sts,spa_Latn,1461,▁Ku,1,0.03415301
sts,spa_Latn,1479,nte,1,0.03415301
sts,spa_Latn,1483,▁forma,2,0.06830601
sts,spa_Latn,1500,ana,1,0.03415301
sts,spa_Latn,1510,mas,1,0.03415301
sts,spa_Latn,1538,ció,2,0.06830601
sts,spa_Latn,1570,▁está,2,0.06830601
sts,spa_Latn,1596,sin,1,0.03415301
sts,spa_Latn,1614,▁sub,3,0.10245902
sts,spa_Latn,1615,▁era,2,0.06830601
sts,spa_Latn,1642,▁esta,1,0.03415301
sts,spa_Latn,1657,▁Con,1,0.03415301
sts,spa_Latn,1665,án,1,0.03415301
sts,spa_Latn,1680,rá,1,0.03415301
sts,spa_Latn,1681,son,1,0.03415301
sts,spa_Latn,1683,ida,1,0.03415301
sts,spa_Latn,1744,aren,1,0.03415301
sts,spa_Latn,1774,▁plan,1,0.03415301
sts,spa_Latn,1788,▁pero,2,0.06830601
sts,spa_Latn,1798,▁gratis,1,0.03415301
sts,spa_Latn,1803,tal,2,0.06830601
sts,spa_Latn,1809,▁auto,1,0.03415301
sts,spa_Latn,1817,▁sus,2,0.06830601
sts,spa_Latn,1820,▁internet,1,0.03415301
sts,spa_Latn,1832,▁Su,1,0.03415301
sts,spa_Latn,1846,dor,1,0.03415301
sts,spa_Latn,1892,▁5.,5,0.17076503
sts,spa_Latn,1900,ron,9,0.30737705
sts,spa_Latn,1940,▁inter,4,0.13661202
sts,spa_Latn,1973,▁todo,1,0.03415301
sts,spa_Latn,2124,▁cada,1,0.03415301
sts,spa_Latn,2134,▁satu,2,0.06830601
sts,spa_Latn,2194,▁todos,3,0.10245902
sts,spa_Latn,2245,nos,1,0.03415301
sts,spa_Latn,2246,és,1,0.03415301
sts,spa_Latn,2265,▁social,3,0.10245902
sts,spa_Latn,2270,▁fin,1,0.03415301
sts,spa_Latn,2271,con,1,0.03415301
sts,spa_Latn,2289,▁6.,2,0.06830601
sts,spa_Latn,2312,té,1,0.03415301
sts,spa_Latn,2366,▁vez,1,0.03415301
sts,spa_Latn,2400,los,1,0.03415301
sts,spa_Latn,2409,▁mes,4,0.13661202
sts,spa_Latn,2415,nen,1,0.03415301
sts,spa_Latn,2424,pl,1,0.03415301
sts,spa_Latn,2436,▁vida,1,0.03415301
sts,spa_Latn,2501,▁Mo,2,0.06830601
sts,spa_Latn,2563,▁mere,1,0.03415301
sts,spa_Latn,2624,ici,1,0.03415301
sts,spa_Latn,2639,▁solo,2,0.06830601
sts,spa_Latn,2644,▁tema,2,0.06830601
sts,spa_Latn,2661,ble,1,0.03415301
sts,spa_Latn,2668,▁300,2,0.06830601
sts,spa_Latn,2704,▁final,1,0.03415301
sts,spa_Latn,2717,▁mil,2,0.06830601
sts,spa_Latn,2746,én,1,0.03415301
sts,spa_Latn,2756,▁ning,1,0.03415301
sts,spa_Latn,2776,▁tal,1,0.03415301
sts,spa_Latn,2816,stra,1,0.03415301
sts,spa_Latn,2837,▁dis,1,0.03415301
sts,spa_Latn,2839,40,1,0.03415301
sts,spa_Latn,2924,▁telefon,2,0.06830601
sts,spa_Latn,2941,▁caso,2,0.06830601
sts,spa_Latn,2947,19,2,0.06830601
sts,spa_Latn,3076,▁NA,1,0.03415301
sts,spa_Latn,3080,▁hos,1,0.03415301
sts,spa_Latn,3128,▁sistema,1,0.03415301
sts,spa_Latn,3217,▁8.,2,0.06830601
sts,spa_Latn,3269,▁uno,1,0.03415301
sts,spa_Latn,3287,▁desde,1,0.03415301
sts,spa_Latn,3290,ía,5,0.17076503
sts,spa_Latn,3448,ando,1,0.03415301
sts,spa_Latn,3454,pro,1,0.03415301
sts,spa_Latn,3459,via,2,0.06830601
sts,spa_Latn,3594,▁momento,2,0.06830601
sts,spa_Latn,3611,end,1,0.03415301
sts,spa_Latn,3617,ados,8,0.27322404
sts,spa_Latn,3622,▁total,1,0.03415301
sts,spa_Latn,3640,▁2019,2,0.06830601
sts,spa_Latn,3666,ros,1,0.03415301
sts,spa_Latn,3716,mes,1,0.03415301
sts,spa_Latn,3731,▁Los,1,0.03415301
sts,spa_Latn,3742,23,1,0.03415301
sts,spa_Latn,3757,▁porque,3,0.10245902
sts,spa_Latn,3773,▁Windows,2,0.06830601
sts,spa_Latn,3792,▁modo,1,0.03415301
sts,spa_Latn,3812,idad,1,0.03415301
sts,spa_Latn,3825,ciones,4,0.13661202
sts,spa_Latn,3879,▁día,6,0.20491803
sts,spa_Latn,3882,28,1,0.03415301
sts,spa_Latn,3919,▁programa,1,0.03415301
sts,spa_Latn,3922,ano,1,0.03415301
sts,spa_Latn,3936,▁¿,2,0.06830601
sts,spa_Latn,3949,%,1,0.03415301
sts,spa_Latn,4030,▁ante,1,0.03415301
sts,spa_Latn,4036,ero,2,0.06830601
sts,spa_Latn,4152,▁2018.,1,0.03415301
sts,spa_Latn,4235,29,1,0.03415301
sts,spa_Latn,4309,▁tipo,2,0.06830601
sts,spa_Latn,4380,ló,1,0.03415301
sts,spa_Latn,4435,iste,1,0.03415301
sts,spa_Latn,4487,▁lugar,1,0.03415301
sts,spa_Latn,4501,tiva,2,0.06830601
sts,spa_Latn,4537,▁general,1,0.03415301
sts,spa_Latn,4540,▁zona,1,0.03415301
sts,spa_Latn,4681,▁poder,1,0.03415301
sts,spa_Latn,4692,pre,1,0.03415301
sts,spa_Latn,4705,▁así,4,0.13661202
sts,spa_Latn,4726,rio,1,0.03415301
sts,spa_Latn,4743,▁due,1,0.03415301
sts,spa_Latn,4809,▁primer,1,0.03415301
sts,spa_Latn,4823,amente,2,0.06830601
sts,spa_Latn,4842,▁red,4,0.13661202
sts,spa_Latn,4908,▁Av,1,0.03415301
sts,spa_Latn,5005,▁menos,19,0.64890710
sts,spa_Latn,5021,No,1,0.03415301
sts,spa_Latn,5103,▁partir,1,0.03415301
sts,spa_Latn,5115,vil,1,0.03415301
sts,spa_Latn,5120,▁Real,1,0.03415301
sts,spa_Latn,5132,▁persona,3,0.10245902
sts,spa_Latn,5168,▁será,2,0.06830601
sts,spa_Latn,5171,▁puede,1,0.03415301
sts,spa_Latn,5239,▁firma,1,0.03415301
sts,spa_Latn,5286,ntes,1,0.03415301
sts,spa_Latn,5359,▁país,3,0.10245902
sts,spa_Latn,5388,▁uso,6,0.20491803
sts,spa_Latn,5408,pet,1,0.03415301
sts,spa_Latn,5428,-2,1,0.03415301
sts,spa_Latn,5446,▁sí,1,0.03415301
sts,spa_Latn,5456,▁tres,1,0.03415301
sts,spa_Latn,5543,▁hasta,3,0.10245902
sts,spa_Latn,5631,▁Cor,2,0.06830601
sts,spa_Latn,5747,▁estar,1,0.03415301
sts,spa_Latn,5776,▁empresa,1,0.03415301
sts,spa_Latn,5790,ios,2,0.06830601
sts,spa_Latn,5800,ón,1,0.03415301
sts,spa_Latn,5843,35,2,0.06830601
sts,spa_Latn,5848,▁tras,1,0.03415301
sts,spa_Latn,5868,plan,1,0.03415301
sts,spa_Latn,5875,▁lista,2,0.06830601
sts,spa_Latn,5904,▁tiene,2,0.06830601
sts,spa_Latn,5928,tom,1,0.03415301
sts,spa_Latn,6058,rán,2,0.06830601
sts,spa_Latn,6226,▁control,1,0.03415301
sts,spa_Latn,6261,gue,1,0.03415301
sts,spa_Latn,6303,▁hacer,5,0.17076503
sts,spa_Latn,6333,cin,2,0.06830601
sts,spa_Latn,6361,▁antes,3,0.10245902
sts,spa_Latn,6416,▁también,3,0.10245902
sts,spa_Latn,6432,▁serie,2,0.06830601
sts,spa_Latn,6604,▁cuando,4,0.13661202
sts,spa_Latn,6652,oc,1,0.03415301
sts,spa_Latn,6723,ario,1,0.03415301
sts,spa_Latn,6805,▁están,2,0.06830601
sts,spa_Latn,6836,imit,8,0.27322404
sts,spa_Latn,6909,▁toda,1,0.03415301
sts,spa_Latn,6949,▁Yo,1,0.03415301
sts,spa_Latn,6968,▁personas,2,0.06830601
sts,spa_Latn,7092,ray,1,0.03415301
sts,spa_Latn,7098,▁marca,2,0.06830601
sts,spa_Latn,7202,▁manera,3,0.10245902
sts,spa_Latn,7225,▁case,1,0.03415301
sts,spa_Latn,7251,An,1,0.03415301
sts,spa_Latn,7278,▁causa,1,0.03415301
sts,spa_Latn,7337,iza,1,0.03415301
sts,spa_Latn,7403,bí,3,0.10245902
sts,spa_Latn,7490,▁Pero,1,0.03415301
sts,spa_Latn,7493,▁tiempo,3,0.10245902
sts,spa_Latn,7623,El,1,0.03415301
sts,spa_Latn,7632,▁semana,1,0.03415301
sts,spa_Latn,7685,dores,2,0.06830601
sts,spa_Latn,7694,▁Italia,1,0.03415301
sts,spa_Latn,7755,▁fue,5,0.17076503
sts,spa_Latn,7768,En,1,0.03415301
sts,spa_Latn,7789,▁Santa,1,0.03415301
sts,spa_Latn,7861,amos,1,0.03415301
sts,spa_Latn,7920,▁dur,1,0.03415301
sts,spa_Latn,7944,nder,1,0.03415301
sts,spa_Latn,7970,▁esa,2,0.06830601
sts,spa_Latn,7983,▁lle,2,0.06830601
sts,spa_Latn,8114,▁mejor,2,0.06830601
sts,spa_Latn,8137,▁mali,1,0.03415301
sts,spa_Latn,8156,▁nacional,3,0.10245902
sts,spa_Latn,8163,▁días,3,0.10245902
sts,spa_Latn,8166,▁año,4,0.13661202
sts,spa_Latn,8316,-3,1,0.03415301
sts,spa_Latn,8431,▁sido,3,0.10245902
sts,spa_Latn,8444,▁donde,7,0.23907104
sts,spa_Latn,8561,▁actual,2,0.06830601
sts,spa_Latn,8582,▁dentro,1,0.03415301
sts,spa_Latn,8650,▁familia,2,0.06830601
sts,spa_Latn,8659,36,1,0.03415301
sts,spa_Latn,8738,▁medio,1,0.03415301
sts,spa_Latn,8892,▁22.,1,0.03415301
sts,spa_Latn,8913,auto,1,0.03415301
sts,spa_Latn,8942,▁Inc,1,0.03415301
sts,spa_Latn,8961,grad,2,0.06830601
sts,spa_Latn,8969,cel,3,0.10245902
sts,spa_Latn,8998,▁Nacional,1,0.03415301
sts,spa_Latn,9244,▁gente,1,0.03415301
sts,spa_Latn,9255,▁grandes,2,0.06830601
sts,spa_Latn,9323,39,1,0.03415301
sts,spa_Latn,9333,▁ese,2,0.06830601
sts,spa_Latn,9344,▁Tel,3,0.10245902
sts,spa_Latn,9472,▁cuenta,1,0.03415301
sts,spa_Latn,9518,pres,1,0.03415301
sts,spa_Latn,9559,▁23.,1,0.03415301
sts,spa_Latn,9574,▁tener,3,0.10245902
sts,spa_Latn,9641,▁otro,1,0.03415301
sts,spa_Latn,9691,▁visita,1,0.03415301
sts,spa_Latn,9850,▁mismo,3,0.10245902
sts,spa_Latn,9859,▁hace,1,0.03415301
sts,spa_Latn,9927,rse,1,0.03415301
sts,spa_Latn,9991,gó,1,0.03415301
sts,spa_Latn,10031,▁62,1,0.03415301
sts,spa_Latn,10149,▁57,1,0.03415301
sts,spa_Latn,10165,▁trata,1,0.03415301
sts,spa_Latn,10258,lio,1,0.03415301
sts,spa_Latn,10374,▁Pie,2,0.06830601
sts,spa_Latn,10578,▁política,2,0.06830601
sts,spa_Latn,10591,cum,2,0.06830601
sts,spa_Latn,10605,rí,1,0.03415301
sts,spa_Latn,10616,▁mercado,2,0.06830601
sts,spa_Latn,10663,▁Mil,1,0.03415301
sts,spa_Latn,10764,▁mucho,1,0.03415301
sts,spa_Latn,10931,IP,1,0.03415301
sts,spa_Latn,10990,▁boli,1,0.03415301
sts,spa_Latn,11075,▁2020,2,0.06830601
sts,spa_Latn,11100,▁seguir,1,0.03415301
sts,spa_Latn,11150,lev,1,0.03415301
sts,spa_Latn,11162,▁SMS,1,0.03415301
sts,spa_Latn,11209,▁presta,1,0.03415301
sts,spa_Latn,11267,4%,4,0.13661202
sts,spa_Latn,11295,▁posible,2,0.06830601
sts,spa_Latn,11544,▁trabajo,1,0.03415301
sts,spa_Latn,11550,▁meses,1,0.03415301
sts,spa_Latn,11585,▁24.,1,0.03415301
sts,spa_Latn,11653,▁25.,4,0.13661202
sts,spa_Latn,11662,▁cen,1,0.03415301
sts,spa_Latn,11668,▁acu,1,0.03415301
sts,spa_Latn,11715,▁pasado,4,0.13661202
sts,spa_Latn,11914,▁portal,1,0.03415301
sts,spa_Latn,11928,▁siempre,2,0.06830601
sts,spa_Latn,11937,▁69,1,0.03415301
sts,spa_Latn,11991,8%,3,0.10245902
sts,spa_Latn,12012,82,1,0.03415301
sts,spa_Latn,12024,▁pasar,1,0.03415301
sts,spa_Latn,12119,▁hoy,1,0.03415301
sts,spa_Latn,12187,6%,6,0.20491803
sts,spa_Latn,12198,▁presenta,1,0.03415301
sts,spa_Latn,12207,idos,1,0.03415301
sts,spa_Latn,12234,▁problemas,2,0.06830601
sts,spa_Latn,12257,▁estado,1,0.03415301
sts,spa_Latn,12485,ño,1,0.03415301
sts,spa_Latn,12628,▁Bel,1,0.03415301
sts,spa_Latn,12648,vam,1,0.03415301
sts,spa_Latn,12649,ades,2,0.06830601
sts,spa_Latn,12659,sos,1,0.03415301
sts,spa_Latn,12661,▁67,1,0.03415301
sts,spa_Latn,12678,9%,4,0.13661202
sts,spa_Latn,12743,zó,1,0.03415301
sts,spa_Latn,12768,▁trend,1,0.03415301
sts,spa_Latn,12807,2%,6,0.20491803
sts,spa_Latn,12822,▁otros,2,0.06830601
sts,spa_Latn,12982,▁Mont,1,0.03415301
sts,spa_Latn,13018,▁TE,1,0.03415301
sts,spa_Latn,13084,▁datos,3,0.10245902
sts,spa_Latn,13130,▁nuestro,3,0.10245902
sts,spa_Latn,13156,▁Sara,1,0.03415301
sts,spa_Latn,13281,▁Villa,2,0.06830601
sts,spa_Latn,13315,▁line,1,0.03415301
sts,spa_Latn,13330,47,2,0.06830601
sts,spa_Latn,13333,toria,1,0.03415301
sts,spa_Latn,13443,▁Centro,1,0.03415301
sts,spa_Latn,13465,5%,2,0.06830601
sts,spa_Latn,13552,▁Sand,2,0.06830601
sts,spa_Latn,13627,▁completa,2,0.06830601
sts,spa_Latn,13700,ncia,4,0.13661202
sts,spa_Latn,13744,▁permite,1,0.03415301
sts,spa_Latn,13839,▁campo,3,0.10245902
sts,spa_Latn,13918,▁president,1,0.03415301
sts,spa_Latn,13961,1%,4,0.13661202
sts,spa_Latn,14141,▁segunda,1,0.03415301
sts,spa_Latn,14149,▁explica,1,0.03415301
sts,spa_Latn,14226,53,1,0.03415301
sts,spa_Latn,14359,▁resto,1,0.03415301
sts,spa_Latn,14363,▁cualquier,3,0.10245902
sts,spa_Latn,14400,▁Entre,1,0.03415301
sts,spa_Latn,14427,7%,3,0.10245902
sts,spa_Latn,14578,ming,1,0.03415301
sts,spa_Latn,14608,▁España,3,0.10245902
sts,spa_Latn,14618,cción,2,0.06830601
sts,spa_Latn,14798,▁anterior,1,0.03415301
sts,spa_Latn,14834,▁municipal,2,0.06830601
sts,spa_Latn,14840,▁recursos,2,0.06830601
sts,spa_Latn,14905,▁71,1,0.03415301
sts,spa_Latn,15226,▁revi,1,0.03415301
sts,spa_Latn,15333,▁mayor,2,0.06830601
sts,spa_Latn,15418,idades,2,0.06830601
sts,spa_Latn,15666,rre,1,0.03415301
sts,spa_Latn,15716,▁otra,1,0.03415301
sts,spa_Latn,15736,cional,1,0.03415301
sts,spa_Latn,15948,▁leve,1,0.03415301
sts,spa_Latn,16028,68,1,0.03415301
sts,spa_Latn,16098,ún,1,0.03415301
sts,spa_Latn,16240,▁podemos,1,0.03415301
sts,spa_Latn,16290,"▁2,5",1,0.03415301
sts,spa_Latn,16386,▁nuevo,2,0.06830601
sts,spa_Latn,16411,▁equipo,1,0.03415301
sts,spa_Latn,16638,▁había,1,0.03415301
sts,spa_Latn,16655,▁2.0,2,0.06830601
sts,spa_Latn,16728,▁casos,1,0.03415301
sts,spa_Latn,16750,▁result,1,0.03415301
sts,spa_Latn,16785,▁Qa,2,0.06830601
sts,spa_Latn,16789,▁justo,3,0.10245902
sts,spa_Latn,16831,uso,1,0.03415301
sts,spa_Latn,17168,83,1,0.03415301
sts,spa_Latn,17281,▁86,1,0.03415301
sts,spa_Latn,17376,-8,1,0.03415301
sts,spa_Latn,17432,▁tienen,2,0.06830601
sts,spa_Latn,17472,▁cual,2,0.06830601
sts,spa_Latn,17480,"▁13,",1,0.03415301
sts,spa_Latn,17562,gres,3,0.10245902
sts,spa_Latn,17646,▁sólo,1,0.03415301
sts,spa_Latn,17652,▁Ford,3,0.10245902
sts,spa_Latn,17672,▁AT,4,0.13661202
sts,spa_Latn,17734,▁carte,1,0.03415301
sts,spa_Latn,17783,▁sentido,1,0.03415301
sts,spa_Latn,17846,"▁19,",2,0.06830601
sts,spa_Latn,17876,▁pública,1,0.03415301
sts,spa_Latn,17945,▁situación,1,0.03415301
sts,spa_Latn,17957,rate,1,0.03415301
sts,spa_Latn,17986,▁hospital,1,0.03415301
sts,spa_Latn,18095,▁hecho,2,0.06830601
sts,spa_Latn,18203,▁marzo,1,0.03415301
sts,spa_Latn,18316,▁estamos,2,0.06830601
sts,spa_Latn,18602,▁unos,1,0.03415301
sts,spa_Latn,18724,▁estaba,1,0.03415301
sts,spa_Latn,18792,▁provincia,1,0.03415301
sts,spa_Latn,18879,▁modelo,3,0.10245902
sts,spa_Latn,19265,▁territorio,1,0.03415301
sts,spa_Latn,19378,▁sede,1,0.03415301
sts,spa_Latn,19406,▁otras,1,0.03415301
sts,spa_Latn,19663,▁único,1,0.03415301
sts,spa_Latn,19997,arta,1,0.03415301
sts,spa_Latn,20034,▁después,1,0.03415301
sts,spa_Latn,20130,▁Rei,1,0.03415301
sts,spa_Latn,20170,▁cómo,1,0.03415301
sts,spa_Latn,20331,▁GB,1,0.03415301
sts,spa_Latn,20366,▁carne,3,0.10245902
sts,spa_Latn,20398,▁relación,2,0.06830601
sts,spa_Latn,20736,iendo,2,0.06830601
sts,spa_Latn,20756,eo,4,0.13661202
sts,spa_Latn,21025,▁dura,1,0.03415301
sts,spa_Latn,21055,miento,1,0.03415301
sts,spa_Latn,21073,▁ellos,3,0.10245902
sts,spa_Latn,21089,▁ciudad,2,0.06830601
sts,spa_Latn,21318,▁periodo,1,0.03415301
sts,spa_Latn,21416,"▁21,",1,0.03415301
sts,spa_Latn,21473,opera,1,0.03415301
sts,spa_Latn,21533,ical,1,0.03415301
sts,spa_Latn,21579,into,1,0.03415301
sts,spa_Latn,21659,▁embargo,1,0.03415301
sts,spa_Latn,21922,▁rub,1,0.03415301
sts,spa_Latn,22046,▁observa,1,0.03415301
sts,spa_Latn,22154,tene,1,0.03415301
sts,spa_Latn,22183,▁(+,2,0.06830601
sts,spa_Latn,22266,▁temporada,1,0.03415301
sts,spa_Latn,22347,vasta,1,0.03415301
sts,spa_Latn,22488,▁afecta,1,0.03415301
sts,spa_Latn,22574,▁servicios,5,0.17076503
sts,spa_Latn,22658,▁millones,2,0.06830601
sts,spa_Latn,22683,▁Sí,1,0.03415301
sts,spa_Latn,22698,▁exista,1,0.03415301
sts,spa_Latn,22866,▁cabo,1,0.03415301
sts,spa_Latn,22921,▁servicio,5,0.17076503
sts,spa_Latn,22967,▁sábado,1,0.03415301
sts,spa_Latn,23320,-0,1,0.03415301
sts,spa_Latn,23426,▁Golf,2,0.06830601
sts,spa_Latn,23444,landa,1,0.03415301
sts,spa_Latn,23809,▁entrega,2,0.06830601
sts,spa_Latn,23991,▁fiscal,1,0.03415301
sts,spa_Latn,24097,▁algunos,2,0.06830601
sts,spa_Latn,24165,ján,1,0.03415301
sts,spa_Latn,24311,▁situ,3,0.10245902
sts,spa_Latn,24490,▁Mercedes,1,0.03415301
sts,spa_Latn,24514,▁utiliza,1,0.03415301
sts,spa_Latn,24584,▁PU,1,0.03415301
sts,spa_Latn,24633,▁organización,1,0.03415301
sts,spa_Latn,24645,"▁23,",1,0.03415301
sts,spa_Latn,24862,▁reci,4,0.13661202
sts,spa_Latn,25261,▁limita,2,0.06830601
sts,spa_Latn,25490,izado,1,0.03415301
sts,spa_Latn,25657,vista,2,0.06830601
sts,spa_Latn,26026,pli,1,0.03415301
sts,spa_Latn,26031,▁buena,1,0.03415301
sts,spa_Latn,26244,%),1,0.03415301
sts,spa_Latn,26249,▁animal,2,0.06830601
sts,spa_Latn,26389,▁interpreta,1,0.03415301
sts,spa_Latn,26834,▁consumo,1,0.03415301
sts,spa_Latn,26842,▁Mega,2,0.06830601
sts,spa_Latn,26843,▁ello,2,0.06830601
sts,spa_Latn,26895,▁vamos,1,0.03415301
sts,spa_Latn,26926,feri,1,0.03415301
sts,spa_Latn,27397,▁varios,2,0.06830601
sts,spa_Latn,27506,▁salud,2,0.06830601
sts,spa_Latn,27749,▁incluso,1,0.03415301
sts,spa_Latn,27778,▁nosotros,1,0.03415301
sts,spa_Latn,28076,▁Human,1,0.03415301
sts,spa_Latn,28332,▁llegar,1,0.03415301
sts,spa_Latn,28352,▁tasa,2,0.06830601
sts,spa_Latn,28447,ática,1,0.03415301
sts,spa_Latn,28902,▁comunicación,1,0.03415301
sts,spa_Latn,28914,▁utilizar,3,0.10245902
sts,spa_Latn,29075,▁edil,1,0.03415301
sts,spa_Latn,29099,▁Há,1,0.03415301
sts,spa_Latn,29206,▁aumento,1,0.03415301
sts,spa_Latn,29465,▁Pedro,1,0.03415301
sts,spa_Latn,29724,▁respecto,2,0.06830601
sts,spa_Latn,29808,uca,1,0.03415301
sts,spa_Latn,29830,▁bajo,2,0.06830601
sts,spa_Latn,30101,eran,1,0.03415301
sts,spa_Latn,30636,▁diferente,1,0.03415301
sts,spa_Latn,30777,"▁29,",1,0.03415301
sts,spa_Latn,30816,person,1,0.03415301
sts,spa_Latn,30898,▁contacto,1,0.03415301
sts,spa_Latn,30921,▁destina,3,0.10245902
sts,spa_Latn,31065,▁hemos,1,0.03415301
sts,spa_Latn,31313,▁situa,1,0.03415301
sts,spa_Latn,31669,rios,1,0.03415301
sts,spa_Latn,31892,▁pobl,1,0.03415301
sts,spa_Latn,31900,▁ningún,1,0.03415301
sts,spa_Latn,31951,▁Regi,1,0.03415301
sts,spa_Latn,32008,"▁0,5",1,0.03415301
sts,spa_Latn,32032,script,1,0.03415301
sts,spa_Latn,32332,▁quien,1,0.03415301
sts,spa_Latn,32380,▁deci,1,0.03415301
sts,spa_Latn,32481,▁demanda,3,0.10245902
sts,spa_Latn,32553,▁Solo,1,0.03415301
sts,spa_Latn,32903,amiento,4,0.13661202
sts,spa_Latn,33007,▁pues,1,0.03415301
sts,spa_Latn,33160,▁cuba,2,0.06830601
sts,spa_Latn,33239,▁creo,1,0.03415301
sts,spa_Latn,33279,▁asocia,1,0.03415301
sts,spa_Latn,33396,ilia,1,0.03415301
sts,spa_Latn,33874,cup,1,0.03415301
sts,spa_Latn,33949,▁terminal,1,0.03415301
sts,spa_Latn,34021,▁propor,1,0.03415301
sts,spa_Latn,34409,▁suficiente,2,0.06830601
sts,spa_Latn,34674,▁lugares,1,0.03415301
sts,spa_Latn,34675,ños,1,0.03415301
sts,spa_Latn,34731,minu,1,0.03415301
sts,spa_Latn,34973,▁distin,1,0.03415301
sts,spa_Latn,35084,ían,1,0.03415301
sts,spa_Latn,35129,▁ofrece,1,0.03415301
sts,spa_Latn,35261,▁tenemos,2,0.06830601
sts,spa_Latn,35330,▁marcha,1,0.03415301
sts,spa_Latn,35384,bita,1,0.03415301
sts,spa_Latn,35660,▁algunas,2,0.06830601
sts,spa_Latn,35944,ería,1,0.03415301
sts,spa_Latn,36045,▁vendi,5,0.17076503
sts,spa_Latn,36131,▁español,1,0.03415301
sts,spa_Latn,36136,shq,2,0.06830601
sts,spa_Latn,36350,▁podría,2,0.06830601
sts,spa_Latn,36355,▁usuarios,3,0.10245902
sts,spa_Latn,36370,▁verdad,1,0.03415301
sts,spa_Latn,36556,▁mientras,3,0.10245902
sts,spa_Latn,36780,▁Instituto,1,0.03415301
sts,spa_Latn,36797,▁alimentos,3,0.10245902
sts,spa_Latn,36901,aron,2,0.06830601
sts,spa_Latn,36986,▁Dato,1,0.03415301
sts,spa_Latn,37532,▁permanente,1,0.03415301
sts,spa_Latn,37534,ced,1,0.03415301
sts,spa_Latn,38110,▁concentra,1,0.03415301
sts,spa_Latn,38138,▁tienes,1,0.03415301
sts,spa_Latn,38158,▁pueda,1,0.03415301
sts,spa_Latn,38271,▁introdu,1,0.03415301
sts,spa_Latn,38348,▁Toyota,2,0.06830601
sts,spa_Latn,38614,▁acción,1,0.03415301
sts,spa_Latn,38642,▁Estas,1,0.03415301
sts,spa_Latn,38650,▁necesidades,1,0.03415301
sts,spa_Latn,38818,▁italiano,1,0.03415301
sts,spa_Latn,38823,uno,1,0.03415301
sts,spa_Latn,38845,▁médica,1,0.03415301
sts,spa_Latn,38856,▁fueron,3,0.10245902
sts,spa_Latn,38857,▁reto,2,0.06830601
sts,spa_Latn,39013,▁Cuando,1,0.03415301
sts,spa_Latn,39044,▁políticas,3,0.10245902
sts,spa_Latn,39078,▁dejar,1,0.03415301
sts,spa_Latn,39519,▁convoca,1,0.03415301
sts,spa_Latn,39650,▁compañía,1,0.03415301
sts,spa_Latn,40067,▁Trin,1,0.03415301
sts,spa_Latn,40196,▁dado,1,0.03415301
sts,spa_Latn,40288,▁SIM,1,0.03415301
sts,spa_Latn,40463,lado,1,0.03415301
sts,spa_Latn,40566,▁320,1,0.03415301
sts,spa_Latn,40725,▁condiciones,1,0.03415301
sts,spa_Latn,40861,▁generale,1,0.03415301
sts,spa_Latn,40981,▁veni,1,0.03415301
sts,spa_Latn,41028,enca,1,0.03415301
sts,spa_Latn,41054,cía,1,0.03415301
sts,spa_Latn,41120,rona,1,0.03415301
sts,spa_Latn,41187,▁2.2,1,0.03415301
sts,spa_Latn,41732,Que,1,0.03415301
sts,spa_Latn,41783,▁gobierno,1,0.03415301
sts,spa_Latn,41885,▁comer,1,0.03415301
sts,spa_Latn,42483,rano,1,0.03415301
sts,spa_Latn,42570,▁confirma,2,0.06830601
sts,spa_Latn,43202,▁espacio,1,0.03415301
sts,spa_Latn,43681,▁Informati,1,0.03415301
sts,spa_Latn,43852,▁recu,1,0.03415301
sts,spa_Latn,44057,▁Nota,1,0.03415301
sts,spa_Latn,44188,▁recon,3,0.10245902
sts,spa_Latn,44606,▁puesto,1,0.03415301
sts,spa_Latn,44669,ieron,1,0.03415301
sts,spa_Latn,45407,oce,1,0.03415301
sts,spa_Latn,45606,▁residen,1,0.03415301
sts,spa_Latn,45698,▁dando,1,0.03415301
sts,spa_Latn,46094,▁nuevas,1,0.03415301
sts,spa_Latn,46337,▁manga,2,0.06830601
sts,spa_Latn,46381,▁disponibles,1,0.03415301
sts,spa_Latn,46430,icas,2,0.06830601
sts,spa_Latn,46540,▁Maxim,1,0.03415301
sts,spa_Latn,46569,▁ambos,3,0.10245902
sts,spa_Latn,46583,▁Pública,1,0.03415301
sts,spa_Latn,47386,PK,1,0.03415301
sts,spa_Latn,47501,50%,1,0.03415301
sts,spa_Latn,47612,▁llega,1,0.03415301
sts,spa_Latn,47699,▁turismo,1,0.03415301
sts,spa_Latn,48174,doras,1,0.03415301
sts,spa_Latn,48457,▁identifica,1,0.03415301
sts,spa_Latn,48668,▁expres,1,0.03415301
sts,spa_Latn,49042,tros,1,0.03415301
sts,spa_Latn,49150,102,1,0.03415301
sts,spa_Latn,49350,▁Santos,1,0.03415301
sts,spa_Latn,49520,▁rig,1,0.03415301
sts,spa_Latn,49794,▁principales,1,0.03415301
sts,spa_Latn,49843,bier,1,0.03415301
sts,spa_Latn,49975,▁línea,1,0.03415301
sts,spa_Latn,49992,▁modelos,3,0.10245902
sts,spa_Latn,50165,▁positivo,2,0.06830601
sts,spa_Latn,50197,▁negocia,1,0.03415301
sts,spa_Latn,50248,orra,1,0.03415301
sts,spa_Latn,50547,ología,1,0.03415301
sts,spa_Latn,50679,tró,1,0.03415301
sts,spa_Latn,50788,▁implementa,1,0.03415301
sts,spa_Latn,50844,▁celular,4,0.13661202
sts,spa_Latn,51219,tena,1,0.03415301
sts,spa_Latn,51250,▁distintos,1,0.03415301
sts,spa_Latn,51534,▁elemento,1,0.03415301
sts,spa_Latn,51669,▁Volkswagen,4,0.13661202
sts,spa_Latn,51868,▁cuanto,3,0.10245902
sts,spa_Latn,52172,▁cantidad,2,0.06830601
sts,spa_Latn,52240,▁denomina,1,0.03415301
sts,spa_Latn,52368,personal,2,0.06830601
sts,spa_Latn,52465,▁aumentar,1,0.03415301
sts,spa_Latn,52517,▁autoridades,1,0.03415301
sts,spa_Latn,53023,▁cambios,1,0.03415301
sts,spa_Latn,53359,▁podrá,1,0.03415301
sts,spa_Latn,53669,▁Kia,2,0.06830601
sts,spa_Latn,53868,▁teléfono,1,0.03415301
sts,spa_Latn,53917,▁repara,1,0.03415301
sts,spa_Latn,54055,▁coche,1,0.03415301
sts,spa_Latn,54061,▁iniciar,1,0.03415301
sts,spa_Latn,54104,▁tercer,1,0.03415301
sts,spa_Latn,54730,▁Ministerio,3,0.10245902
sts,spa_Latn,54737,día,1,0.03415301
sts,spa_Latn,54794,▁mensaje,1,0.03415301
sts,spa_Latn,55010,ística,1,0.03415301
sts,spa_Latn,55218,▁dirigent,2,0.06830601
sts,spa_Latn,55322,▁eran,1,0.03415301
sts,spa_Latn,55845,▁código,1,0.03415301
sts,spa_Latn,55884,ándose,1,0.03415301
sts,spa_Latn,56093,▁pueblo,1,0.03415301
sts,spa_Latn,56655,eño,1,0.03415301
sts,spa_Latn,57006,▁municipio,2,0.06830601
sts,spa_Latn,57378,▁calle,2,0.06830601
sts,spa_Latn,57417,▁bach,5,0.17076503
sts,spa_Latn,57626,"1,5",1,0.03415301
sts,spa_Latn,57901,▁256,1,0.03415301
sts,spa_Latn,58061,▁resolver,1,0.03415301
sts,spa_Latn,58408,▁panorama,1,0.03415301
sts,spa_Latn,58803,▁plazo,1,0.03415301
sts,spa_Latn,59488,▁Tell,1,0.03415301
sts,spa_Latn,59692,▁INTER,1,0.03415301
sts,spa_Latn,59870,▁administración,2,0.06830601
sts,spa_Latn,60616,ológico,1,0.03415301
sts,spa_Latn,60855,▁Renault,5,0.17076503
sts,spa_Latn,61001,▁diciembre,4,0.13661202
sts,spa_Latn,61154,▁pacientes,1,0.03415301
sts,spa_Latn,61502,▁telefón,2,0.06830601
sts,spa_Latn,61785,▁estructura,1,0.03415301
sts,spa_Latn,62243,▁presencia,1,0.03415301
sts,spa_Latn,62513,▁unidades,35,1.19535519
sts,spa_Latn,62552,▁demás,1,0.03415301
sts,spa_Latn,62587,▁rápida,1,0.03415301
sts,spa_Latn,62693,▁Turismo,1,0.03415301
sts,spa_Latn,63620,103,1,0.03415301
sts,spa_Latn,63940,▁atender,3,0.10245902
sts,spa_Latn,64446,▁crec,1,0.03415301
sts,spa_Latn,64561,▁satisfac,1,0.03415301
sts,spa_Latn,64933,▁Según,2,0.06830601
sts,spa_Latn,65242,▁larga,1,0.03415301
sts,spa_Latn,65789,▁trabaja,1,0.03415301
sts,spa_Latn,66206,▁restri,1,0.03415301
sts,spa_Latn,66708,▁gestión,1,0.03415301
sts,spa_Latn,67070,corr,1,0.03415301
sts,spa_Latn,67170,▁Aunque,1,0.03415301
sts,spa_Latn,67187,▁reunión,1,0.03415301
sts,spa_Latn,67218,▁Kou,1,0.03415301
sts,spa_Latn,67438,▁ejercicio,2,0.06830601
sts,spa_Latn,67771,▁empezar,1,0.03415301
sts,spa_Latn,68246,▁instagram,1,0.03415301
sts,spa_Latn,68337,▁estable,2,0.06830601
sts,spa_Latn,68630,▁resum,1,0.03415301
sts,spa_Latn,68636,▁rehabilita,1,0.03415301
sts,spa_Latn,68661,▁máxima,2,0.06830601
sts,spa_Latn,69133,▁cuales,1,0.03415301
sts,spa_Latn,69454,",7%",1,0.03415301
sts,spa_Latn,69639,▁autores,1,0.03415301
sts,spa_Latn,69750,▁crecimiento,1,0.03415301
sts,spa_Latn,69808,▁esos,1,0.03415301
sts,spa_Latn,69809,▁necesidad,1,0.03415301
sts,spa_Latn,69987,▁Trop,1,0.03415301
sts,spa_Latn,70233,tomat,1,0.03415301
sts,spa_Latn,70483,▁evita,1,0.03415301
sts,spa_Latn,71027,▁informar,1,0.03415301
sts,spa_Latn,71205,▁puedan,1,0.03415301
sts,spa_Latn,71817,▁marcas,1,0.03415301
sts,spa_Latn,71840,bilidad,1,0.03415301
sts,spa_Latn,72459,▁Nissan,2,0.06830601
sts,spa_Latn,72598,▁Belg,1,0.03415301
sts,spa_Latn,72981,▁Familia,1,0.03415301
sts,spa_Latn,73143,tario,1,0.03415301
sts,spa_Latn,73164,▁Ciudad,2,0.06830601
sts,spa_Latn,73274,▁distancia,1,0.03415301
sts,spa_Latn,73412,▁Barri,2,0.06830601
sts,spa_Latn,73475,▁habitantes,2,0.06830601
sts,spa_Latn,73602,▁Comuni,1,0.03415301
sts,spa_Latn,73650,▁seguida,1,0.03415301
sts,spa_Latn,73708,Benz,1,0.03415301
sts,spa_Latn,74381,▁acciones,2,0.06830601
sts,spa_Latn,74480,▁matar,1,0.03415301
sts,spa_Latn,74591,▁posición,2,0.06830601
sts,spa_Latn,74661,▁ahí,1,0.03415301
sts,spa_Latn,74664,▁negativa,1,0.03415301
sts,spa_Latn,74906,▁reduc,1,0.03415301
sts,spa_Latn,74992,"▁0,3",1,0.03415301
sts,spa_Latn,75458,▁califica,1,0.03415301
sts,spa_Latn,76017,▁roa,1,0.03415301
sts,spa_Latn,76044,▁fabricant,1,0.03415301
sts,spa_Latn,76658,▁masiv,1,0.03415301
sts,spa_Latn,76912,virus,2,0.06830601
sts,spa_Latn,77734,▁fuente,1,0.03415301
sts,spa_Latn,78024,▁hue,1,0.03415301
sts,spa_Latn,79322,ciente,1,0.03415301
sts,spa_Latn,79359,"▁2,3",1,0.03415301
sts,spa_Latn,79801,▁Iglesia,1,0.03415301
sts,spa_Latn,79816,▁Medicina,1,0.03415301
sts,spa_Latn,80152,▁movimiento,1,0.03415301
sts,spa_Latn,80206,▁oportun,1,0.03415301
sts,spa_Latn,80389,"4,5",1,0.03415301
sts,spa_Latn,80478,SAR,1,0.03415301
sts,spa_Latn,80523,▁ignora,1,0.03415301
sts,spa_Latn,80652,"▁2,4",1,0.03415301
sts,spa_Latn,81764,128,1,0.03415301
sts,spa_Latn,82035,▁recurso,2,0.06830601
sts,spa_Latn,82433,▁estaban,3,0.10245902
sts,spa_Latn,82987,▁primeros,1,0.03415301
sts,spa_Latn,83063,▁epidemi,1,0.03415301
sts,spa_Latn,83165,▁imágenes,1,0.03415301
sts,spa_Latn,83302,▁mismos,1,0.03415301
sts,spa_Latn,83539,▁término,1,0.03415301
sts,spa_Latn,83734,▁dispositivos,1,0.03415301
sts,spa_Latn,85019,▁Opel,2,0.06830601
sts,spa_Latn,85398,+3,1,0.03415301
sts,spa_Latn,86433,▁vigila,2,0.06830601
sts,spa_Latn,86674,úra,1,0.03415301
sts,spa_Latn,87389,▁Reci,1,0.03415301
sts,spa_Latn,88286,▁desarrollar,1,0.03415301
sts,spa_Latn,88989,▁Servicio,2,0.06830601
sts,spa_Latn,89412,▁Salud,1,0.03415301
sts,spa_Latn,89466,▁realizadas,1,0.03415301
sts,spa_Latn,89502,▁especifica,2,0.06830601
sts,spa_Latn,89725,▁33.,1,0.03415301
sts,spa_Latn,90014,▁generar,1,0.03415301
sts,spa_Latn,91230,960,1,0.03415301
sts,spa_Latn,91468,fac,1,0.03415301
sts,spa_Latn,91969,▁Integra,1,0.03415301
sts,spa_Latn,92750,▁febrero,1,0.03415301
sts,spa_Latn,92841,▁peligro,1,0.03415301
sts,spa_Latn,92856,damos,1,0.03415301
sts,spa_Latn,93343,limit,1,0.03415301
sts,spa_Latn,93458,▁asistencia,1,0.03415301
sts,spa_Latn,93460,▁Río,1,0.03415301
sts,spa_Latn,93779,▁consumidores,1,0.03415301
sts,spa_Latn,94236,▁208,1,0.03415301
sts,spa_Latn,94851,ARS,1,0.03415301
sts,spa_Latn,95175,▁encuentran,1,0.03415301
sts,spa_Latn,96060,345,1,0.03415301
sts,spa_Latn,96298,isla,1,0.03415301
sts,spa_Latn,96573,▁visitas,1,0.03415301
sts,spa_Latn,96689,▁incremento,1,0.03415301
sts,spa_Latn,96738,▁guía,1,0.03415301
sts,spa_Latn,97369,▁seguido,1,0.03415301
sts,spa_Latn,97958,▁tercera,1,0.03415301
sts,spa_Latn,98249,▁alimentar,1,0.03415301
sts,spa_Latn,98882,▁remarc,1,0.03415301
sts,spa_Latn,99442,▁Clara,3,0.10245902
sts,spa_Latn,99734,▁enfermedad,1,0.03415301
sts,spa_Latn,100274,▁posiciona,1,0.03415301
sts,spa_Latn,100806,15%,1,0.03415301
sts,spa_Latn,102294,777,1,0.03415301
sts,spa_Latn,102343,▁supone,2,0.06830601
sts,spa_Latn,102523,▁pesos,2,0.06830601
sts,spa_Latn,103525,mático,1,0.03415301
sts,spa_Latn,104099,▁Javier,1,0.03415301
sts,spa_Latn,104687,▁urge,1,0.03415301
sts,spa_Latn,104739,EDE,1,0.03415301
sts,spa_Latn,106254,▁espacios,1,0.03415301
sts,spa_Latn,106473,▁menciona,1,0.03415301
sts,spa_Latn,107467,▁noticias,1,0.03415301
sts,spa_Latn,107775,▁puntual,1,0.03415301
sts,spa_Latn,107987,▁esposa,1,0.03415301
sts,spa_Latn,108022,▁trabajos,2,0.06830601
sts,spa_Latn,108043,▁Envia,1,0.03415301
sts,spa_Latn,108051,▁entregar,2,0.06830601
sts,spa_Latn,108162,▁vehículos,1,0.03415301
sts,spa_Latn,108835,▁finaliza,1,0.03415301
sts,spa_Latn,108846,▁Peugeot,5,0.17076503
sts,spa_Latn,108933,"▁1,9",1,0.03415301
sts,spa_Latn,109146,▁mantiene,1,0.03415301
sts,spa_Latn,109287,▁Hyundai,3,0.10245902
sts,spa_Latn,109523,▁traslada,1,0.03415301
sts,spa_Latn,109631,"7,5",1,0.03415301
sts,spa_Latn,109728,▁corona,1,0.03415301
sts,spa_Latn,109957,▁animales,5,0.17076503
sts,spa_Latn,110743,abilidad,1,0.03415301
sts,spa_Latn,110990,▁favorable,1,0.03415301
sts,spa_Latn,111056,880,1,0.03415301
sts,spa_Latn,111109,▁tarjeta,1,0.03415301
sts,spa_Latn,111869,▁ofrecen,1,0.03415301
sts,spa_Latn,111877,"▁2,7",2,0.06830601
sts,spa_Latn,112937,▁Julio,1,0.03415301
sts,spa_Latn,113773,▁contratos,1,0.03415301
sts,spa_Latn,114011,"▁0,6",1,0.03415301
sts,spa_Latn,115021,357,1,0.03415301
sts,spa_Latn,115956,▁llamada,1,0.03415301
sts,spa_Latn,116410,▁comercializa,2,0.06830601
sts,spa_Latn,116708,590,1,0.03415301
sts,spa_Latn,116810,▁móvil,1,0.03415301
sts,spa_Latn,117108,▁continúa,1,0.03415301
sts,spa_Latn,117878,9.5,1,0.03415301
sts,spa_Latn,118248,▁detrás,2,0.06830601
sts,spa_Latn,119031,▁evolución,2,0.06830601
sts,spa_Latn,119776,▁confirmar,1,0.03415301
sts,spa_Latn,120705,▁pruebas,1,0.03415301
sts,spa_Latn,121817,▁presupuesto,5,0.17076503
sts,spa_Latn,121852,▁trabajando,1,0.03415301
sts,spa_Latn,122171,▁velocidad,5,0.17076503
sts,spa_Latn,123066,▁operador,1,0.03415301
sts,spa_Latn,123876,cioso,1,0.03415301
sts,spa_Latn,124528,▁básica,1,0.03415301
sts,spa_Latn,124692,▁funciones,1,0.03415301
sts,spa_Latn,125478,2%),1,0.03415301
sts,spa_Latn,125592,"5,5",1,0.03415301
sts,spa_Latn,126448,ferencia,1,0.03415301
sts,spa_Latn,126534,▁puerta,1,0.03415301
sts,spa_Latn,127661,▁plantea,1,0.03415301
sts,spa_Latn,128188,"3,0",1,0.03415301
sts,spa_Latn,129697,121,1,0.03415301
sts,spa_Latn,129719,▁Dentro,1,0.03415301
sts,spa_Latn,129827,▁recibido,1,0.03415301
sts,spa_Latn,131395,dición,1,0.03415301
sts,spa_Latn,131406,▁situaciones,1,0.03415301
sts,spa_Latn,131592,▁afecte,3,0.10245902
sts,spa_Latn,132902,▁informado,1,0.03415301
sts,spa_Latn,132992,▁sanitaria,1,0.03415301
sts,spa_Latn,133513,posicion,1,0.03415301
sts,spa_Latn,134889,sposo,2,0.06830601
sts,spa_Latn,135224,151,1,0.03415301
sts,spa_Latn,135518,Fac,1,0.03415301
sts,spa_Latn,135717,▁buscan,2,0.06830601
sts,spa_Latn,136005,"7,8",1,0.03415301
sts,spa_Latn,136442,890,1,0.03415301
sts,spa_Latn,136469,▁posteriormente,1,0.03415301
sts,spa_Latn,137361,▁entidad,1,0.03415301
sts,spa_Latn,138411,▁teniendo,1,0.03415301
sts,spa_Latn,139002,▁aparecen,1,0.03415301
sts,spa_Latn,139075,▁alternativas,1,0.03415301
sts,spa_Latn,139861,matricula,2,0.06830601
sts,spa_Latn,140187,▁9.30,1,0.03415301
sts,spa_Latn,140970,▁demora,1,0.03415301
sts,spa_Latn,141492,169,1,0.03415301
sts,spa_Latn,143435,▁respirator,3,0.10245902
sts,spa_Latn,143705,▁León,4,0.13661202
sts,spa_Latn,143842,090,1,0.03415301
sts,spa_Latn,144104,▁automática,1,0.03415301
sts,spa_Latn,144225,strict,2,0.06830601
sts,spa_Latn,144827,358,1,0.03415301
sts,spa_Latn,145028,▁delante,1,0.03415301
sts,spa_Latn,145116,1%),1,0.03415301
sts,spa_Latn,145790,▁turistas,1,0.03415301
sts,spa_Latn,145957,▁muerto,1,0.03415301
sts,spa_Latn,146959,▁Díaz,1,0.03415301
sts,spa_Latn,147324,▁Asimismo,2,0.06830601
sts,spa_Latn,148328,▁señaló,1,0.03415301
sts,spa_Latn,148437,8%),1,0.03415301
sts,spa_Latn,148517,▁actualidad,1,0.03415301
sts,spa_Latn,149326,▁encerra,1,0.03415301
sts,spa_Latn,151368,▁síntomas,3,0.10245902
sts,spa_Latn,152172,▁Teodor,1,0.03415301
sts,spa_Latn,152503,▁solucionar,1,0.03415301
sts,spa_Latn,152516,ecimiento,1,0.03415301
sts,spa_Latn,152687,▁contratar,1,0.03415301
sts,spa_Latn,153242,▁Desarrollo,1,0.03415301
sts,spa_Latn,153451,5.8,2,0.06830601
sts,spa_Latn,154228,▁comenzó,2,0.06830601
sts,spa_Latn,154244,▁BDP,1,0.03415301
sts,spa_Latn,154807,▁Recon,1,0.03415301
sts,spa_Latn,155740,156,1,0.03415301
sts,spa_Latn,155960,▁traduce,1,0.03415301
sts,spa_Latn,156995,▁profundidad,1,0.03415301
sts,spa_Latn,157363,▁Dacia,2,0.06830601
sts,spa_Latn,158304,1.9,1,0.03415301
sts,spa_Latn,158406,4.3,1,0.03415301
sts,spa_Latn,158614,▁denunciar,1,0.03415301
sts,spa_Latn,158683,▁realizan,1,0.03415301
sts,spa_Latn,158804,▁inmediato,1,0.03415301
sts,spa_Latn,159618,▁identificado,1,0.03415301
sts,spa_Latn,161019,▁Silvia,1,0.03415301
sts,spa_Latn,163406,556,1,0.03415301
sts,spa_Latn,164054,secret,1,0.03415301
sts,spa_Latn,164352,▁respectivamente,3,0.10245902
sts,spa_Latn,164814,785,1,0.03415301
sts,spa_Latn,165400,▁prestación,3,0.10245902
sts,spa_Latn,165661,▁eficiencia,1,0.03415301
sts,spa_Latn,167028,▁refiere,1,0.03415301
sts,spa_Latn,168628,"7,6",1,0.03415301
sts,spa_Latn,168914,▁Gómez,1,0.03415301
sts,spa_Latn,171028,▁radica,1,0.03415301
sts,spa_Latn,172111,▁coordinador,1,0.03415301
sts,spa_Latn,172300,▁lluvia,1,0.03415301
sts,spa_Latn,172565,▁aprobado,2,0.06830601
sts,spa_Latn,173227,▁vendedor,1,0.03415301
sts,spa_Latn,174841,492,1,0.03415301
sts,spa_Latn,175084,▁excusa,1,0.03415301
sts,spa_Latn,177451,▁incluyendo,1,0.03415301
sts,spa_Latn,178683,766,1,0.03415301
sts,spa_Latn,179025,▁hospeda,1,0.03415301
sts,spa_Latn,179494,▁concentrar,1,0.03415301
sts,spa_Latn,179833,▁rápidamente,1,0.03415301
sts,spa_Latn,180291,▁móviles,1,0.03415301
sts,spa_Latn,181841,▁indicó,1,0.03415301
sts,spa_Latn,182262,▁Ibiza,2,0.06830601
sts,spa_Latn,184362,▁prestado,1,0.03415301
sts,spa_Latn,184479,538,1,0.03415301
sts,spa_Latn,185438,▁insuficient,1,0.03415301
sts,spa_Latn,185580,536,1,0.03415301
sts,spa_Latn,187256,▁Nuevo,1,0.03415301
sts,spa_Latn,188580,598,1,0.03415301
sts,spa_Latn,188636,"6,0",1,0.03415301
sts,spa_Latn,189422,▁similitud,1,0.03415301
sts,spa_Latn,189459,7.9,1,0.03415301
sts,spa_Latn,190525,▁inmediata,1,0.03415301
sts,spa_Latn,191326,641,1,0.03415301
sts,spa_Latn,191534,"9,6",2,0.06830601
sts,spa_Latn,192089,▁dependien,1,0.03415301
sts,spa_Latn,193456,99%,1,0.03415301
sts,spa_Latn,194148,697,1,0.03415301
sts,spa_Latn,194559,▁transferencia,1,0.03415301
sts,spa_Latn,194649,▁comparación,2,0.06830601
sts,spa_Latn,195517,▁evoluciona,1,0.03415301
sts,spa_Latn,196407,▁Pach,1,0.03415301
sts,spa_Latn,196458,▁Corona,1,0.03415301
sts,spa_Latn,196639,supuesta,2,0.06830601
sts,spa_Latn,196701,▁estaremos,1,0.03415301
sts,spa_Latn,198359,▁transmisión,1,0.03415301
sts,spa_Latn,199298,▁tensión,1,0.03415301
sts,spa_Latn,199398,▁contratado,1,0.03415301
sts,spa_Latn,199476,▁reparto,2,0.06830601
sts,spa_Latn,200701,8.8,1,0.03415301
sts,spa_Latn,200927,▁agregó,1,0.03415301
sts,spa_Latn,205459,▁excede,1,0.03415301
sts,spa_Latn,210344,657,1,0.03415301
sts,spa_Latn,213050,▁Lombard,1,0.03415301
sts,spa_Latn,216440,▁propicia,1,0.03415301
sts,spa_Latn,223935,▁ocurrió,1,0.03415301
sts,spa_Latn,228268,▁Citroën,2,0.06830601
sts,spa_Latn,230170,▁comunitario,1,0.03415301
sts,spa_Latn,230930,Kbps,1,0.03415301
sts,spa_Latn,232722,▁aparentemente,1,0.03415301
sts,spa_Latn,237733,▁moviliz,1,0.03415301
sts,spa_Latn,238320,▁ofreciendo,1,0.03415301
sts,spa_Latn,240191,▁concesiona,1,0.03415301
sts,spa_Latn,243188,▁trasporti,1,0.03415301
sts,fra_Latn,4,",",102,3.47885402
sts,fra_Latn,5,.,71,2.42155525
sts,fra_Latn,6,▁,21,0.71623465
sts,fra_Latn,7,s,68,2.31923602
sts,fra_Latn,8,▁de,96,3.27421555
sts,fra_Latn,9,-,37,1.26193724
sts,fra_Latn,10,▁a,24,0.81855389
sts,fra_Latn,11,a,11,0.37517053
sts,fra_Latn,12,:,3,0.10231924
sts,fra_Latn,13,e,17,0.57980900
sts,fra_Latn,14,i,3,0.10231924
sts,fra_Latn,15,▁(,9,0.30695771
sts,fra_Latn,16,),6,0.20463847
sts,fra_Latn,17,▁i,2,0.06821282
sts,fra_Latn,18,t,10,0.34106412
sts,fra_Latn,19,n,2,0.06821282
sts,fra_Latn,20,▁-,2,0.06821282
sts,fra_Latn,21,▁la,61,2.08049113
sts,fra_Latn,22,▁en,26,0.88676671
sts,fra_Latn,23,▁in,3,0.10231924
sts,fra_Latn,25,',54,1.84174625
sts,fra_Latn,26,’,19,0.64802183
sts,fra_Latn,27,...,3,0.10231924
sts,fra_Latn,31,o,2,0.06821282
sts,fra_Latn,32,?,4,0.13642565
sts,fra_Latn,33,en,2,0.06821282
sts,fra_Latn,34,u,4,0.13642565
sts,fra_Latn,38,!,2,0.06821282
sts,fra_Latn,39,m,1,0.03410641
sts,fra_Latn,40,▁se,10,0.34106412
sts,fra_Latn,41,▁que,21,0.71623465
sts,fra_Latn,42,r,6,0.20463847
sts,fra_Latn,45,▁di,2,0.06821282
sts,fra_Latn,47,▁to,3,0.10231924
sts,fra_Latn,51,▁un,22,0.75034106
sts,fra_Latn,56,er,11,0.37517053
sts,fra_Latn,57,▁sa,2,0.06821282
sts,fra_Latn,62,▁A,1,0.03410641
sts,fra_Latn,64,/,4,0.13642565
sts,fra_Latn,66,an,1,0.03410641
sts,fra_Latn,67,te,6,0.20463847
sts,fra_Latn,71,d,1,0.03410641
sts,fra_Latn,73,in,1,0.03410641
sts,fra_Latn,78,▁si,8,0.27285130
sts,fra_Latn,81,▁v,2,0.06821282
sts,fra_Latn,82,▁et,31,1.05729877
sts,fra_Latn,83,▁is,1,0.03410641
sts,fra_Latn,86,ne,5,0.17053206
sts,fra_Latn,90,es,8,0.27285130
sts,fra_Latn,91,▁s,5,0.17053206
sts,fra_Latn,93,ni,2,0.06821282
sts,fra_Latn,94,▁«,30,1.02319236
sts,fra_Latn,95,▁le,37,1.26193724
sts,fra_Latn,96,▁l,33,1.12551160
sts,fra_Latn,98,▁on,2,0.06821282
sts,fra_Latn,104,▁d,22,0.75034106
sts,fra_Latn,107,re,3,0.10231924
sts,fra_Latn,108,▁ne,6,0.20463847
sts,fra_Latn,111,▁of,1,0.03410641
sts,fra_Latn,112,de,1,0.03410641
sts,fra_Latn,113,▁y,1,0.03410641
sts,fra_Latn,115,▁du,18,0.61391542
sts,fra_Latn,118,ti,1,0.03410641
sts,fra_Latn,127,h,3,0.10231924
sts,fra_Latn,133,le,2,0.06821282
sts,fra_Latn,136,▁and,3,0.10231924
sts,fra_Latn,142,▁an,1,0.03410641
sts,fra_Latn,150,li,2,0.06821282
sts,fra_Latn,152,▁:,5,0.17053206
sts,fra_Latn,158,▁con,2,0.06821282
sts,fra_Latn,159,▁S,1,0.03410641
sts,fra_Latn,160,▁po,2,0.06821282
sts,fra_Latn,164,is,6,0.20463847
sts,fra_Latn,166,▁su,1,0.03410641
sts,fra_Latn,167,»,1,0.03410641
sts,fra_Latn,184,se,2,0.06821282
sts,fra_Latn,188,to,1,0.03410641
sts,fra_Latn,190,▁5,1,0.03410641
sts,fra_Latn,191,on,3,0.10231924
sts,fra_Latn,192,ma,2,0.06821282
sts,fra_Latn,194,).,1,0.03410641
sts,fra_Latn,195,em,1,0.03410641
sts,fra_Latn,199,▁les,37,1.26193724
sts,fra_Latn,201,▁4,1,0.03410641
sts,fra_Latn,202,ul,2,0.06821282
sts,fra_Latn,211,▁il,1,0.03410641
sts,fra_Latn,214,ing,1,0.03410641
sts,fra_Latn,217,it,5,0.17053206
sts,fra_Latn,219,ra,1,0.03410641
sts,fra_Latn,221,▁so,2,0.06821282
sts,fra_Latn,224,▁des,26,0.88676671
sts,fra_Latn,236,je,1,0.03410641
sts,fra_Latn,237,▁as,1,0.03410641
sts,fra_Latn,238,c,2,0.06821282
sts,fra_Latn,239,▁La,10,0.34106412
sts,fra_Latn,247,"),",2,0.06821282
sts,fra_Latn,248,▁/,1,0.03410641
sts,fra_Latn,253,▁à,33,1.12551160
sts,fra_Latn,254,p,1,0.03410641
sts,fra_Latn,261,▁af,1,0.03410641
sts,fra_Latn,268,],1,0.03410641
sts,fra_Latn,272,ve,1,0.03410641
sts,fra_Latn,277,com,2,0.06821282
sts,fra_Latn,284,A,1,0.03410641
sts,fra_Latn,289,al,2,0.06821282
sts,fra_Latn,291,▁ma,1,0.03410641
sts,fra_Latn,292,▁—,1,0.03410641
sts,fra_Latn,294,S,1,0.03410641
sts,fra_Latn,297,ed,1,0.03410641
sts,fra_Latn,304,2,1,0.03410641
sts,fra_Latn,307,▁va,1,0.03410641
sts,fra_Latn,309,un,4,0.13642565
sts,fra_Latn,310,▁V,1,0.03410641
sts,fra_Latn,313,▁C,1,0.03410641
sts,fra_Latn,314,▁cu,5,0.17053206
sts,fra_Latn,315,▁nu,1,0.03410641
sts,fra_Latn,318,ci,2,0.06821282
sts,fra_Latn,320,lar,1,0.03410641
sts,fra_Latn,334,v,1,0.03410641
sts,fra_Latn,339,▁L,4,0.13642565
sts,fra_Latn,340,▁»,25,0.85266030
sts,fra_Latn,343,ek,1,0.03410641
sts,fra_Latn,357,▁En,2,0.06821282
sts,fra_Latn,361,▁7,1,0.03410641
sts,fra_Latn,366,▁par,9,0.30695771
sts,fra_Latn,372,be,1,0.03410641
sts,fra_Latn,375,▁com,4,0.13642565
sts,fra_Latn,377,▁ca,1,0.03410641
sts,fra_Latn,378,▁[,1,0.03410641
sts,fra_Latn,379,il,1,0.03410641
sts,fra_Latn,382,▁8,1,0.03410641
sts,fra_Latn,384,▁T,1,0.03410641
sts,fra_Latn,387,▁20,1,0.03410641
sts,fra_Latn,391,▁D,2,0.06821282
sts,fra_Latn,393,▁é,5,0.17053206
sts,fra_Latn,395,ya,1,0.03410641
sts,fra_Latn,400,▁li,1,0.03410641
sts,fra_Latn,405,▁ce,5,0.17053206
sts,fra_Latn,408,ca,1,0.03410641
sts,fra_Latn,409,▁mai,1,0.03410641
sts,fra_Latn,423,▁15,1,0.03410641
sts,fra_Latn,425,x,1,0.03410641
sts,fra_Latn,432,mo,1,0.03410641
sts,fra_Latn,435,▁met,1,0.03410641
sts,fra_Latn,437,▁est,12,0.40927694
sts,fra_Latn,438,▁No,1,0.03410641
sts,fra_Latn,441,C,1,0.03410641
sts,fra_Latn,442,▁it,1,0.03410641
sts,fra_Latn,446,é,16,0.54570259
sts,fra_Latn,452,▁pas,5,0.17053206
sts,fra_Latn,456,▁re,3,0.10231924
sts,fra_Latn,468,▁#,2,0.06821282
sts,fra_Latn,474,ur,2,0.06821282
sts,fra_Latn,478,ie,3,0.10231924
sts,fra_Latn,502,▁pro,1,0.03410641
sts,fra_Latn,503,▁Se,1,0.03410641
sts,fra_Latn,508,ai,1,0.03410641
sts,fra_Latn,510,ten,1,0.03410641
sts,fra_Latn,519,go,2,0.06821282
sts,fra_Latn,525,est,3,0.10231924
sts,fra_Latn,531,▁au,16,0.54570259
sts,fra_Latn,534,▁11,2,0.06821282
sts,fra_Latn,538,ly,1,0.03410641
sts,fra_Latn,543,▁18,1,0.03410641
sts,fra_Latn,552,▁co,1,0.03410641
sts,fra_Latn,563,▁F,2,0.06821282
sts,fra_Latn,568,I,1,0.03410641
sts,fra_Latn,569,▁qui,8,0.27285130
sts,fra_Latn,571,B,1,0.03410641
sts,fra_Latn,576,▁las,1,0.03410641
sts,fra_Latn,578,▁pour,14,0.47748977
sts,fra_Latn,587,co,6,0.20463847
sts,fra_Latn,588,▁fra,1,0.03410641
sts,fra_Latn,594,M,1,0.03410641
sts,fra_Latn,602,▁Si,1,0.03410641
sts,fra_Latn,603,ler,2,0.06821282
sts,fra_Latn,605,K,2,0.06821282
sts,fra_Latn,613,▁sur,8,0.27285130
sts,fra_Latn,616,▁14,1,0.03410641
sts,fra_Latn,618,T,1,0.03410641
sts,fra_Latn,628,▁ou,8,0.27285130
sts,fra_Latn,636,▁Le,8,0.27285130
sts,fra_Latn,653,▁n,4,0.13642565
sts,fra_Latn,660,nt,4,0.13642565
sts,fra_Latn,663,▁Po,1,0.03410641
sts,fra_Latn,670,O,2,0.06821282
sts,fra_Latn,673,▁ra,1,0.03410641
sts,fra_Latn,674,ment,10,0.34106412
sts,fra_Latn,691,ê,1,0.03410641
sts,fra_Latn,696,://,3,0.10231924
sts,fra_Latn,705,▁?,1,0.03410641
sts,fra_Latn,717,▁To,1,0.03410641
sts,fra_Latn,720,ter,2,0.06821282
sts,fra_Latn,724,G,1,0.03410641
sts,fra_Latn,732,▁mais,1,0.03410641
sts,fra_Latn,733,né,1,0.03410641
sts,fra_Latn,735,gi,1,0.03410641
sts,fra_Latn,741,▁jo,1,0.03410641
sts,fra_Latn,773,▁une,12,0.40927694
sts,fra_Latn,775,▁son,2,0.06821282
sts,fra_Latn,796,ou,2,0.06821282
sts,fra_Latn,798,▁(1),1,0.03410641
sts,fra_Latn,807,▁dans,9,0.30695771
sts,fra_Latn,831,▁can,1,0.03410641
sts,fra_Latn,841,H,1,0.03410641
sts,fra_Latn,845,▁Je,1,0.03410641
sts,fra_Latn,853,▁Re,2,0.06821282
sts,fra_Latn,854,▁dit,2,0.06821282
sts,fra_Latn,856,V,1,0.03410641
sts,fra_Latn,858,▁sau,1,0.03410641
sts,fra_Latn,866,L,2,0.06821282
sts,fra_Latn,872,ig,1,0.03410641
sts,fra_Latn,875,kin,1,0.03410641
sts,fra_Latn,891,▁Il,4,0.13642565
sts,fra_Latn,903,▁this,2,0.06821282
sts,fra_Latn,914,▁ga,1,0.03410641
sts,fra_Latn,916,au,1,0.03410641
sts,fra_Latn,919,F,1,0.03410641
sts,fra_Latn,933,ts,1,0.03410641
sts,fra_Latn,944,que,1,0.03410641
sts,fra_Latn,951,▁nos,2,0.06821282
sts,fra_Latn,963,10,1,0.03410641
sts,fra_Latn,966,7,1,0.03410641
sts,fra_Latn,987,tur,1,0.03410641
sts,fra_Latn,988,des,1,0.03410641
sts,fra_Latn,992,▁Un,5,0.17053206
sts,fra_Latn,1001,▁plus,14,0.47748977
sts,fra_Latn,1029,fi,1,0.03410641
sts,fra_Latn,1052,R,2,0.06821282
sts,fra_Latn,1053,▁ti,1,0.03410641
sts,fra_Latn,1059,▁ci,1,0.03410641
sts,fra_Latn,1071,▁fa,1,0.03410641
sts,fra_Latn,1103,▁qu,2,0.06821282
sts,fra_Latn,1104,–,1,0.03410641
sts,fra_Latn,1118,▁online,1,0.03410641
sts,fra_Latn,1119,▁ex,1,0.03410641
sts,fra_Latn,1122,aj,1,0.03410641
sts,fra_Latn,1148,▁entre,1,0.03410641
sts,fra_Latn,1181,ll,1,0.03410641
sts,fra_Latn,1192,ssa,2,0.06821282
sts,fra_Latn,1236,ant,2,0.06821282
sts,fra_Latn,1251,».,1,0.03410641
sts,fra_Latn,1264,per,1,0.03410641
sts,fra_Latn,1284,▁but,1,0.03410641
sts,fra_Latn,1286,▁more,2,0.06821282
sts,fra_Latn,1295,▁from,1,0.03410641
sts,fra_Latn,1297,ber,1,0.03410641
sts,fra_Latn,1298,à,1,0.03410641
sts,fra_Latn,1311,▁Co,2,0.06821282
sts,fra_Latn,1314,ers,2,0.06821282
sts,fra_Latn,1339,"»,",3,0.10231924
sts,fra_Latn,1352,ima,1,0.03410641
sts,fra_Latn,1353,ven,1,0.03410641
sts,fra_Latn,1369,=,1,0.03410641
sts,fra_Latn,1375,J,3,0.10231924
sts,fra_Latn,1377,▁ag,1,0.03410641
sts,fra_Latn,1401,▁We,1,0.03410641
sts,fra_Latn,1426,▁www,1,0.03410641
sts,fra_Latn,1430,che,1,0.03410641
sts,fra_Latn,1431,▁Facebook,2,0.06821282
sts,fra_Latn,1444,nes,2,0.06821282
sts,fra_Latn,1449,▁[...],1,0.03410641
sts,fra_Latn,1505,ger,1,0.03410641
sts,fra_Latn,1511,Z,1,0.03410641
sts,fra_Latn,1542,X,1,0.03410641
sts,fra_Latn,1555,î,1,0.03410641
sts,fra_Latn,1577,les,1,0.03410641
sts,fra_Latn,1582,▁bij,1,0.03410641
sts,fra_Latn,1609,▁avec,4,0.13642565
sts,fra_Latn,1614,▁sub,1,0.03410641
sts,fra_Latn,1658,▁chi,1,0.03410641
sts,fra_Latn,1679,ner,1,0.03410641
sts,fra_Latn,1687,nom,1,0.03410641
sts,fra_Latn,1734,▁Les,4,0.13642565
sts,fra_Latn,1764,▁site,1,0.03410641
sts,fra_Latn,1766,pu,2,0.06821282
sts,fra_Latn,1774,▁plan,1,0.03410641
sts,fra_Latn,1775,▁Et,1,0.03410641
sts,fra_Latn,1779,ns,1,0.03410641
sts,fra_Latn,1784,▁Mar,1,0.03410641
sts,fra_Latn,1806,▁bien,1,0.03410641
sts,fra_Latn,1811,une,2,0.06821282
sts,fra_Latn,1815,▁Google,1,0.03410641
sts,fra_Latn,1830,ion,1,0.03410641
sts,fra_Latn,1974,let,1,0.03410641
sts,fra_Latn,1991,mer,1,0.03410641
sts,fra_Latn,2021,▁2008,1,0.03410641
sts,fra_Latn,2037,up,1,0.03410641
sts,fra_Latn,2043,▁net,1,0.03410641
sts,fra_Latn,2045,▁sont,10,0.34106412
sts,fra_Latn,2064,▁nous,3,0.10231924
sts,fra_Latn,2079,▁Ci,1,0.03410641
sts,fra_Latn,2104,ili,1,0.03410641
sts,fra_Latn,2118,elle,5,0.17053206
sts,fra_Latn,2147,▁pi,1,0.03410641
sts,fra_Latn,2149,ire,2,0.06821282
sts,fra_Latn,2168,▁sé,1,0.03410641
sts,fra_Latn,2177,▁Jo,1,0.03410641
sts,fra_Latn,2179,mis,1,0.03410641
sts,fra_Latn,2186,ille,1,0.03410641
sts,fra_Latn,2246,és,5,0.17053206
sts,fra_Latn,2258,▁car,2,0.06821282
sts,fra_Latn,2270,▁fin,1,0.03410641
sts,fra_Latn,2305,ét,1,0.03410641
sts,fra_Latn,2353,ě,1,0.03410641
sts,fra_Latn,2392,▁Par,1,0.03410641
sts,fra_Latn,2397,lin,1,0.03410641
sts,fra_Latn,2497,▁gu,2,0.06821282
sts,fra_Latn,2500,par,1,0.03410641
sts,fra_Latn,2517,ent,2,0.06821282
sts,fra_Latn,2533,▁tout,3,0.10231924
sts,fra_Latn,2552,▁Ra,1,0.03410641
sts,fra_Latn,2577,▁face,1,0.03410641
sts,fra_Latn,2638,▁pu,1,0.03410641
sts,fra_Latn,2646,▁My,1,0.03410641
sts,fra_Latn,2652,▁pan,1,0.03410641
sts,fra_Latn,2661,ble,1,0.03410641
sts,fra_Latn,2746,én,1,0.03410641
sts,fra_Latn,2783,rit,1,0.03410641
sts,fra_Latn,2811,▁mod,1,0.03410641
sts,fra_Latn,2831,▁part,1,0.03410641
sts,fra_Latn,2848,bat,1,0.03410641
sts,fra_Latn,2856,▁them,1,0.03410641
sts,fra_Latn,2858,▁(1,1,0.03410641
sts,fra_Latn,2860,▁jau,1,0.03410641
sts,fra_Latn,2886,able,1,0.03410641
sts,fra_Latn,2914,ova,1,0.03410641
sts,fra_Latn,2947,19,1,0.03410641
sts,fra_Latn,2957,▁zur,2,0.06821282
sts,fra_Latn,2970,▁aux,2,0.06821282
sts,fra_Latn,2973,▁faire,6,0.20463847
sts,fra_Latn,3034,▁test,1,0.03410641
sts,fra_Latn,3038,hy,1,0.03410641
sts,fra_Latn,3066,lang,1,0.03410641
sts,fra_Latn,3083,▁bilan,1,0.03410641
sts,fra_Latn,3089,cho,2,0.06821282
sts,fra_Latn,3137,bit,1,0.03410641
sts,fra_Latn,3181,qui,1,0.03410641
sts,fra_Latn,3189,▁grande,1,0.03410641
sts,fra_Latn,3193,▁fait,5,0.17053206
sts,fra_Latn,3283,▁ont,8,0.27285130
sts,fra_Latn,3332,▁res,1,0.03410641
sts,fra_Latn,3337,ay,1,0.03410641
sts,fra_Latn,3366,rak,1,0.03410641
sts,fra_Latn,3393,▁cette,1,0.03410641
sts,fra_Latn,3401,▁ses,6,0.20463847
sts,fra_Latn,3402,▁dé,2,0.06821282
sts,fra_Latn,3443,cer,1,0.03410641
sts,fra_Latn,3537,▁ré,7,0.23874488
sts,fra_Latn,3610,▁Twitter,3,0.10231924
sts,fra_Latn,3622,▁total,2,0.06821282
sts,fra_Latn,3640,▁2019,1,0.03410641
sts,fra_Latn,3642,▁how,1,0.03410641
sts,fra_Latn,3647,▁base,1,0.03410641
sts,fra_Latn,3702,▁még,1,0.03410641
sts,fra_Latn,3703,lé,1,0.03410641
sts,fra_Latn,3714,▁know,1,0.03410641
sts,fra_Latn,3739,▁comme,1,0.03410641
sts,fra_Latn,3748,ová,1,0.03410641
sts,fra_Latn,3768,27,1,0.03410641
sts,fra_Latn,3843,▁08,1,0.03410641
sts,fra_Latn,3871,▁need,2,0.06821282
sts,fra_Latn,3900,▁trans,2,0.06821282
sts,fra_Latn,3912,▁33,2,0.06821282
sts,fra_Latn,3939,▁Euro,2,0.06821282
sts,fra_Latn,3975,▁https,2,0.06821282
sts,fra_Latn,4099,▁très,2,0.06821282
sts,fra_Latn,4109,▁temps,1,0.03410641
sts,fra_Latn,4170,ée,3,0.10231924
sts,fra_Latn,4171,▁Can,1,0.03410641
sts,fra_Latn,4240,ef,1,0.03410641
sts,fra_Latn,4273,ré,2,0.06821282
sts,fra_Latn,4332,Re,1,0.03410641
sts,fra_Latn,4348,jon,2,0.06821282
sts,fra_Latn,4353,lit,2,0.06821282
sts,fra_Latn,4360,▁même,1,0.03410641
sts,fra_Latn,4372,▁peut,3,0.10231924
sts,fra_Latn,4385,▁être,4,0.13642565
sts,fra_Latn,4393,▁full,1,0.03410641
sts,fra_Latn,4397,https,1,0.03410641
sts,fra_Latn,4529,▁ég,1,0.03410641
sts,fra_Latn,4588,age,1,0.03410641
sts,fra_Latn,4611,▁cas,5,0.17053206
sts,fra_Latn,4613,Ma,1,0.03410641
sts,fra_Latn,4677,▁information,1,0.03410641
sts,fra_Latn,4757,ér,1,0.03410641
sts,fra_Latn,4764,▁Read,1,0.03410641
sts,fra_Latn,4867,log,2,0.06821282
sts,fra_Latn,4880,▁06,1,0.03410641
sts,fra_Latn,4898,▁porta,1,0.03410641
sts,fra_Latn,4927,▁art,1,0.03410641
sts,fra_Latn,4950,▁bas,4,0.13642565
sts,fra_Latn,4953,▁vers,4,0.13642565
sts,fra_Latn,5056,rie,1,0.03410641
sts,fra_Latn,5057,vé,1,0.03410641
sts,fra_Latn,5071,isme,1,0.03410641
sts,fra_Latn,5097,ité,1,0.03410641
sts,fra_Latn,5101,▁mens,2,0.06821282
sts,fra_Latn,5189,▁suis,3,0.10231924
sts,fra_Latn,5206,▁aussi,6,0.20463847
sts,fra_Latn,5256,tions,3,0.10231924
sts,fra_Latn,5321,▁onde,1,0.03410641
sts,fra_Latn,5325,▁été,6,0.20463847
sts,fra_Latn,5365,▁dire,2,0.06821282
sts,fra_Latn,5372,cher,1,0.03410641
sts,fra_Latn,5422,▁ces,2,0.06821282
sts,fra_Latn,5428,-2,1,0.03410641
sts,fra_Latn,5455,▁More,1,0.03410641
sts,fra_Latn,5460,▁leur,3,0.10231924
sts,fra_Latn,5464,Sa,1,0.03410641
sts,fra_Latn,5518,vid,5,0.17053206
sts,fra_Latn,5547,▁Pour,2,0.06821282
sts,fra_Latn,5581,▁Des,2,0.06821282
sts,fra_Latn,5655,▁Au,1,0.03410641
sts,fra_Latn,5674,oli,4,0.13642565
sts,fra_Latn,5736,▁sans,2,0.06821282
sts,fra_Latn,5844,ive,1,0.03410641
sts,fra_Latn,5879,▁Trump,1,0.03410641
sts,fra_Latn,5906,▁Sant,1,0.03410641
sts,fra_Latn,5922,hor,2,0.06821282
sts,fra_Latn,6000,fra,1,0.03410641
sts,fra_Latn,6023,sis,1,0.03410641
sts,fra_Latn,6056,out,1,0.03410641
sts,fra_Latn,6210,Al,1,0.03410641
sts,fra_Latn,6224,mie,4,0.13642565
sts,fra_Latn,6253,▁peu,1,0.03410641
sts,fra_Latn,6275,▁point,4,0.13642565
sts,fra_Latn,6281,▁15.,1,0.03410641
sts,fra_Latn,6382,iden,1,0.03410641
sts,fra_Latn,6470,▁Martin,1,0.03410641
sts,fra_Latn,6543,▁dus,2,0.06821282
sts,fra_Latn,6594,ien,2,0.06821282
sts,fra_Latn,6620,ence,2,0.06821282
sts,fra_Latn,6642,É,1,0.03410641
sts,fra_Latn,6868,▁comment,1,0.03410641
sts,fra_Latn,6889,sion,1,0.03410641
sts,fra_Latn,6900,▁Zu,1,0.03410641
sts,fra_Latn,6955,▁Gu,1,0.03410641
sts,fra_Latn,7007,▁plat,3,0.10231924
sts,fra_Latn,7049,00,1,0.03410641
sts,fra_Latn,7079,fr,1,0.03410641
sts,fra_Latn,7101,ech,1,0.03410641
sts,fra_Latn,7123,▁news,2,0.06821282
sts,fra_Latn,7162,ques,1,0.03410641
sts,fra_Latn,7177,news,1,0.03410641
sts,fra_Latn,7270,▁Paris,3,0.10231924
sts,fra_Latn,7298,▁elle,4,0.13642565
sts,fra_Latn,7319,info,1,0.03410641
sts,fra_Latn,7438,bes,1,0.03410641
sts,fra_Latn,7440,▁where,1,0.03410641
sts,fra_Latn,7442,▁pré,2,0.06821282
sts,fra_Latn,7537,olo,1,0.03410641
sts,fra_Latn,7722,▁possible,1,0.03410641
sts,fra_Latn,7821,▁deux,2,0.06821282
sts,fra_Latn,7853,▁rum,1,0.03410641
sts,fra_Latn,7870,ils,1,0.03410641
sts,fra_Latn,7933,▁chu,3,0.10231924
sts,fra_Latn,7962,rel,1,0.03410641
sts,fra_Latn,7966,rer,1,0.03410641
sts,fra_Latn,8131,▁tel,2,0.06821282
sts,fra_Latn,8244,▁CO,1,0.03410641
sts,fra_Latn,8363,-19,4,0.13642565
sts,fra_Latn,8374,▁cr,2,0.06821282
sts,fra_Latn,8493,ées,1,0.03410641
sts,fra_Latn,8540,von,1,0.03410641
sts,fra_Latn,8591,▁Casa,1,0.03410641
sts,fra_Latn,8731,▁sel,3,0.10231924
sts,fra_Latn,8781,▁simple,1,0.03410641
sts,fra_Latn,8782,ule,1,0.03410641
sts,fra_Latn,8834,▁pic,1,0.03410641
sts,fra_Latn,8843,▁donc,1,0.03410641
sts,fra_Latn,8867,▁encore,2,0.06821282
sts,fra_Latn,8918,eau,2,0.06821282
sts,fra_Latn,8934,▁53,2,0.06821282
sts,fra_Latn,8972,cul,1,0.03410641
sts,fra_Latn,9035,ments,1,0.03410641
sts,fra_Latn,9044,▁trop,6,0.20463847
sts,fra_Latn,9127,SE,1,0.03410641
sts,fra_Latn,9254,char,1,0.03410641
sts,fra_Latn,9255,▁grandes,1,0.03410641
sts,fra_Latn,9518,pres,1,0.03410641
sts,fra_Latn,9522,ayo,1,0.03410641
sts,fra_Latn,9550,02,1,0.03410641
sts,fra_Latn,9742,▁tour,1,0.03410641
sts,fra_Latn,9815,gg,1,0.03410641
sts,fra_Latn,9843,tab,3,0.10231924
sts,fra_Latn,9874,Ta,1,0.03410641
sts,fra_Latn,9942,▁France,1,0.03410641
sts,fra_Latn,10000,▁SI,1,0.03410641
sts,fra_Latn,10021,▁(8),1,0.03410641
sts,fra_Latn,10122,être,2,0.06821282
sts,fra_Latn,10204,▁fort,1,0.03410641
sts,fra_Latn,10274,▁soit,2,0.06821282
sts,fra_Latn,10326,▁fois,2,0.06821282
sts,fra_Latn,10360,dul,1,0.03410641
sts,fra_Latn,10389,ère,2,0.06821282
sts,fra_Latn,10429,Ge,1,0.03410641
sts,fra_Latn,10442,aux,6,0.20463847
sts,fra_Latn,10528,mé,1,0.03410641
sts,fra_Latn,10625,Co,2,0.06821282
sts,fra_Latn,10670,▁ren,1,0.03410641
sts,fra_Latn,10747,▁permet,1,0.03410641
sts,fra_Latn,10750,▁argument,1,0.03410641
sts,fra_Latn,10770,Com,1,0.03410641
sts,fra_Latn,10804,▁cela,2,0.06821282
sts,fra_Latn,10999,eux,4,0.13642565
sts,fra_Latn,11056,dé,1,0.03410641
sts,fra_Latn,11075,▁2020,3,0.10231924
sts,fra_Latn,11124,assa,1,0.03410641
sts,fra_Latn,11129,▁sociale,1,0.03410641
sts,fra_Latn,11135,▁moins,1,0.03410641
sts,fra_Latn,11259,▁toujours,1,0.03410641
sts,fra_Latn,11267,4%,1,0.03410641
sts,fra_Latn,11389,▁version,1,0.03410641
sts,fra_Latn,11497,▁où,1,0.03410641
sts,fra_Latn,11610,▁nombre,6,0.20463847
sts,fra_Latn,11676,cé,1,0.03410641
sts,fra_Latn,11698,▁centre,1,0.03410641
sts,fra_Latn,11764,▁constitu,1,0.03410641
sts,fra_Latn,11841,▁KO,1,0.03410641
sts,fra_Latn,11856,press,1,0.03410641
sts,fra_Latn,11870,pé,2,0.06821282
sts,fra_Latn,11948,▁micro,1,0.03410641
sts,fra_Latn,11992,▁jour,1,0.03410641
sts,fra_Latn,11999,isse,1,0.03410641
sts,fra_Latn,12036,▁avoir,1,0.03410641
sts,fra_Latn,12094,▁ajo,1,0.03410641
sts,fra_Latn,12233,PC,1,0.03410641
sts,fra_Latn,12349,▁Service,1,0.03410641
sts,fra_Latn,12546,▁compte,1,0.03410641
sts,fra_Latn,12570,▁sous,1,0.03410641
sts,fra_Latn,12612,▁Dans,2,0.06821282
sts,fra_Latn,12640,ché,1,0.03410641
sts,fra_Latn,12645,cit,1,0.03410641
sts,fra_Latn,12741,ines,1,0.03410641
sts,fra_Latn,12832,sent,1,0.03410641
sts,fra_Latn,13067,▁esti,1,0.03410641
sts,fra_Latn,13220,▁après,1,0.03410641
sts,fra_Latn,13319,▁dont,3,0.10231924
sts,fra_Latn,13411,▁mois,2,0.06821282
sts,fra_Latn,13625,▁cri,1,0.03410641
sts,fra_Latn,13651,▁platform,1,0.03410641
sts,fra_Latn,13946,▁vu,2,0.06821282
sts,fra_Latn,13961,1%,1,0.03410641
sts,fra_Latn,13993,▁contre,2,0.06821282
sts,fra_Latn,14045,▁CH,1,0.03410641
sts,fra_Latn,14168,Su,1,0.03410641
sts,fra_Latn,14185,▁ainsi,5,0.17053206
sts,fra_Latn,14308,ém,1,0.03410641
sts,fra_Latn,14569,dien,1,0.03410641
sts,fra_Latn,14663,▁Elle,1,0.03410641
sts,fra_Latn,14713,▁Europe,2,0.06821282
sts,fra_Latn,14723,▁leurs,1,0.03410641
sts,fra_Latn,14880,▁sav,1,0.03410641
sts,fra_Latn,14885,▁84,1,0.03410641
sts,fra_Latn,14886,▁Email,1,0.03410641
sts,fra_Latn,14919,▁également,3,0.10231924
sts,fra_Latn,14951,▁alors,1,0.03410641
sts,fra_Latn,14974,▁coup,1,0.03410641
sts,fra_Latn,14994,▁virus,3,0.10231924
sts,fra_Latn,15032,isation,1,0.03410641
sts,fra_Latn,15154,▁déjà,3,0.10231924
sts,fra_Latn,15182,cra,1,0.03410641
sts,fra_Latn,15184,▁personnes,5,0.17053206
sts,fra_Latn,15185,PI,1,0.03410641
sts,fra_Latn,15212,rant,1,0.03410641
sts,fra_Latn,15324,▁rien,2,0.06821282
sts,fra_Latn,15426,▁account,1,0.03410641
sts,fra_Latn,15537,ume,1,0.03410641
sts,fra_Latn,15567,EK,1,0.03410641
sts,fra_Latn,15676,▁durant,1,0.03410641
sts,fra_Latn,15755,️,1,0.03410641
sts,fra_Latn,15824,▁fact,1,0.03410641
sts,fra_Latn,15896,Ver,1,0.03410641
sts,fra_Latn,16034,teurs,1,0.03410641
sts,fra_Latn,16082,pare,1,0.03410641
sts,fra_Latn,16161,là,1,0.03410641
sts,fra_Latn,16216,▁doua,1,0.03410641
sts,fra_Latn,16270,enne,3,0.10231924
sts,fra_Latn,16380,▁autres,2,0.06821282
sts,fra_Latn,16568,▁rapport,6,0.20463847
sts,fra_Latn,16604,Jo,1,0.03410641
sts,fra_Latn,16648,▁situation,1,0.03410641
sts,fra_Latn,16684,elles,1,0.03410641
sts,fra_Latn,16828,hé,2,0.06821282
sts,fra_Latn,16867,▁religi,1,0.03410641
sts,fra_Latn,16883,etta,1,0.03410641
sts,fra_Latn,16987,▁ligne,1,0.03410641
sts,fra_Latn,17019,▁niveau,3,0.10231924
sts,fra_Latn,17095,▁avait,1,0.03410641
sts,fra_Latn,17147,ès,4,0.13642565
sts,fra_Latn,17202,▁grave,1,0.03410641
sts,fra_Latn,17399,utan,1,0.03410641
sts,fra_Latn,17438,▁confi,2,0.06821282
sts,fra_Latn,17555,qué,1,0.03410641
sts,fra_Latn,17582,▁questions,1,0.03410641
sts,fra_Latn,17706,eurs,3,0.10231924
sts,fra_Latn,17752,▁mise,2,0.06821282
sts,fra_Latn,17791,çu,1,0.03410641
sts,fra_Latn,17812,▁offre,1,0.03410641
sts,fra_Latn,17875,▁partie,1,0.03410641
sts,fra_Latn,17904,▁mort,1,0.03410641
sts,fra_Latn,18043,vs,1,0.03410641
sts,fra_Latn,18113,/3,1,0.03410641
sts,fra_Latn,18237,▁June,1,0.03410641
sts,fra_Latn,18264,▁contract,1,0.03410641
sts,fra_Latn,18348,▁profit,1,0.03410641
sts,fra_Latn,18632,▁exemple,2,0.06821282
sts,fra_Latn,18657,▁tir,3,0.10231924
sts,fra_Latn,18695,pic,3,0.10231924
sts,fra_Latn,18750,ient,1,0.03410641
sts,fra_Latn,18843,▁facile,2,0.06821282
sts,fra_Latn,18852,▁Like,2,0.06821282
sts,fra_Latn,19027,aires,2,0.06821282
sts,fra_Latn,19058,ores,1,0.03410641
sts,fra_Latn,19077,trice,2,0.06821282
sts,fra_Latn,19145,▁première,3,0.10231924
sts,fra_Latn,19216,▁sec,1,0.03410641
sts,fra_Latn,19249,▁chaque,1,0.03410641
sts,fra_Latn,19269,▁jusqu,1,0.03410641
sts,fra_Latn,19351,▁plats,1,0.03410641
sts,fra_Latn,19501,▁autre,1,0.03410641
sts,fra_Latn,19597,▁À,3,0.10231924
sts,fra_Latn,19623,gress,1,0.03410641
sts,fra_Latn,19628,▁savoir,1,0.03410641
sts,fra_Latn,19667,▁chose,1,0.03410641
sts,fra_Latn,19676,▁demande,2,0.06821282
sts,fra_Latn,19700,était,1,0.03410641
sts,fra_Latn,19766,tiga,1,0.03410641
sts,fra_Latn,19859,▁pays,3,0.10231924
sts,fra_Latn,19988,autres,1,0.03410641
sts,fra_Latn,20129,uel,2,0.06821282
sts,fra_Latn,20192,▁reste,1,0.03410641
sts,fra_Latn,20214,EU,1,0.03410641
sts,fra_Latn,20269,▁plusieurs,1,0.03410641
sts,fra_Latn,20489,tech,1,0.03410641
sts,fra_Latn,20618,▁pou,1,0.03410641
sts,fra_Latn,20683,lés,1,0.03410641
sts,fra_Latn,20805,▁temp,1,0.03410641
sts,fra_Latn,20873,tique,1,0.03410641
sts,fra_Latn,21040,▁pili,1,0.03410641
sts,fra_Latn,21050,sili,1,0.03410641
sts,fra_Latn,21053,▁avons,1,0.03410641
sts,fra_Latn,21084,▁doit,1,0.03410641
sts,fra_Latn,21094,ations,3,0.10231924
sts,fra_Latn,21168,ajo,3,0.10231924
sts,fra_Latn,21183,ales,1,0.03410641
sts,fra_Latn,21293,▁nouveau,2,0.06821282
sts,fra_Latn,21301,▁mettre,1,0.03410641
sts,fra_Latn,21328,▁quelle,1,0.03410641
sts,fra_Latn,21460,istes,1,0.03410641
sts,fra_Latn,21555,dou,1,0.03410641
sts,fra_Latn,21673,fond,1,0.03410641
sts,fra_Latn,22153,roc,1,0.03410641
sts,fra_Latn,22183,▁(+,1,0.03410641
sts,fra_Latn,22189,tali,1,0.03410641
sts,fra_Latn,22246,itra,1,0.03410641
sts,fra_Latn,22270,▁peuvent,1,0.03410641
sts,fra_Latn,22304,▁cause,1,0.03410641
sts,fra_Latn,22759,▁four,1,0.03410641
sts,fra_Latn,22925,▁vice,1,0.03410641
sts,fra_Latn,22938,▁recherche,1,0.03410641
sts,fra_Latn,23044,firma,1,0.03410641
sts,fra_Latn,23152,▁mieux,1,0.03410641
sts,fra_Latn,23221,veni,1,0.03410641
sts,fra_Latn,23473,▁porte,1,0.03410641
sts,fra_Latn,23814,▁celui,1,0.03410641
sts,fra_Latn,23882,▁agent,1,0.03410641
sts,fra_Latn,23996,▁touch,1,0.03410641
sts,fra_Latn,24092,▁sign,1,0.03410641
sts,fra_Latn,24117,▁terme,1,0.03410641
sts,fra_Latn,24164,▁nouvelle,1,0.03410641
sts,fra_Latn,24209,▁become,1,0.03410641
sts,fra_Latn,24303,▁Sou,1,0.03410641
sts,fra_Latn,25032,▁haut,1,0.03410641
sts,fra_Latn,25208,uter,3,0.10231924
sts,fra_Latn,25388,rier,1,0.03410641
sts,fra_Latn,25534,▁charge,1,0.03410641
sts,fra_Latn,25720,lies,1,0.03410641
sts,fra_Latn,26171,▁propose,1,0.03410641
sts,fra_Latn,26247,uva,1,0.03410641
sts,fra_Latn,26510,▁lors,2,0.06821282
sts,fra_Latn,26826,▁Pinterest,1,0.03410641
sts,fra_Latn,26847,▁points,2,0.06821282
sts,fra_Latn,26932,rich,1,0.03410641
sts,fra_Latn,27198,▁transform,1,0.03410641
sts,fra_Latn,27340,▁difficile,1,0.03410641
sts,fra_Latn,27441,▁déc,2,0.06821282
sts,fra_Latn,27771,ncy,1,0.03410641
sts,fra_Latn,28387,▁biologi,1,0.03410641
sts,fra_Latn,28437,rop,3,0.10231924
sts,fra_Latn,28486,▁média,1,0.03410641
sts,fra_Latn,28745,▁Science,1,0.03410641
sts,fra_Latn,28905,room,1,0.03410641
sts,fra_Latn,29001,uses,1,0.03410641
sts,fra_Latn,29037,▁tira,1,0.03410641
sts,fra_Latn,29038,▁gens,1,0.03410641
sts,fra_Latn,29239,▁souvent,1,0.03410641
sts,fra_Latn,29475,▁maro,1,0.03410641
sts,fra_Latn,29569,▁image,1,0.03410641
sts,fra_Latn,29685,▁court,1,0.03410641
sts,fra_Latn,29752,▁mission,1,0.03410641
sts,fra_Latn,29790,▁Share,1,0.03410641
sts,fra_Latn,29806,▁solution,1,0.03410641
sts,fra_Latn,29866,▁trois,2,0.06821282
sts,fra_Latn,30041,▁inci,1,0.03410641
sts,fra_Latn,30463,▁750,1,0.03410641
sts,fra_Latn,30501,▁presse,1,0.03410641
sts,fra_Latn,30623,▁vé,1,0.03410641
sts,fra_Latn,30924,spill,1,0.03410641
sts,fra_Latn,30964,▁Comme,1,0.03410641
sts,fra_Latn,31255,▁export,4,0.13642565
sts,fra_Latn,31344,▁source,1,0.03410641
sts,fra_Latn,31426,gj,1,0.03410641
sts,fra_Latn,31520,information,7,0.23874488
sts,fra_Latn,31571,édi,1,0.03410641
sts,fra_Latn,31649,▁Bou,1,0.03410641
sts,fra_Latn,32185,ép,2,0.06821282
sts,fra_Latn,32485,▁journalist,1,0.03410641
sts,fra_Latn,32497,▁comes,1,0.03410641
sts,fra_Latn,32565,▁informations,1,0.03410641
sts,fra_Latn,32596,▁donner,1,0.03410641
sts,fra_Latn,32743,▁Bien,1,0.03410641
sts,fra_Latn,32762,▁recens,1,0.03410641
sts,fra_Latn,32782,▁façon,1,0.03410641
sts,fra_Latn,33078,▁vina,1,0.03410641
sts,fra_Latn,33085,▁publi,1,0.03410641
sts,fra_Latn,33518,▁sûr,1,0.03410641
sts,fra_Latn,33590,▁société,2,0.06821282
sts,fra_Latn,34014,AE,1,0.03410641
sts,fra_Latn,34418,▁selon,1,0.03410641
sts,fra_Latn,34639,our,1,0.03410641
sts,fra_Latn,34666,▁essay,1,0.03410641
sts,fra_Latn,34731,minu,1,0.03410641
sts,fra_Latn,35177,▁Ces,1,0.03410641
sts,fra_Latn,35259,vec,1,0.03410641
sts,fra_Latn,35372,▁seul,1,0.03410641
sts,fra_Latn,35505,▁baga,2,0.06821282
sts,fra_Latn,35707,▁appro,1,0.03410641
sts,fra_Latn,35874,▁poly,1,0.03410641
sts,fra_Latn,35890,erie,2,0.06821282
sts,fra_Latn,35975,ular,2,0.06821282
sts,fra_Latn,36398,▁communication,1,0.03410641
sts,fra_Latn,37145,▁certains,1,0.03410641
sts,fra_Latn,37379,dent,2,0.06821282
sts,fra_Latn,37768,▁Bé,1,0.03410641
sts,fra_Latn,37769,▁groupe,2,0.06821282
sts,fra_Latn,38024,▁crise,3,0.10231924
sts,fra_Latn,38038,▁région,1,0.03410641
sts,fra_Latn,38141,▁arme,1,0.03410641
sts,fra_Latn,38397,▁santé,1,0.03410641
sts,fra_Latn,38845,▁médica,1,0.03410641
sts,fra_Latn,38972,▁blanc,2,0.06821282
sts,fra_Latn,39041,▁exclu,1,0.03410641
sts,fra_Latn,39109,▁aff,1,0.03410641
sts,fra_Latn,39435,▁serait,1,0.03410641
sts,fra_Latn,39563,▁confirm,2,0.06821282
sts,fra_Latn,39754,▁Print,1,0.03410641
sts,fra_Latn,40084,▁câ,1,0.03410641
sts,fra_Latn,40148,/2009,1,0.03410641
sts,fra_Latn,40182,▁nombreux,1,0.03410641
sts,fra_Latn,40514,ison,1,0.03410641
sts,fra_Latn,40721,▁notamment,4,0.13642565
sts,fra_Latn,40808,▁efficace,1,0.03410641
sts,fra_Latn,41039,ctu,2,0.06821282
sts,fra_Latn,41120,rona,1,0.03410641
sts,fra_Latn,41159,ability,1,0.03410641
sts,fra_Latn,41187,▁2.2,1,0.03410641
sts,fra_Latn,41226,▁prise,1,0.03410641
sts,fra_Latn,41272,▁Bart,4,0.13642565
sts,fra_Latn,41384,▁gestion,1,0.03410641
sts,fra_Latn,41392,▁mention,1,0.03410641
sts,fra_Latn,41418,verti,1,0.03410641
sts,fra_Latn,41571,▁vient,1,0.03410641
sts,fra_Latn,41776,▁(18),2,0.06821282
sts,fra_Latn,41895,▁(@,1,0.03410641
sts,fra_Latn,41929,▁double,1,0.03410641
sts,fra_Latn,41932,▁Après,1,0.03410641
sts,fra_Latn,42154,▁circ,2,0.06821282
sts,fra_Latn,42369,▁tête,1,0.03410641
sts,fra_Latn,42593,▁suc,1,0.03410641
sts,fra_Latn,42620,▁Jou,2,0.06821282
sts,fra_Latn,42991,tives,1,0.03410641
sts,fra_Latn,43291,tris,1,0.03410641
sts,fra_Latn,43529,▁elles,1,0.03410641
sts,fra_Latn,43732,▁sécurité,1,0.03410641
sts,fra_Latn,44386,taire,1,0.03410641
sts,fra_Latn,44456,Dis,1,0.03410641
sts,fra_Latn,44713,action,2,0.06821282
sts,fra_Latn,44764,quant,1,0.03410641
sts,fra_Latn,44805,▁calcul,1,0.03410641
sts,fra_Latn,44918,▁parler,1,0.03410641
sts,fra_Latn,45077,RON,1,0.03410641
sts,fra_Latn,45602,nique,2,0.06821282
sts,fra_Latn,46334,inform,1,0.03410641
sts,fra_Latn,46531,▁milieu,1,0.03410641
sts,fra_Latn,46785,▁plutôt,1,0.03410641
sts,fra_Latn,46918,▁lire,2,0.06821282
sts,fra_Latn,47804,idé,2,0.06821282
sts,fra_Latn,47943,▁décembre,1,0.03410641
sts,fra_Latn,48154,ensemble,1,0.03410641
sts,fra_Latn,48196,▁mesure,1,0.03410641
sts,fra_Latn,48326,ssé,2,0.06821282
sts,fra_Latn,48373,▁nouvelles,2,0.06821282
sts,fra_Latn,48391,▁politique,1,0.03410641
sts,fra_Latn,48522,▁réponse,1,0.03410641
sts,fra_Latn,48529,▁Maro,1,0.03410641
sts,fra_Latn,48963,AST,1,0.03410641
sts,fra_Latn,49060,▁positif,1,0.03410641
sts,fra_Latn,49556,▁valeur,1,0.03410641
sts,fra_Latn,49674,érie,2,0.06821282
sts,fra_Latn,49706,kv,1,0.03410641
sts,fra_Latn,50216,nier,1,0.03410641
sts,fra_Latn,50222,▁donné,1,0.03410641
sts,fra_Latn,50763,élé,1,0.03410641
sts,fra_Latn,51211,▁Russ,3,0.10231924
sts,fra_Latn,51588,group,1,0.03410641
sts,fra_Latn,51956,▁Produ,1,0.03410641
sts,fra_Latn,52088,▁statisti,1,0.03410641
sts,fra_Latn,52128,ident,1,0.03410641
sts,fra_Latn,52152,grav,1,0.03410641
sts,fra_Latn,52236,▁Aut,2,0.06821282
sts,fra_Latn,52590,gré,1,0.03410641
sts,fra_Latn,52673,ailleurs,1,0.03410641
sts,fra_Latn,52779,Sal,1,0.03410641
sts,fra_Latn,52814,▁janvier,1,0.03410641
sts,fra_Latn,53429,rova,2,0.06821282
sts,fra_Latn,53495,▁compta,1,0.03410641
sts,fra_Latn,54054,▁histoire,1,0.03410641
sts,fra_Latn,54238,▁dés,8,0.27285130
sts,fra_Latn,54410,▁arrive,1,0.03410641
sts,fra_Latn,54936,new,2,0.06821282
sts,fra_Latn,55042,▁brut,1,0.03410641
sts,fra_Latn,55473,▁miel,1,0.03410641
sts,fra_Latn,55519,▁propre,1,0.03410641
sts,fra_Latn,55860,ït,1,0.03410641
sts,fra_Latn,55870,usse,1,0.03410641
sts,fra_Latn,55951,twitter,1,0.03410641
sts,fra_Latn,56392,▁nuit,1,0.03410641
sts,fra_Latn,57289,▁soul,1,0.03410641
sts,fra_Latn,57365,▁(23),1,0.03410641
sts,fra_Latn,57409,▁cuisine,1,0.03410641
sts,fra_Latn,57559,▁secteur,4,0.13642565
sts,fra_Latn,58345,analyse,1,0.03410641
sts,fra_Latn,58359,▁reach,1,0.03410641
sts,fra_Latn,58732,cies,1,0.03410641
sts,fra_Latn,58745,|,1,0.03410641
sts,fra_Latn,59113,▁créer,2,0.06821282
sts,fra_Latn,59140,▁baro,4,0.13642565
sts,fra_Latn,59148,▁Hoc,1,0.03410641
sts,fra_Latn,59568,▁inscrit,1,0.03410641
sts,fra_Latn,59926,▁contenu,2,0.06821282
sts,fra_Latn,59978,▁conseil,1,0.03410641
sts,fra_Latn,60013,▁commun,1,0.03410641
sts,fra_Latn,60458,▁dispose,1,0.03410641
sts,fra_Latn,60502,ances,1,0.03410641
sts,fra_Latn,60565,étude,1,0.03410641
sts,fra_Latn,61201,▁Patrick,1,0.03410641
sts,fra_Latn,61307,▁repro,1,0.03410641
sts,fra_Latn,61634,▁diplomat,1,0.03410641
sts,fra_Latn,61689,▁accu,1,0.03410641
sts,fra_Latn,61765,▁Tang,1,0.03410641
sts,fra_Latn,61972,▁actions,2,0.06821282
sts,fra_Latn,62035,▁POD,1,0.03410641
sts,fra_Latn,62038,▁origina,1,0.03410641
sts,fra_Latn,62195,▁publique,1,0.03410641
sts,fra_Latn,62223,▁répondre,1,0.03410641
sts,fra_Latn,62391,▁Pré,1,0.03410641
sts,fra_Latn,62956,chant,1,0.03410641
sts,fra_Latn,63134,▁trouble,1,0.03410641
sts,fra_Latn,63155,▁vaste,1,0.03410641
sts,fra_Latn,63284,▁ensure,1,0.03410641
sts,fra_Latn,63632,▁économique,1,0.03410641
sts,fra_Latn,63871,▁Commission,7,0.23874488
sts,fra_Latn,63910,▁Pé,1,0.03410641
sts,fra_Latn,63920,▁parts,1,0.03410641
sts,fra_Latn,63971,▁avril,8,0.27285130
sts,fra_Latn,64405,isant,2,0.06821282
sts,fra_Latn,65067,▁Vera,2,0.06821282
sts,fra_Latn,65382,institut,3,0.10231924
sts,fra_Latn,65477,▁perdre,1,0.03410641
sts,fra_Latn,65842,▁patriot,1,0.03410641
sts,fra_Latn,66251,▁besoins,1,0.03410641
sts,fra_Latn,66486,▁coût,2,0.06821282
sts,fra_Latn,66686,▁rép,1,0.03410641
sts,fra_Latn,66947,104,1,0.03410641
sts,fra_Latn,67025,▁différentes,1,0.03410641
sts,fra_Latn,67311,▁résultats,1,0.03410641
sts,fra_Latn,67573,▁mortal,1,0.03410641
sts,fra_Latn,68153,voy,1,0.03410641
sts,fra_Latn,68371,▁suivi,1,0.03410641
sts,fra_Latn,69190,▁grands,1,0.03410641
sts,fra_Latn,69232,▁ramen,1,0.03410641
sts,fra_Latn,69442,indica,1,0.03410641
sts,fra_Latn,69454,",7%",1,0.03410641
sts,fra_Latn,69674,charge,1,0.03410641
sts,fra_Latn,69747,▁Depuis,2,0.06821282
sts,fra_Latn,69842,▁auprès,2,0.06821282
sts,fra_Latn,70052,origine,1,0.03410641
sts,fra_Latn,70770,▁utilisé,1,0.03410641
sts,fra_Latn,71333,icul,1,0.03410641
sts,fra_Latn,71682,▁mesures,1,0.03410641
sts,fra_Latn,72428,frica,1,0.03410641
sts,fra_Latn,72581,▁vont,1,0.03410641
sts,fra_Latn,72945,ppan,1,0.03410641
sts,fra_Latn,73020,▁aurait,2,0.06821282
sts,fra_Latn,73284,▁semaines,1,0.03410641
sts,fra_Latn,73826,▁Politic,1,0.03410641
sts,fra_Latn,74116,VID,2,0.06821282
sts,fra_Latn,74725,▁concernant,2,0.06821282
sts,fra_Latn,75695,chou,1,0.03410641
sts,fra_Latn,76070,naire,1,0.03410641
sts,fra_Latn,76379,▁conseils,1,0.03410641
sts,fra_Latn,76662,▁utiliser,1,0.03410641
sts,fra_Latn,76682,▁recette,4,0.13642565
sts,fra_Latn,76912,virus,9,0.30695771
sts,fra_Latn,77019,▁Sit,1,0.03410641
sts,fra_Latn,77049,▁invite,1,0.03410641
sts,fra_Latn,77057,▁président,1,0.03410641
sts,fra_Latn,77064,▁danger,3,0.10231924
sts,fra_Latn,78189,▁vendredi,1,0.03410641
sts,fra_Latn,78292,check,1,0.03410641
sts,fra_Latn,78295,▁devrait,1,0.03410641
sts,fra_Latn,78387,ène,1,0.03410641
sts,fra_Latn,78688,▁experts,1,0.03410641
sts,fra_Latn,79351,raient,2,0.06821282
sts,fra_Latn,79770,report,1,0.03410641
sts,fra_Latn,80180,elmi,1,0.03410641
sts,fra_Latn,80203,euros,1,0.03410641
sts,fra_Latn,80252,▁contamina,1,0.03410641
sts,fra_Latn,80267,▁humanit,1,0.03410641
sts,fra_Latn,80280,▁perspective,1,0.03410641
sts,fra_Latn,80632,▁milliard,1,0.03410641
sts,fra_Latn,80776,extérieur,1,0.03410641
sts,fra_Latn,80822,▁Fabi,1,0.03410641
sts,fra_Latn,81593,▁sert,1,0.03410641
sts,fra_Latn,81703,▁laver,1,0.03410641
sts,fra_Latn,81834,parol,1,0.03410641
sts,fra_Latn,83108,"▁6,5",1,0.03410641
sts,fra_Latn,83820,affi,1,0.03410641
sts,fra_Latn,84065,▁œuvre,1,0.03410641
sts,fra_Latn,84081,ssimi,1,0.03410641
sts,fra_Latn,84626,▁directement,1,0.03410641
sts,fra_Latn,85023,évolution,1,0.03410641
sts,fra_Latn,85615,▁Rapport,1,0.03410641
sts,fra_Latn,85789,ifier,1,0.03410641
sts,fra_Latn,85945,ération,1,0.03410641
sts,fra_Latn,86452,▁Jonathan,1,0.03410641
sts,fra_Latn,86494,▁noir,1,0.03410641
sts,fra_Latn,87053,67),1,0.03410641
sts,fra_Latn,87709,▁capable,1,0.03410641
sts,fra_Latn,88500,barra,1,0.03410641
sts,fra_Latn,88838,▁victime,1,0.03410641
sts,fra_Latn,89914,▁messages,1,0.03410641
sts,fra_Latn,90097,▁modest,1,0.03410641
sts,fra_Latn,90581,▁lundi,1,0.03410641
sts,fra_Latn,91093,▁annonce,1,0.03410641
sts,fra_Latn,91362,▁celles,1,0.03410641
sts,fra_Latn,91392,▁taux,1,0.03410641
sts,fra_Latn,91694,▁Dara,1,0.03410641
sts,fra_Latn,92286,▁cherche,1,0.03410641
sts,fra_Latn,92502,▁LinkedIn,1,0.03410641
sts,fra_Latn,93605,mètre,4,0.13642565
sts,fra_Latn,93877,▁plupart,1,0.03410641
sts,fra_Latn,94008,▁importants,1,0.03410641
sts,fra_Latn,94158,▁réalité,1,0.03410641
sts,fra_Latn,94228,▁présenté,1,0.03410641
sts,fra_Latn,94309,▁accusa,2,0.06821282
sts,fra_Latn,94505,▁sociaux,4,0.13642565
sts,fra_Latn,94613,▁garder,1,0.03410641
sts,fra_Latn,94851,ARS,1,0.03410641
sts,fra_Latn,94961,▁Bruxelles,1,0.03410641
sts,fra_Latn,95319,▁violence,1,0.03410641
sts,fra_Latn,95712,▁rendu,1,0.03410641
sts,fra_Latn,95769,▁Mell,1,0.03410641
sts,fra_Latn,96180,▁Jennifer,4,0.13642565
sts,fra_Latn,96197,économie,3,0.10231924
sts,fra_Latn,96907,▁cure,1,0.03410641
sts,fra_Latn,97673,engage,1,0.03410641
sts,fra_Latn,97867,▁ailleurs,1,0.03410641
sts,fra_Latn,97907,isté,1,0.03410641
sts,fra_Latn,98674,onnement,1,0.03410641
sts,fra_Latn,99733,Europe,5,0.17053206
sts,fra_Latn,99932,merci,2,0.06821282
sts,fra_Latn,100510,▁society,1,0.03410641
sts,fra_Latn,100542,▁étape,1,0.03410641
sts,fra_Latn,100896,▁défi,1,0.03410641
sts,fra_Latn,100951,▁règles,1,0.03410641
sts,fra_Latn,102839,balo,1,0.03410641
sts,fra_Latn,102982,▁devenir,1,0.03410641
sts,fra_Latn,103072,▁derniers,1,0.03410641
sts,fra_Latn,103806,Unis,3,0.10231924
sts,fra_Latn,103807,▁propag,1,0.03410641
sts,fra_Latn,105710,plot,2,0.06821282
sts,fra_Latn,105748,MAP,1,0.03410641
sts,fra_Latn,105900,▁européenne,11,0.37517053
sts,fra_Latn,105923,▁publié,2,0.06821282
sts,fra_Latn,106287,▁fake,2,0.06821282
sts,fra_Latn,106721,▁échange,2,0.06821282
sts,fra_Latn,106845,▁entendre,1,0.03410641
sts,fra_Latn,107056,▁avaient,3,0.10231924
sts,fra_Latn,107123,améliorer,1,0.03410641
sts,fra_Latn,107777,lance,1,0.03410641
sts,fra_Latn,108406,▁demandé,1,0.03410641
sts,fra_Latn,108821,▁lutte,2,0.06821282
sts,fra_Latn,109728,▁corona,7,0.23874488
sts,fra_Latn,109921,▁tests,1,0.03410641
sts,fra_Latn,109971,▁dilu,1,0.03410641
sts,fra_Latn,110990,▁favorable,1,0.03410641
sts,fra_Latn,112181,▁responsabilité,1,0.03410641
sts,fra_Latn,113207,prenant,1,0.03410641
sts,fra_Latn,113609,▁bâtiment,1,0.03410641
sts,fra_Latn,113721,▁cite,1,0.03410641
sts,fra_Latn,113972,Log,1,0.03410641
sts,fra_Latn,115013,▁développer,1,0.03410641
sts,fra_Latn,115189,▁réseaux,3,0.10231924
sts,fra_Latn,115223,▁mardi,2,0.06821282
sts,fra_Latn,115791,▁précédent,4,0.13642565
sts,fra_Latn,115953,▁précise,2,0.06821282
sts,fra_Latn,116483,▁speech,1,0.03410641
sts,fra_Latn,116491,▁machines,1,0.03410641
sts,fra_Latn,117100,▁mercredi,1,0.03410641
sts,fra_Latn,117451,▁yog,1,0.03410641
sts,fra_Latn,117913,▁débat,1,0.03410641
sts,fra_Latn,117951,chino,1,0.03410641
sts,fra_Latn,118255,▁Chine,13,0.44338336
sts,fra_Latn,118409,▁olive,1,0.03410641
sts,fra_Latn,119948,fila,1,0.03410641
sts,fra_Latn,120331,Etat,1,0.03410641
sts,fra_Latn,120919,▁ajuste,1,0.03410641
sts,fra_Latn,121047,▁dépend,1,0.03410641
sts,fra_Latn,121494,▁officielle,1,0.03410641
sts,fra_Latn,121935,▁mains,1,0.03410641
sts,fra_Latn,122327,▁faisant,1,0.03410641
sts,fra_Latn,123257,▁indique,1,0.03410641
sts,fra_Latn,123264,▁preuve,4,0.13642565
sts,fra_Latn,123782,▁Selon,1,0.03410641
sts,fra_Latn,124416,▁joint,1,0.03410641
sts,fra_Latn,124720,▁nécessaires,1,0.03410641
sts,fra_Latn,125082,grave,1,0.03410641
sts,fra_Latn,125386,▁humaine,1,0.03410641
sts,fra_Latn,125435,98),2,0.06821282
sts,fra_Latn,125682,gation,2,0.06821282
sts,fra_Latn,125696,▁sucre,2,0.06821282
sts,fra_Latn,126326,terie,1,0.03410641
sts,fra_Latn,127520,▁consommation,1,0.03410641
sts,fra_Latn,127619,situation,1,0.03410641
sts,fra_Latn,127922,venant,1,0.03410641
sts,fra_Latn,129679,▁(39),1,0.03410641
sts,fra_Latn,130306,▁critical,1,0.03410641
sts,fra_Latn,130523,▁européen,4,0.13642565
sts,fra_Latn,130633,▁établi,1,0.03410641
sts,fra_Latn,130932,▁intérieur,1,0.03410641
sts,fra_Latn,131639,▁régulièrement,1,0.03410641
sts,fra_Latn,132162,▁supplémentaire,1,0.03410641
sts,fra_Latn,132570,Eco,1,0.03410641
sts,fra_Latn,132746,381,1,0.03410641
sts,fra_Latn,133191,▁citoyen,2,0.06821282
sts,fra_Latn,133496,▁légère,2,0.06821282
sts,fra_Latn,133784,▁suffi,1,0.03410641
sts,fra_Latn,134207,▁majeur,1,0.03410641
sts,fra_Latn,135146,élève,1,0.03410641
sts,fra_Latn,135518,Fac,1,0.03410641
sts,fra_Latn,136445,▁effectué,2,0.06821282
sts,fra_Latn,137555,▁éco,2,0.06821282
sts,fra_Latn,137598,▁acteurs,1,0.03410641
sts,fra_Latn,137755,▁conférence,1,0.03410641
sts,fra_Latn,137858,administration,1,0.03410641
sts,fra_Latn,137884,avantage,1,0.03410641
sts,fra_Latn,138461,▁manufa,1,0.03410641
sts,fra_Latn,138488,▁partenaires,1,0.03410641
sts,fra_Latn,138758,▁dames,1,0.03410641
sts,fra_Latn,139630,▁Afin,1,0.03410641
sts,fra_Latn,139910,▁sauce,2,0.06821282
sts,fra_Latn,140734,▁préféré,1,0.03410641
sts,fra_Latn,140861,▁croissance,1,0.03410641
sts,fra_Latn,141254,▁alimentaire,1,0.03410641
sts,fra_Latn,141612,▁baisse,3,0.10231924
sts,fra_Latn,141840,cession,2,0.06821282
sts,fra_Latn,141859,▁financière,2,0.06821282
sts,fra_Latn,143088,▁Etats,1,0.03410641
sts,fra_Latn,143414,ccup,1,0.03410641
sts,fra_Latn,144309,OMS,1,0.03410641
sts,fra_Latn,144546,gnant,1,0.03410641
sts,fra_Latn,144687,▁composé,1,0.03410641
sts,fra_Latn,147138,▁allé,2,0.06821282
sts,fra_Latn,147507,▁contexte,1,0.03410641
sts,fra_Latn,147547,Union,3,0.10231924
sts,fra_Latn,147608,blir,1,0.03410641
sts,fra_Latn,148611,▁annoncé,1,0.03410641
sts,fra_Latn,148641,▁Related,1,0.03410641
sts,fra_Latn,148677,▁historique,1,0.03410641
sts,fra_Latn,148785,▁Forte,1,0.03410641
sts,fra_Latn,149577,IQUE,1,0.03410641
sts,fra_Latn,149841,▁indiqué,1,0.03410641
sts,fra_Latn,149864,▁conçu,1,0.03410641
sts,fra_Latn,149896,▁chargé,1,0.03410641
sts,fra_Latn,150374,▁détail,2,0.06821282
sts,fra_Latn,150416,▁cependant,1,0.03410641
sts,fra_Latn,151299,▁âgé,1,0.03410641
sts,fra_Latn,151522,▁trompe,1,0.03410641
sts,fra_Latn,151658,▁portant,1,0.03410641
sts,fra_Latn,152028,change,1,0.03410641
sts,fra_Latn,154475,▁reconnu,1,0.03410641
sts,fra_Latn,154687,blanc,1,0.03410641
sts,fra_Latn,154973,Matt,1,0.03410641
sts,fra_Latn,155685,▁privée,1,0.03410641
sts,fra_Latn,156164,▁plateforme,1,0.03410641
sts,fra_Latn,157363,▁Dacia,1,0.03410641
sts,fra_Latn,157572,▁estime,1,0.03410641
sts,fra_Latn,157821,▁réduire,1,0.03410641
sts,fra_Latn,159284,prés,2,0.06821282
sts,fra_Latn,160554,▁puissance,1,0.03410641
sts,fra_Latn,161644,▁Keller,1,0.03410641
sts,fra_Latn,162013,▁Suisse,3,0.10231924
sts,fra_Latn,162235,▁déclaré,2,0.06821282
sts,fra_Latn,163047,▁spécialiste,1,0.03410641
sts,fra_Latn,163465,▁ajouter,1,0.03410641
sts,fra_Latn,165168,Orient,1,0.03410641
sts,fra_Latn,165264,institution,2,0.06821282
sts,fra_Latn,166514,▁États,4,0.13642565
sts,fra_Latn,167529,▁envoyé,1,0.03410641
sts,fra_Latn,168066,▁financer,1,0.03410641
sts,fra_Latn,168896,▁respecter,1,0.03410641
sts,fra_Latn,169183,▁signaler,1,0.03410641
sts,fra_Latn,170243,▁rappelle,1,0.03410641
sts,fra_Latn,170826,▁moitié,2,0.06821282
sts,fra_Latn,171424,ambassade,1,0.03410641
sts,fra_Latn,171529,▁absolument,1,0.03410641
sts,fra_Latn,172713,▁Attention,1,0.03410641
sts,fra_Latn,173247,rect,1,0.03410641
sts,fra_Latn,174232,enseignant,1,0.03410641
sts,fra_Latn,174489,▁Reddit,1,0.03410641
sts,fra_Latn,177803,▁recommande,1,0.03410641
sts,fra_Latn,178021,574,2,0.06821282
sts,fra_Latn,178241,▁heureuse,1,0.03410641
sts,fra_Latn,179317,▁ministère,3,0.10231924
sts,fra_Latn,179650,accompagne,1,0.03410641
sts,fra_Latn,179855,▁vérité,1,0.03410641
sts,fra_Latn,182182,▁toutefois,1,0.03410641
sts,fra_Latn,182352,▁stylist,1,0.03410641
sts,fra_Latn,184160,▁vouloir,1,0.03410641
sts,fra_Latn,184425,Stock,2,0.06821282
sts,fra_Latn,186809,▁autorités,3,0.10231924
sts,fra_Latn,188923,▁communiqué,3,0.10231924
sts,fra_Latn,191175,▁circulation,1,0.03410641
sts,fra_Latn,193204,▁principaux,3,0.10231924
sts,fra_Latn,193223,▁Citizen,1,0.03410641
sts,fra_Latn,196458,▁Corona,1,0.03410641
sts,fra_Latn,199200,▁clairement,1,0.03410641
sts,fra_Latn,199789,▁sanitaire,2,0.06821282
sts,fra_Latn,202104,▁concentration,1,0.03410641
sts,fra_Latn,204228,infect,1,0.03410641
sts,fra_Latn,204493,▁chinois,3,0.10231924
sts,fra_Latn,206225,▁doigts,1,0.03410641
sts,fra_Latn,208249,▁Tumblr,1,0.03410641
sts,fra_Latn,209716,▁constituent,1,0.03410641
sts,fra_Latn,209760,▁détaillé,1,0.03410641
sts,fra_Latn,211923,▁Plusieur,1,0.03410641
sts,fra_Latn,212121,éviter,2,0.06821282
sts,fra_Latn,213468,tandis,2,0.06821282
sts,fra_Latn,213666,▁député,2,0.06821282
sts,fra_Latn,213714,▁souffle,1,0.03410641
sts,fra_Latn,214015,▁renforcer,1,0.03410641
sts,fra_Latn,214362,▁occident,2,0.06821282
sts,fra_Latn,214420,▁enregistré,2,0.06821282
sts,fra_Latn,216185,▁étrangère,1,0.03410641
sts,fra_Latn,219298,Allemagne,1,0.03410641
sts,fra_Latn,219666,▁remplacer,1,0.03410641
sts,fra_Latn,220808,aptitud,1,0.03410641
sts,fra_Latn,222428,▁souligne,1,0.03410641
sts,fra_Latn,223080,▁fédéral,2,0.06821282
sts,fra_Latn,223601,▁gâteau,4,0.13642565
sts,fra_Latn,225414,▁théorie,2,0.06821282
sts,fra_Latn,228006,▁Loading,1,0.03410641
sts,fra_Latn,231276,▁laboratoire,1,0.03410641
sts,fra_Latn,231327,▁chercheurs,2,0.06821282
sts,fra_Latn,233248,évaluer,1,0.03410641
sts,fra_Latn,234532,▁démocratie,1,0.03410641
sts,fra_Latn,235674,▁coordonnées,1,0.03410641
sts,fra_Latn,235679,▁ingrédients,1,0.03410641
sts,fra_Latn,236879,▁précisément,1,0.03410641
sts,fra_Latn,238236,▁néanmoins,1,0.03410641
sts,fra_Latn,238759,▁pharmacie,1,0.03410641
sts,fra_Latn,239968,▁négatif,1,0.03410641
sts,fra_Latn,244177,⬇,1,0.03410641
sts,ita_Latn,4,",",109,3.71759891
sts,ita_Latn,5,.,69,2.35334243
sts,ita_Latn,6,▁,21,0.71623465
sts,ita_Latn,7,s,4,0.13642565
sts,ita_Latn,8,▁de,4,0.13642565
sts,ita_Latn,9,-,1,0.03410641
sts,ita_Latn,10,▁a,31,1.05729877
sts,ita_Latn,11,a,9,0.30695771
sts,ita_Latn,12,:,18,0.61391542
sts,ita_Latn,13,e,17,0.57980900
sts,ita_Latn,14,i,16,0.54570259
sts,ita_Latn,15,▁(,5,0.17053206
sts,ita_Latn,16,),3,0.10231924
sts,ita_Latn,17,▁i,18,0.61391542
sts,ita_Latn,18,t,3,0.10231924
sts,ita_Latn,19,n,1,0.03410641
sts,ita_Latn,20,▁-,3,0.10231924
sts,ita_Latn,21,▁la,39,1.33015007
sts,ita_Latn,23,▁in,27,0.92087312
sts,ita_Latn,25,',2,0.06821282
sts,ita_Latn,26,’,31,1.05729877
sts,ita_Latn,28,▁e,57,1.94406548
sts,ita_Latn,31,o,13,0.44338336
sts,ita_Latn,32,?,1,0.03410641
sts,ita_Latn,36,▁o,10,0.34106412
sts,ita_Latn,40,▁se,15,0.51159618
sts,ita_Latn,44,"▁""",5,0.17053206
sts,ita_Latn,45,▁di,82,2.79672578
sts,ita_Latn,46,▁–,3,0.10231924
sts,ita_Latn,47,▁to,2,0.06821282
sts,ita_Latn,48,▁da,14,0.47748977
sts,ita_Latn,51,▁un,29,0.98908595
sts,ita_Latn,52,▁“,3,0.10231924
sts,ita_Latn,54,▁do,2,0.06821282
sts,ita_Latn,56,er,1,0.03410641
sts,ita_Latn,58,"""",1,0.03410641
sts,ita_Latn,62,▁A,2,0.06821282
sts,ita_Latn,63,”,2,0.06821282
sts,ita_Latn,66,an,2,0.06821282
sts,ita_Latn,67,te,10,0.34106412
sts,ita_Latn,73,in,2,0.06821282
sts,ita_Latn,74,;,3,0.10231924
sts,ita_Latn,76,na,7,0.23874488
sts,ita_Latn,78,▁si,20,0.68212824
sts,ita_Latn,81,▁v,1,0.03410641
sts,ita_Latn,85,da,2,0.06821282
sts,ita_Latn,87,▁I,7,0.23874488
sts,ita_Latn,91,▁s,6,0.20463847
sts,ita_Latn,93,ni,1,0.03410641
sts,ita_Latn,94,▁«,4,0.13642565
sts,ita_Latn,95,▁le,24,0.81855389
sts,ita_Latn,96,▁l,9,0.30695771
sts,ita_Latn,100,▁for,2,0.06821282
sts,ita_Latn,102,ta,10,0.34106412
sts,ita_Latn,104,▁d,4,0.13642565
sts,ita_Latn,106,▁1,1,0.03410641
sts,ita_Latn,107,re,16,0.54570259
sts,ita_Latn,108,▁ne,4,0.13642565
sts,ita_Latn,112,de,3,0.10231924
sts,ita_Latn,117,▁per,37,1.26193724
sts,ita_Latn,118,ti,14,0.47748977
sts,ita_Latn,120,▁te,1,0.03410641
sts,ita_Latn,128,▁med,1,0.03410641
sts,ita_Latn,133,le,3,0.10231924
sts,ita_Latn,143,la,4,0.13642565
sts,ita_Latn,144,▁al,13,0.44338336
sts,ita_Latn,146,▁del,15,0.51159618
sts,ita_Latn,147,ar,1,0.03410641
sts,ita_Latn,157,no,11,0.37517053
sts,ita_Latn,158,▁con,20,0.68212824
sts,ita_Latn,159,▁S,1,0.03410641
sts,ita_Latn,163,▁me,1,0.03410641
sts,ita_Latn,166,▁su,4,0.13642565
sts,ita_Latn,167,»,1,0.03410641
sts,ita_Latn,169,z,1,0.03410641
sts,ita_Latn,172,si,6,0.20463847
sts,ita_Latn,184,se,1,0.03410641
sts,ita_Latn,185,▁av,1,0.03410641
sts,ita_Latn,188,to,6,0.20463847
sts,ita_Latn,190,▁5,1,0.03410641
sts,ita_Latn,193,▁ir,1,0.03410641
sts,ita_Latn,196,▁por,1,0.03410641
sts,ita_Latn,198,▁es,1,0.03410641
sts,ita_Latn,201,▁4,1,0.03410641
sts,ita_Latn,204,▁‘,1,0.03410641
sts,ita_Latn,211,▁il,32,1.09140518
sts,ita_Latn,217,it,1,0.03410641
sts,ita_Latn,220,▁una,20,0.68212824
sts,ita_Latn,221,▁so,1,0.03410641
sts,ita_Latn,232,os,1,0.03410641
sts,ita_Latn,239,▁La,9,0.30695771
sts,ita_Latn,241,▁E,5,0.17053206
sts,ita_Latn,246,do,4,0.13642565
sts,ita_Latn,247,"),",2,0.06821282
sts,ita_Latn,256,▁ha,4,0.13642565
sts,ita_Latn,257,at,1,0.03410641
sts,ita_Latn,269,▁nie,1,0.03410641
sts,ita_Latn,279,▁vi,6,0.20463847
sts,ita_Latn,282,me,1,0.03410641
sts,ita_Latn,284,A,1,0.03410641
sts,ita_Latn,290,▁che,51,1.73942701
sts,ita_Latn,291,▁ma,5,0.17053206
sts,ita_Latn,304,2,1,0.03410641
sts,ita_Latn,305,▁6,1,0.03410641
sts,ita_Latn,308,▁ta,1,0.03410641
sts,ita_Latn,309,un,1,0.03410641
sts,ita_Latn,313,▁C,5,0.17053206
sts,ita_Latn,314,▁cu,1,0.03410641
sts,ita_Latn,318,ci,1,0.03410641
sts,ita_Latn,329,ce,1,0.03410641
sts,ita_Latn,330,va,2,0.06821282
sts,ita_Latn,339,▁L,2,0.06821282
sts,ita_Latn,345,▁U,2,0.06821282
sts,ita_Latn,351,▁non,29,0.98908595
sts,ita_Latn,360,▁In,3,0.10231924
sts,ita_Latn,361,▁7,2,0.06821282
sts,ita_Latn,363,3,2,0.06821282
sts,ita_Latn,365,lo,2,0.06821282
sts,ita_Latn,370,▁tu,1,0.03410641
sts,ita_Latn,375,▁com,1,0.03410641
sts,ita_Latn,377,▁ca,10,0.34106412
sts,ita_Latn,400,▁li,1,0.03410641
sts,ita_Latn,408,ca,2,0.06821282
sts,ita_Latn,409,▁mai,2,0.06821282
sts,ita_Latn,416,ri,4,0.13642565
sts,ita_Latn,423,▁15,1,0.03410641
sts,ita_Latn,432,mo,1,0.03410641
sts,ita_Latn,433,sa,1,0.03410641
sts,ita_Latn,453,▁men,1,0.03410641
sts,ita_Latn,456,▁re,2,0.06821282
sts,ita_Latn,459,▁lo,6,0.20463847
sts,ita_Latn,483,▁9,2,0.06821282
sts,ita_Latn,485,▁ini,1,0.03410641
sts,ita_Latn,496,▁30,1,0.03410641
sts,ita_Latn,503,▁Se,2,0.06821282
sts,ita_Latn,520,▁ser,1,0.03410641
sts,ita_Latn,533,▁como,1,0.03410641
sts,ita_Latn,534,▁11,2,0.06821282
sts,ita_Latn,543,▁18,2,0.06821282
sts,ita_Latn,552,▁co,2,0.06821282
sts,ita_Latn,557,ndo,3,0.10231924
sts,ita_Latn,565,▁è,33,1.12551160
sts,ita_Latn,568,I,1,0.03410641
sts,ita_Latn,587,co,1,0.03410641
sts,ita_Latn,606,▁ad,8,0.27285130
sts,ita_Latn,615,▁1.,2,0.06821282
sts,ita_Latn,636,▁Le,3,0.10231924
sts,ita_Latn,660,nt,1,0.03410641
sts,ita_Latn,673,▁ra,2,0.06821282
sts,ita_Latn,731,ze,3,0.10231924
sts,ita_Latn,735,gi,2,0.06821282
sts,ita_Latn,740,""".",4,0.13642565
sts,ita_Latn,744,▁24,1,0.03410641
sts,ita_Latn,747,▁alle,4,0.13642565
sts,ita_Latn,756,▁all,3,0.10231924
sts,ita_Latn,792,”.,1,0.03410641
sts,ita_Latn,809,▁fi,1,0.03410641
sts,ita_Latn,814,ver,1,0.03410641
sts,ita_Latn,832,▁della,12,0.40927694
sts,ita_Latn,836,▁50,2,0.06821282
sts,ita_Latn,846,io,1,0.03410641
sts,ita_Latn,853,▁Re,2,0.06821282
sts,ita_Latn,867,tar,1,0.03410641
sts,ita_Latn,872,ig,2,0.06821282
sts,ita_Latn,891,▁Il,11,0.37517053
sts,ita_Latn,908,▁Per,4,0.13642565
sts,ita_Latn,911,▁Ma,1,0.03410641
sts,ita_Latn,916,au,1,0.03410641
sts,ita_Latn,929,ol,1,0.03410641
sts,ita_Latn,943,ini,1,0.03410641
sts,ita_Latn,944,que,1,0.03410641
sts,ita_Latn,953,▁19,2,0.06821282
sts,ita_Latn,982,ren,1,0.03410641
sts,ita_Latn,986,▁alla,6,0.20463847
sts,ita_Latn,991,so,1,0.03410641
sts,ita_Latn,992,▁Un,1,0.03410641
sts,ita_Latn,1010,cu,1,0.03410641
sts,ita_Latn,1021,fa,2,0.06821282
sts,ita_Latn,1031,▁3.,2,0.06821282
sts,ita_Latn,1046,are,6,0.20463847
sts,ita_Latn,1059,▁ci,4,0.13642565
sts,ita_Latn,1071,▁fa,1,0.03410641
sts,ita_Latn,1105,▁23,2,0.06821282
sts,ita_Latn,1106,he,1,0.03410641
sts,ita_Latn,1112,▁40,1,0.03410641
sts,ita_Latn,1118,▁online,1,0.03410641
sts,ita_Latn,1152,▁tra,1,0.03410641
sts,ita_Latn,1158,zo,1,0.03410641
sts,ita_Latn,1165,lla,1,0.03410641
sts,ita_Latn,1183,mente,7,0.23874488
sts,ita_Latn,1192,ssa,8,0.27285130
sts,ita_Latn,1235,▁parte,2,0.06821282
sts,ita_Latn,1249,min,2,0.06821282
sts,ita_Latn,1251,».,2,0.06821282
sts,ita_Latn,1264,per,1,0.03410641
sts,ita_Latn,1300,▁ai,3,0.10231924
sts,ita_Latn,1305,▁post,2,0.06821282
sts,ita_Latn,1311,▁Co,9,0.30695771
sts,ita_Latn,1339,"»,",1,0.03410641
sts,ita_Latn,1372,▁28,1,0.03410641
sts,ita_Latn,1380,▁come,4,0.13642565
sts,ita_Latn,1389,▁sono,7,0.23874488
sts,ita_Latn,1414,lan,1,0.03410641
sts,ita_Latn,1427,▁ri,4,0.13642565
sts,ita_Latn,1479,nte,3,0.10231924
sts,ita_Latn,1483,▁forma,1,0.03410641
sts,ita_Latn,1526,▁più,17,0.57980900
sts,ita_Latn,1552,▁sal,1,0.03410641
sts,ita_Latn,1585,▁ben,4,0.13642565
sts,ita_Latn,1613,▁dei,2,0.06821282
sts,ita_Latn,1615,▁era,2,0.06821282
sts,ita_Latn,1640,▁dal,2,0.06821282
sts,ita_Latn,1658,▁chi,3,0.10231924
sts,ita_Latn,1662,11,1,0.03410641
sts,ita_Latn,1686,ari,1,0.03410641
sts,ita_Latn,1696,▁dell,3,0.10231924
sts,ita_Latn,1704,era,2,0.06821282
sts,ita_Latn,1718,▁nel,7,0.23874488
sts,ita_Latn,1736,▁sed,2,0.06821282
sts,ita_Latn,1747,▁ap,1,0.03410641
sts,ita_Latn,1782,zione,2,0.06821282
sts,ita_Latn,1806,▁bien,1,0.03410641
sts,ita_Latn,1829,▁via,1,0.03410641
sts,ita_Latn,1861,chi,2,0.06821282
sts,ita_Latn,1864,▁delle,6,0.20463847
sts,ita_Latn,1883,cia,2,0.06821282
sts,ita_Latn,1888,ati,1,0.03410641
sts,ita_Latn,1924,▁sta,1,0.03410641
sts,ita_Latn,1934,è,1,0.03410641
sts,ita_Latn,1940,▁inter,1,0.03410641
sts,ita_Latn,1968,▁anche,13,0.44338336
sts,ita_Latn,1978,▁gli,3,0.10231924
sts,ita_Latn,2091,▁Lo,2,0.06821282
sts,ita_Latn,2149,ire,2,0.06821282
sts,ita_Latn,2167,▁tempo,4,0.13642565
sts,ita_Latn,2197,▁tan,1,0.03410641
sts,ita_Latn,2223,▁ed,5,0.17053206
sts,ita_Latn,2256,line,1,0.03410641
sts,ita_Latn,2270,▁fin,1,0.03410641
sts,ita_Latn,2292,▁voi,3,0.10231924
sts,ita_Latn,2298,illa,1,0.03410641
sts,ita_Latn,2310,tta,1,0.03410641
sts,ita_Latn,2338,▁sempre,3,0.10231924
sts,ita_Latn,2343,▁opp,1,0.03410641
sts,ita_Latn,2349,▁casa,6,0.20463847
sts,ita_Latn,2527,▁ama,1,0.03410641
sts,ita_Latn,2528,▁andre,1,0.03410641
sts,ita_Latn,2611,mento,4,0.13642565
sts,ita_Latn,2624,ici,1,0.03410641
sts,ita_Latn,2631,ap,1,0.03410641
sts,ita_Latn,2639,▁solo,5,0.17053206
sts,ita_Latn,2644,▁tema,1,0.03410641
sts,ita_Latn,2714,▁euro,2,0.06821282
sts,ita_Latn,2725,▁nei,4,0.13642565
sts,ita_Latn,2729,La,1,0.03410641
sts,ita_Latn,2733,ante,1,0.03410641
sts,ita_Latn,2829,▁prima,3,0.10231924
sts,ita_Latn,2837,▁dis,3,0.10231924
sts,ita_Latn,2878,▁parti,1,0.03410641
sts,ita_Latn,2906,▁sul,3,0.10231924
sts,ita_Latn,2941,▁caso,1,0.03410641
sts,ita_Latn,2955,tro,1,0.03410641
sts,ita_Latn,2975,▁Ri,5,0.17053206
sts,ita_Latn,3025,tele,1,0.03410641
sts,ita_Latn,3104,vor,2,0.06821282
sts,ita_Latn,3109,▁cui,2,0.06821282
sts,ita_Latn,3128,▁sistema,2,0.06821282
sts,ita_Latn,3139,rà,1,0.03410641
sts,ita_Latn,3164,▁All,1,0.03410641
sts,ita_Latn,3332,▁res,1,0.03410641
sts,ita_Latn,3365,▁col,1,0.03410641
sts,ita_Latn,3391,▁durante,1,0.03410641
sts,ita_Latn,3406,▁quando,3,0.10231924
sts,ita_Latn,3424,▁bal,1,0.03410641
sts,ita_Latn,3448,ando,2,0.06821282
sts,ita_Latn,3521,cio,1,0.03410641
sts,ita_Latn,3529,▁gia,1,0.03410641
sts,ita_Latn,3550,uta,1,0.03410641
sts,ita_Latn,3553,▁essere,6,0.20463847
sts,ita_Latn,3560,▁noi,1,0.03410641
sts,ita_Latn,3578,▁nella,2,0.06821282
sts,ita_Latn,3594,▁momento,1,0.03410641
sts,ita_Latn,3598,nti,1,0.03410641
sts,ita_Latn,3620,▁ora,1,0.03410641
sts,ita_Latn,3622,▁total,2,0.06821282
sts,ita_Latn,3640,▁2019,1,0.03410641
sts,ita_Latn,3698,▁Fi,1,0.03410641
sts,ita_Latn,3717,▁neu,1,0.03410641
sts,ita_Latn,3720,ità,4,0.13642565
sts,ita_Latn,3722,▁pol,2,0.06821282
sts,ita_Latn,3725,▁san,1,0.03410641
sts,ita_Latn,3771,tti,2,0.06821282
sts,ita_Latn,3775,▁Non,1,0.03410641
sts,ita_Latn,3784,vol,2,0.06821282
sts,ita_Latn,3792,▁modo,2,0.06821282
sts,ita_Latn,3818,av,1,0.03410641
sts,ita_Latn,3826,tori,4,0.13642565
sts,ita_Latn,3922,ano,2,0.06821282
sts,ita_Latn,3996,tri,3,0.10231924
sts,ita_Latn,4043,ino,1,0.03410641
sts,ita_Latn,4082,▁400,1,0.03410641
sts,ita_Latn,4105,▁problema,2,0.06821282
sts,ita_Latn,4153,In,2,0.06821282
sts,ita_Latn,4158,nici,2,0.06821282
sts,ita_Latn,4244,osa,1,0.03410641
sts,ita_Latn,4247,▁importante,5,0.17053206
sts,ita_Latn,4370,oni,2,0.06821282
sts,ita_Latn,4417,▁cao,1,0.03410641
sts,ita_Latn,4483,▁anni,4,0.13642565
sts,ita_Latn,4501,tiva,1,0.03410641
sts,ita_Latn,4524,ore,1,0.03410641
sts,ita_Latn,4572,▁48,1,0.03410641
sts,ita_Latn,4630,▁sia,4,0.13642565
sts,ita_Latn,4692,pre,1,0.03410641
sts,ita_Latn,4743,▁due,1,0.03410641
sts,ita_Latn,4787,▁pare,3,0.10231924
sts,ita_Latn,4796,▁tutti,2,0.06821282
sts,ita_Latn,4823,amente,1,0.03410641
sts,ita_Latn,4889,▁fare,4,0.13642565
sts,ita_Latn,4935,tive,1,0.03410641
sts,ita_Latn,4938,▁degli,2,0.06821282
sts,ita_Latn,4939,▁John,1,0.03410641
sts,ita_Latn,4943,▁però,2,0.06821282
sts,ita_Latn,4953,▁vers,1,0.03410641
sts,ita_Latn,4971,▁vita,1,0.03410641
sts,ita_Latn,5134,xi,1,0.03410641
sts,ita_Latn,5197,ico,1,0.03410641
sts,ita_Latn,5305,nio,2,0.06821282
sts,ita_Latn,5320,zia,5,0.17053206
sts,ita_Latn,5361,▁special,1,0.03410641
sts,ita_Latn,5400,▁dalla,1,0.03410641
sts,ita_Latn,5402,▁dir,1,0.03410641
sts,ita_Latn,5518,vid,8,0.27285130
sts,ita_Latn,5556,zie,2,0.06821282
sts,ita_Latn,5600,tivo,2,0.06821282
sts,ita_Latn,5662,▁hanno,5,0.17053206
sts,ita_Latn,5664,▁pole,1,0.03410641
sts,ita_Latn,5732,▁spo,1,0.03410641
sts,ita_Latn,5767,▁loro,1,0.03410641
sts,ita_Latn,5772,anti,1,0.03410641
sts,ita_Latn,5802,▁molto,2,0.06821282
sts,ita_Latn,5831,ono,1,0.03410641
sts,ita_Latn,5885,▁fine,1,0.03410641
sts,ita_Latn,6065,azione,1,0.03410641
sts,ita_Latn,6144,amo,1,0.03410641
sts,ita_Latn,6162,zio,2,0.06821282
sts,ita_Latn,6217,▁sor,1,0.03410641
sts,ita_Latn,6232,aria,1,0.03410641
sts,ita_Latn,6236,nal,1,0.03410641
sts,ita_Latn,6337,▁nostra,3,0.10231924
sts,ita_Latn,6362,ete,4,0.13642565
sts,ita_Latn,6383,zar,1,0.03410641
sts,ita_Latn,6418,▁tutto,5,0.17053206
sts,ita_Latn,6423,ps,2,0.06821282
sts,ita_Latn,6432,▁serie,1,0.03410641
sts,ita_Latn,6517,▁ore,9,0.30695771
sts,ita_Latn,6537,▁cosa,1,0.03410641
sts,ita_Latn,6556,▁questa,1,0.03410641
sts,ita_Latn,6587,rsi,7,0.23874488
sts,ita_Latn,6599,▁volta,3,0.10231924
sts,ita_Latn,6615,▁conta,3,0.10231924
sts,ita_Latn,6671,▁grad,1,0.03410641
sts,ita_Latn,6912,▁può,9,0.30695771
sts,ita_Latn,7045,▁quanto,5,0.17053206
sts,ita_Latn,7070,zza,2,0.06821282
sts,ita_Latn,7130,uti,1,0.03410641
sts,ita_Latn,7141,▁ogni,1,0.03410641
sts,ita_Latn,7226,▁deve,3,0.10231924
sts,ita_Latn,7340,ppe,1,0.03410641
sts,ita_Latn,7398,▁pur,1,0.03410641
sts,ita_Latn,7414,▁mano,2,0.06821282
sts,ita_Latn,7456,gna,1,0.03410641
sts,ita_Latn,7531,▁mondo,4,0.13642565
sts,ita_Latn,7543,▁dove,4,0.13642565
sts,ita_Latn,7571,▁posto,1,0.03410641
sts,ita_Latn,7605,mia,2,0.06821282
sts,ita_Latn,7612,cre,1,0.03410641
sts,ita_Latn,7694,▁Italia,1,0.03410641
sts,ita_Latn,7699,▁senza,3,0.10231924
sts,ita_Latn,7707,prav,1,0.03410641
sts,ita_Latn,7804,pot,1,0.03410641
sts,ita_Latn,7863,▁sulla,1,0.03410641
sts,ita_Latn,7926,▁poco,1,0.03410641
sts,ita_Latn,7996,▁dopo,4,0.13642565
sts,ita_Latn,8051,enza,1,0.03410641
sts,ita_Latn,8082,▁stre,2,0.06821282
sts,ita_Latn,8231,▁cor,1,0.03410641
sts,ita_Latn,8292,▁gode,1,0.03410641
sts,ita_Latn,8302,▁Tro,2,0.06821282
sts,ita_Latn,8321,▁Roma,1,0.03410641
sts,ita_Latn,8363,-19,5,0.17053206
sts,ita_Latn,8407,gro,1,0.03410641
sts,ita_Latn,8425,▁alte,1,0.03410641
sts,ita_Latn,8433,nza,1,0.03410641
sts,ita_Latn,8478,▁poli,1,0.03410641
sts,ita_Latn,8496,▁dall,1,0.03410641
sts,ita_Latn,8726,gil,1,0.03410641
sts,ita_Latn,8773,gli,2,0.06821282
sts,ita_Latn,8831,dere,1,0.03410641
sts,ita_Latn,8864,▁dai,3,0.10231924
sts,ita_Latn,8994,▁poi,1,0.03410641
sts,ita_Latn,9023,▁sc,1,0.03410641
sts,ita_Latn,9034,iche,1,0.03410641
sts,ita_Latn,9041,▁vero,1,0.03410641
sts,ita_Latn,9149,▁bene,2,0.06821282
sts,ita_Latn,9222,mini,1,0.03410641
sts,ita_Latn,9284,llo,1,0.03410641
sts,ita_Latn,9285,48,1,0.03410641
sts,ita_Latn,9342,▁tale,1,0.03410641
sts,ita_Latn,9587,▁ancora,1,0.03410641
sts,ita_Latn,9588,▁ris,1,0.03410641
sts,ita_Latn,9645,▁già,1,0.03410641
sts,ita_Latn,9720,▁proprio,6,0.20463847
sts,ita_Latn,9789,▁diverse,1,0.03410641
sts,ita_Latn,9919,▁fatto,3,0.10231924
sts,ita_Latn,10014,▁primo,1,0.03410641
sts,ita_Latn,10224,▁meno,1,0.03410641
sts,ita_Latn,10243,▁lavoro,14,0.47748977
sts,ita_Latn,10250,▁Amb,2,0.06821282
sts,ita_Latn,10292,▁fino,3,0.10231924
sts,ita_Latn,10295,▁quello,3,0.10231924
sts,ita_Latn,10481,▁nota,1,0.03410641
sts,ita_Latn,10576,▁color,1,0.03410641
sts,ita_Latn,10588,▁rest,1,0.03410641
sts,ita_Latn,10600,▁nostro,2,0.06821282
sts,ita_Latn,10628,tto,2,0.06821282
sts,ita_Latn,10724,▁perché,3,0.10231924
sts,ita_Latn,10798,sso,1,0.03410641
sts,ita_Latn,11071,anno,2,0.06821282
sts,ita_Latn,11137,gno,1,0.03410641
sts,ita_Latn,11212,▁gener,1,0.03410641
sts,ita_Latn,11219,▁dati,3,0.10231924
sts,ita_Latn,11306,▁persone,1,0.03410641
sts,ita_Latn,11350,rata,2,0.06821282
sts,ita_Latn,11462,▁sui,1,0.03410641
sts,ita_Latn,11684,usa,1,0.03410641
sts,ita_Latn,11726,▁fase,1,0.03410641
sts,ita_Latn,11863,▁nostri,2,0.06821282
sts,ita_Latn,11865,▁essa,1,0.03410641
sts,ita_Latn,11966,▁forte,1,0.03410641
sts,ita_Latn,11972,▁nelle,3,0.10231924
sts,ita_Latn,12007,▁stan,1,0.03410641
sts,ita_Latn,12071,ddi,1,0.03410641
sts,ita_Latn,12187,6%,2,0.06821282
sts,ita_Latn,12275,▁studio,1,0.03410641
sts,ita_Latn,12330,▁significa,2,0.06821282
sts,ita_Latn,12404,▁quasi,2,0.06821282
sts,ita_Latn,12439,▁Berg,1,0.03410641
sts,ita_Latn,12445,menti,1,0.03410641
sts,ita_Latn,12535,▁University,1,0.03410641
sts,ita_Latn,12675,▁tutte,2,0.06821282
sts,ita_Latn,12940,▁Nel,1,0.03410641
sts,ita_Latn,12950,▁sarà,2,0.06821282
sts,ita_Latn,12978,▁pagina,1,0.03410641
sts,ita_Latn,13081,▁cro,1,0.03410641
sts,ita_Latn,13097,▁sito,2,0.06821282
sts,ita_Latn,13173,▁moderne,1,0.03410641
sts,ita_Latn,13201,vano,2,0.06821282
sts,ita_Latn,13321,▁stati,1,0.03410641
sts,ita_Latn,13400,cco,2,0.06821282
sts,ita_Latn,13480,stitu,1,0.03410641
sts,ita_Latn,13622,▁bona,1,0.03410641
sts,ita_Latn,13638,▁legge,1,0.03410641
sts,ita_Latn,13971,▁vedere,1,0.03410641
sts,ita_Latn,14019,▁ambiente,2,0.06821282
sts,ita_Latn,14359,▁resto,1,0.03410641
sts,ita_Latn,14410,▁quindi,4,0.13642565
sts,ita_Latn,14575,▁possibile,4,0.13642565
sts,ita_Latn,14585,▁indica,1,0.03410641
sts,ita_Latn,14713,▁Europe,1,0.03410641
sts,ita_Latn,14753,▁sco,2,0.06821282
sts,ita_Latn,14926,▁studi,1,0.03410641
sts,ita_Latn,14994,▁virus,1,0.03410641
sts,ita_Latn,15019,rci,1,0.03410641
sts,ita_Latn,15058,▁evento,1,0.03410641
sts,ita_Latn,15077,▁nuovo,5,0.17053206
sts,ita_Latn,15213,▁quella,2,0.06821282
sts,ita_Latn,15324,▁rien,2,0.06821282
sts,ita_Latn,15611,▁giorno,2,0.06821282
sts,ita_Latn,15636,▁figura,1,0.03410641
sts,ita_Latn,15646,▁questi,1,0.03410641
sts,ita_Latn,15666,rre,1,0.03410641
sts,ita_Latn,15874,▁giorni,5,0.17053206
sts,ita_Latn,15978,▁stata,4,0.13642565
sts,ita_Latn,15988,▁Alla,1,0.03410641
sts,ita_Latn,16063,posta,1,0.03410641
sts,ita_Latn,16126,scri,1,0.03410641
sts,ita_Latn,16128,▁area,1,0.03410641
sts,ita_Latn,16177,▁libera,2,0.06821282
sts,ita_Latn,16275,sca,2,0.06821282
sts,ita_Latn,16281,▁oggi,3,0.10231924
sts,ita_Latn,16293,▁dato,1,0.03410641
sts,ita_Latn,16519,▁oltre,4,0.13642565
sts,ita_Latn,16543,▁quale,1,0.03410641
sts,ita_Latn,16673,▁reag,1,0.03410641
sts,ita_Latn,16680,ggi,1,0.03410641
sts,ita_Latn,16843,▁Region,1,0.03410641
sts,ita_Latn,17037,▁casi,2,0.06821282
sts,ita_Latn,17123,ffa,1,0.03410641
sts,ita_Latn,17132,▁sola,1,0.03410641
sts,ita_Latn,17258,▁verde,1,0.03410641
sts,ita_Latn,17340,▁contro,1,0.03410641
sts,ita_Latn,17390,▁allen,1,0.03410641
sts,ita_Latn,17452,▁precisa,1,0.03410641
sts,ita_Latn,17465,tut,1,0.03410641
sts,ita_Latn,17577,▁certo,2,0.06821282
sts,ita_Latn,17662,▁arti,1,0.03410641
sts,ita_Latn,18203,▁marzo,1,0.03410641
sts,ita_Latn,18265,▁Ora,1,0.03410641
sts,ita_Latn,18353,▁secondo,1,0.03410641
sts,ita_Latn,18450,▁fint,1,0.03410641
sts,ita_Latn,18595,▁diversi,1,0.03410641
sts,ita_Latn,18601,dica,1,0.03410641
sts,ita_Latn,18649,▁Quando,1,0.03410641
sts,ita_Latn,18775,▁smart,1,0.03410641
sts,ita_Latn,18792,▁provincia,2,0.06821282
sts,ita_Latn,18892,▁verso,2,0.06821282
sts,ita_Latn,19053,▁stesso,1,0.03410641
sts,ita_Latn,19069,▁position,1,0.03410641
sts,ita_Latn,19081,▁agli,1,0.03410641
sts,ita_Latn,19115,▁valg,1,0.03410641
sts,ita_Latn,19264,▁elu,1,0.03410641
sts,ita_Latn,19407,▁propria,1,0.03410641
sts,ita_Latn,19443,▁È,4,0.13642565
sts,ita_Latn,19499,▁WhatsApp,1,0.03410641
sts,ita_Latn,19646,▁attività,3,0.10231924
sts,ita_Latn,19647,▁trova,2,0.06821282
sts,ita_Latn,19888,tate,1,0.03410641
sts,ita_Latn,19977,▁mese,3,0.10231924
sts,ita_Latn,20100,▁infra,1,0.03410641
sts,ita_Latn,20154,▁qualche,1,0.03410641
sts,ita_Latn,20439,mbe,1,0.03410641
sts,ita_Latn,20697,▁working,1,0.03410641
sts,ita_Latn,21011,▁problemi,1,0.03410641
sts,ita_Latn,21105,▁resta,4,0.13642565
sts,ita_Latn,21265,▁serve,1,0.03410641
sts,ita_Latn,21287,imento,4,0.13642565
sts,ita_Latn,21318,▁periodo,2,0.06821282
sts,ita_Latn,21481,▁crea,1,0.03410641
sts,ita_Latn,21616,enti,1,0.03410641
sts,ita_Latn,21827,▁strada,3,0.10231924
sts,ita_Latn,21865,ranno,1,0.03410641
sts,ita_Latn,21922,▁rub,1,0.03410641
sts,ita_Latn,21925,▁punt,1,0.03410641
sts,ita_Latn,22024,▁negli,3,0.10231924
sts,ita_Latn,22218,▁tutta,1,0.03410641
sts,ita_Latn,22264,▁nuova,1,0.03410641
sts,ita_Latn,22284,▁grandi,1,0.03410641
sts,ita_Latn,22453,▁Grad,1,0.03410641
sts,ita_Latn,22588,almente,1,0.03410641
sts,ita_Latn,22630,agi,1,0.03410641
sts,ita_Latn,22796,colo,1,0.03410641
sts,ita_Latn,22887,▁tratta,1,0.03410641
sts,ita_Latn,22909,▁presso,5,0.17053206
sts,ita_Latn,22970,▁rispetto,4,0.13642565
sts,ita_Latn,23023,nge,1,0.03410641
sts,ita_Latn,23082,▁staff,2,0.06821282
sts,ita_Latn,23306,▁rico,2,0.06821282
sts,ita_Latn,23335,▁ordina,1,0.03410641
sts,ita_Latn,23535,▁alcuni,1,0.03410641
sts,ita_Latn,23608,▁produ,1,0.03410641
sts,ita_Latn,23992,▁Sono,1,0.03410641
sts,ita_Latn,24036,▁retro,1,0.03410641
sts,ita_Latn,24051,▁40%,1,0.03410641
sts,ita_Latn,24100,biz,1,0.03410641
sts,ita_Latn,24249,zze,3,0.10231924
sts,ita_Latn,24286,▁allo,1,0.03410641
sts,ita_Latn,24404,▁infatti,5,0.17053206
sts,ita_Latn,24459,▁corso,1,0.03410641
sts,ita_Latn,24505,▁contar,1,0.03410641
sts,ita_Latn,24571,glio,1,0.03410641
sts,ita_Latn,24585,rla,1,0.03410641
sts,ita_Latn,24642,▁fronte,3,0.10231924
sts,ita_Latn,24666,rsa,1,0.03410641
sts,ita_Latn,24667,▁Questo,2,0.06821282
sts,ita_Latn,24672,▁soprattutto,4,0.13642565
sts,ita_Latn,24831,▁arre,3,0.10231924
sts,ita_Latn,24833,▁intim,1,0.03410641
sts,ita_Latn,24951,abile,1,0.03410641
sts,ita_Latn,25050,▁meglio,1,0.03410641
sts,ita_Latn,25212,▁conten,3,0.10231924
sts,ita_Latn,25343,▁priorit,1,0.03410641
sts,ita_Latn,25385,rius,1,0.03410641
sts,ita_Latn,25416,▁fosse,1,0.03410641
sts,ita_Latn,25523,▁invece,1,0.03410641
sts,ita_Latn,25677,▁milioni,7,0.23874488
sts,ita_Latn,26000,▁sensibil,1,0.03410641
sts,ita_Latn,26341,▁speciali,1,0.03410641
sts,ita_Latn,26356,▁poter,1,0.03410641
sts,ita_Latn,26462,▁basta,1,0.03410641
sts,ita_Latn,26530,▁Spe,1,0.03410641
sts,ita_Latn,26531,cess,1,0.03410641
sts,ita_Latn,26589,▁volte,3,0.10231924
sts,ita_Latn,26761,vare,2,0.06821282
sts,ita_Latn,26926,feri,1,0.03410641
sts,ita_Latn,27038,▁sembra,1,0.03410641
sts,ita_Latn,27107,▁conto,1,0.03410641
sts,ita_Latn,27161,dare,3,0.10231924
sts,ita_Latn,27524,▁siamo,1,0.03410641
sts,ita_Latn,27832,▁apr,1,0.03410641
sts,ita_Latn,27859,▁Dun,1,0.03410641
sts,ita_Latn,27860,▁Pic,1,0.03410641
sts,ita_Latn,28102,▁cose,1,0.03410641
sts,ita_Latn,28780,▁scor,1,0.03410641
sts,ita_Latn,29014,dono,1,0.03410641
sts,ita_Latn,29021,▁queste,1,0.03410641
sts,ita_Latn,29022,gono,3,0.10231924
sts,ita_Latn,29024,▁conce,1,0.03410641
sts,ita_Latn,29087,ref,1,0.03410641
sts,ita_Latn,29096,▁locale,1,0.03410641
sts,ita_Latn,29115,▁luce,3,0.10231924
sts,ita_Latn,29156,▁possibilità,2,0.06821282
sts,ita_Latn,29195,▁ciò,2,0.06821282
sts,ita_Latn,29211,tamente,3,0.10231924
sts,ita_Latn,29879,▁rappresenta,2,0.06821282
sts,ita_Latn,29903,▁pagamento,1,0.03410641
sts,ita_Latn,30284,"▁27,",1,0.03410641
sts,ita_Latn,30306,▁vital,2,0.06821282
sts,ita_Latn,30780,▁arriva,2,0.06821282
sts,ita_Latn,30899,▁completamente,1,0.03410641
sts,ita_Latn,30952,▁molti,4,0.13642565
sts,ita_Latn,30962,gran,1,0.03410641
sts,ita_Latn,30989,▁parole,1,0.03410641
sts,ita_Latn,31012,nuti,1,0.03410641
sts,ita_Latn,31058,▁sos,1,0.03410641
sts,ita_Latn,31087,rvi,1,0.03410641
sts,ita_Latn,31247,▁sole,1,0.03410641
sts,ita_Latn,31302,▁forza,1,0.03410641
sts,ita_Latn,31308,▁multa,2,0.06821282
sts,ita_Latn,31330,▁letter,1,0.03410641
sts,ita_Latn,31494,motiv,1,0.03410641
sts,ita_Latn,31875,RK,1,0.03410641
sts,ita_Latn,31964,▁gin,1,0.03410641
sts,ita_Latn,31998,veg,1,0.03410641
sts,ita_Latn,32037,▁salva,1,0.03410641
sts,ita_Latn,32055,arre,2,0.06821282
sts,ita_Latn,32116,guard,2,0.06821282
sts,ita_Latn,32172,▁settore,1,0.03410641
sts,ita_Latn,32220,▁prend,1,0.03410641
sts,ita_Latn,32231,▁mila,2,0.06821282
sts,ita_Latn,32256,YO,1,0.03410641
sts,ita_Latn,32380,▁deci,1,0.03410641
sts,ita_Latn,32520,▁utile,1,0.03410641
sts,ita_Latn,32553,▁Solo,1,0.03410641
sts,ita_Latn,32656,▁totale,2,0.06821282
sts,ita_Latn,32781,▁mesi,2,0.06821282
sts,ita_Latn,32827,▁cambia,1,0.03410641
sts,ita_Latn,32900,▁saranno,1,0.03410641
sts,ita_Latn,32904,▁quelli,1,0.03410641
sts,ita_Latn,33003,roga,2,0.06821282
sts,ita_Latn,33031,altro,1,0.03410641
sts,ita_Latn,33182,▁seguito,1,0.03410641
sts,ita_Latn,33478,cate,1,0.03410641
sts,ita_Latn,33647,cine,1,0.03410641
sts,ita_Latn,33970,bec,2,0.06821282
sts,ita_Latn,34021,▁propor,1,0.03410641
sts,ita_Latn,34309,▁scri,4,0.13642565
sts,ita_Latn,34315,▁trovare,5,0.17053206
sts,ita_Latn,34387,▁pone,1,0.03410641
sts,ita_Latn,34518,▁clienti,1,0.03410641
sts,ita_Latn,34528,▁aveva,3,0.10231924
sts,ita_Latn,34695,down,3,0.10231924
sts,ita_Latn,34757,▁triste,2,0.06821282
sts,ita_Latn,34958,gian,1,0.03410641
sts,ita_Latn,34983,▁registra,2,0.06821282
sts,ita_Latn,35297,rico,1,0.03410641
sts,ita_Latn,35599,ziona,2,0.06821282
sts,ita_Latn,35706,▁pubblica,1,0.03410641
sts,ita_Latn,35707,▁appro,1,0.03410641
sts,ita_Latn,36178,▁propri,1,0.03410641
sts,ita_Latn,36249,cini,1,0.03410641
sts,ita_Latn,36322,▁tac,1,0.03410641
sts,ita_Latn,36437,cata,1,0.03410641
sts,ita_Latn,36509,▁bella,1,0.03410641
sts,ita_Latn,36787,ccia,1,0.03410641
sts,ita_Latn,36867,tron,1,0.03410641
sts,ita_Latn,37110,▁mobili,3,0.10231924
sts,ita_Latn,37149,pote,1,0.03410641
sts,ita_Latn,37430,▁vostra,2,0.06821282
sts,ita_Latn,37434,tici,1,0.03410641
sts,ita_Latn,37677,▁nuovi,1,0.03410641
sts,ita_Latn,38100,▁naturale,1,0.03410641
sts,ita_Latn,38417,rete,1,0.03410641
sts,ita_Latn,38585,▁vengono,1,0.03410641
sts,ita_Latn,38618,▁gioco,2,0.06821282
sts,ita_Latn,38694,▁quest,1,0.03410641
sts,ita_Latn,38818,▁italiano,1,0.03410641
sts,ita_Latn,38922,▁comunque,1,0.03410641
sts,ita_Latn,38948,▁riguarda,4,0.13642565
sts,ita_Latn,39120,▁confort,2,0.06821282
sts,ita_Latn,39335,▁lavora,3,0.10231924
sts,ita_Latn,39442,mpar,1,0.03410641
sts,ita_Latn,39457,▁successo,1,0.03410641
sts,ita_Latn,39498,▁realtà,2,0.06821282
sts,ita_Latn,39799,versi,2,0.06821282
sts,ita_Latn,39861,▁locali,1,0.03410641
sts,ita_Latn,39921,▁Anche,1,0.03410641
sts,ita_Latn,40124,▁profession,1,0.03410641
sts,ita_Latn,40222,▁colori,3,0.10231924
sts,ita_Latn,40394,▁potrebbe,1,0.03410641
sts,ita_Latn,40481,▁spazio,4,0.13642565
sts,ita_Latn,40685,▁semplice,2,0.06821282
sts,ita_Latn,40777,sole,1,0.03410641
sts,ita_Latn,40800,vidi,1,0.03410641
sts,ita_Latn,41061,▁contrat,1,0.03410641
sts,ita_Latn,41573,▁troppo,3,0.10231924
sts,ita_Latn,41724,▁almeno,1,0.03410641
sts,ita_Latn,41809,▁nuove,1,0.03410641
sts,ita_Latn,41944,tiche,1,0.03410641
sts,ita_Latn,42401,▁giovani,2,0.06821282
sts,ita_Latn,43216,▁necessari,2,0.06821282
sts,ita_Latn,43297,ordina,1,0.03410641
sts,ita_Latn,43483,meno,1,0.03410641
sts,ita_Latn,43572,▁loco,1,0.03410641
sts,ita_Latn,43932,ardo,1,0.03410641
sts,ita_Latn,44563,▁lascia,1,0.03410641
sts,ita_Latn,44605,▁finalmente,1,0.03410641
sts,ita_Latn,44763,▁luogo,1,0.03410641
sts,ita_Latn,45378,▁Serie,1,0.03410641
sts,ita_Latn,45391,bba,1,0.03410641
sts,ita_Latn,45519,▁occupa,1,0.03410641
sts,ita_Latn,45606,▁residen,2,0.06821282
sts,ita_Latn,45919,▁dagli,1,0.03410641
sts,ita_Latn,46034,▁membri,1,0.03410641
sts,ita_Latn,46347,▁Condi,1,0.03410641
sts,ita_Latn,46848,▁inizia,1,0.03410641
sts,ita_Latn,46937,giu,1,0.03410641
sts,ita_Latn,46994,ache,1,0.03410641
sts,ita_Latn,47039,▁positiva,1,0.03410641
sts,ita_Latn,47571,▁buona,2,0.06821282
sts,ita_Latn,47587,▁donna,4,0.13642565
sts,ita_Latn,47755,gili,1,0.03410641
sts,ita_Latn,47793,▁ieri,1,0.03410641
sts,ita_Latn,47927,▁punta,1,0.03410641
sts,ita_Latn,48372,▁nazionale,1,0.03410641
sts,ita_Latn,48695,▁aziende,2,0.06821282
sts,ita_Latn,48789,ANS,1,0.03410641
sts,ita_Latn,48923,▁Questa,2,0.06821282
sts,ita_Latn,49114,iscono,1,0.03410641
sts,ita_Latn,49319,▁erano,1,0.03410641
sts,ita_Latn,49478,▁entro,2,0.06821282
sts,ita_Latn,49498,▁salute,2,0.06821282
sts,ita_Latn,49589,rda,1,0.03410641
sts,ita_Latn,49686,▁280,1,0.03410641
sts,ita_Latn,49797,▁ultimi,1,0.03410641
sts,ita_Latn,49803,▁certe,1,0.03410641
sts,ita_Latn,49911,Europa,1,0.03410641
sts,ita_Latn,50165,▁positivo,1,0.03410641
sts,ita_Latn,50363,uoto,1,0.03410641
sts,ita_Latn,50768,stret,2,0.06821282
sts,ita_Latn,50812,▁regola,1,0.03410641
sts,ita_Latn,51278,"▁1,6",1,0.03410641
sts,ita_Latn,51414,▁piace,1,0.03410641
sts,ita_Latn,51451,▁deputat,1,0.03410641
sts,ita_Latn,51534,▁elemento,1,0.03410641
sts,ita_Latn,51547,▁europea,1,0.03410641
sts,ita_Latn,51648,lti,1,0.03410641
sts,ita_Latn,51908,▁Ecco,1,0.03410641
sts,ita_Latn,51945,▁partire,1,0.03410641
sts,ita_Latn,52464,▁scritto,1,0.03410641
sts,ita_Latn,52761,▁formazione,3,0.10231924
sts,ita_Latn,52852,▁ormai,2,0.06821282
sts,ita_Latn,53167,aggi,2,0.06821282
sts,ita_Latn,53235,▁fonte,1,0.03410641
sts,ita_Latn,53296,▁vostro,2,0.06821282
sts,ita_Latn,53375,ntana,1,0.03410641
sts,ita_Latn,53663,▁evidente,1,0.03410641
sts,ita_Latn,54015,▁isola,1,0.03410641
sts,ita_Latn,54334,▁maggio,4,0.13642565
sts,ita_Latn,54374,zionale,1,0.03410641
sts,ita_Latn,54558,▁magari,4,0.13642565
sts,ita_Latn,54567,▁viola,1,0.03410641
sts,ita_Latn,54744,▁numeri,1,0.03410641
sts,ita_Latn,54880,▁importanti,1,0.03410641
sts,ita_Latn,55322,▁eran,1,0.03410641
sts,ita_Latn,55503,▁crisi,2,0.06821282
sts,ita_Latn,55511,▁aiuta,2,0.06821282
sts,ita_Latn,55630,spetto,1,0.03410641
sts,ita_Latn,55681,▁confu,1,0.03410641
sts,ita_Latn,56343,▁colore,1,0.03410641
sts,ita_Latn,56410,▁posizione,1,0.03410641
sts,ita_Latn,56776,▁lock,3,0.10231924
sts,ita_Latn,56900,▁esim,1,0.03410641
sts,ita_Latn,56940,▁decreto,1,0.03410641
sts,ita_Latn,57020,izzato,1,0.03410641
sts,ita_Latn,57166,▁ferma,1,0.03410641
sts,ita_Latn,57350,sager,1,0.03410641
sts,ita_Latn,57376,▁bello,1,0.03410641
sts,ita_Latn,57662,evole,3,0.10231924
sts,ita_Latn,57821,ndosi,1,0.03410641
sts,ita_Latn,57901,▁256,1,0.03410641
sts,ita_Latn,58201,▁piccolo,2,0.06821282
sts,ita_Latn,58273,ultimo,1,0.03410641
sts,ita_Latn,58408,▁panorama,1,0.03410641
sts,ita_Latn,58424,izzare,2,0.06821282
sts,ita_Latn,58436,▁palet,1,0.03410641
sts,ita_Latn,58441,▁cifra,1,0.03410641
sts,ita_Latn,58520,▁reca,2,0.06821282
sts,ita_Latn,58527,presa,1,0.03410641
sts,ita_Latn,58899,▁situazione,1,0.03410641
sts,ita_Latn,59222,▁comporta,1,0.03410641
sts,ita_Latn,59468,▁esperienza,1,0.03410641
sts,ita_Latn,59877,▁principali,1,0.03410641
sts,ita_Latn,60010,norm,1,0.03410641
sts,ita_Latn,60252,▁allora,1,0.03410641
sts,ita_Latn,60259,cato,2,0.06821282
sts,ita_Latn,60556,▁acquis,1,0.03410641
sts,ita_Latn,61055,ambia,1,0.03410641
sts,ita_Latn,61875,▁sfi,1,0.03410641
sts,ita_Latn,62493,▁Governo,1,0.03410641
sts,ita_Latn,62556,▁MAG,1,0.03410641
sts,ita_Latn,62649,▁quartier,1,0.03410641
sts,ita_Latn,62748,legri,1,0.03410641
sts,ita_Latn,62806,bian,1,0.03410641
sts,ita_Latn,62975,▁colle,1,0.03410641
sts,ita_Latn,63047,È,1,0.03410641
sts,ita_Latn,63137,▁Rend,1,0.03410641
sts,ita_Latn,63387,▁salir,1,0.03410641
sts,ita_Latn,63795,▁domanda,2,0.06821282
sts,ita_Latn,64374,▁esigenze,1,0.03410641
sts,ita_Latn,64677,▁devono,3,0.10231924
sts,ita_Latn,64682,▁occasione,1,0.03410641
sts,ita_Latn,64706,▁organizza,1,0.03410641
sts,ita_Latn,65277,▁piccoli,1,0.03410641
sts,ita_Latn,65361,▁soluzione,1,0.03410641
sts,ita_Latn,65462,▁netto,1,0.03410641
sts,ita_Latn,65756,serva,1,0.03410641
sts,ita_Latn,66206,▁restri,2,0.06821282
sts,ita_Latn,66632,▁Gaur,1,0.03410641
sts,ita_Latn,66678,▁capo,2,0.06821282
sts,ita_Latn,66733,▁artificial,1,0.03410641
sts,ita_Latn,66782,▁passato,1,0.03410641
sts,ita_Latn,66850,▁lunga,1,0.03410641
sts,ita_Latn,66885,▁determinat,1,0.03410641
sts,ita_Latn,67087,▁comunicazione,1,0.03410641
sts,ita_Latn,67089,▁favore,1,0.03410641
sts,ita_Latn,67115,eggia,1,0.03410641
sts,ita_Latn,68027,▁pieno,2,0.06821282
sts,ita_Latn,68122,▁tutela,1,0.03410641
sts,ita_Latn,68716,▁prendere,1,0.03410641
sts,ita_Latn,69454,",7%",1,0.03410641
sts,ita_Latn,69525,▁aprile,5,0.17053206
sts,ita_Latn,69758,▁riporta,1,0.03410641
sts,ita_Latn,69795,▁pluri,1,0.03410641
sts,ita_Latn,69822,▁contrast,1,0.03410641
sts,ita_Latn,70094,carre,1,0.03410641
sts,ita_Latn,70202,acquisto,1,0.03410641
sts,ita_Latn,70419,▁attenzione,1,0.03410641
sts,ita_Latn,70890,▁eva,1,0.03410641
sts,ita_Latn,71138,▁cron,1,0.03410641
sts,ita_Latn,71149,▁lampa,2,0.06821282
sts,ita_Latn,71465,▁Stati,1,0.03410641
sts,ita_Latn,71914,▁mettere,1,0.03410641
sts,ita_Latn,72201,▁tende,1,0.03410641
sts,ita_Latn,72242,▁Nell,1,0.03410641
sts,ita_Latn,72271,▁consigli,1,0.03410641
sts,ita_Latn,72962,▁servo,2,0.06821282
sts,ita_Latn,72997,▁stessi,1,0.03410641
sts,ita_Latn,73224,▁utilizzare,1,0.03410641
sts,ita_Latn,73907,▁proteg,1,0.03410641
sts,ita_Latn,74153,▁scegliere,2,0.06821282
sts,ita_Latn,74216,▁emerge,1,0.03410641
sts,ita_Latn,74218,▁deciso,1,0.03410641
sts,ita_Latn,74856,▁garan,1,0.03410641
sts,ita_Latn,75235,▁febbraio,1,0.03410641
sts,ita_Latn,75324,▁perdere,2,0.06821282
sts,ita_Latn,75379,▁evitare,2,0.06821282
sts,ita_Latn,75406,▁risulta,2,0.06821282
sts,ita_Latn,75417,arsi,3,0.10231924
sts,ita_Latn,75452,▁sociali,3,0.10231924
sts,ita_Latn,75913,vania,4,0.13642565
sts,ita_Latn,76091,tamento,1,0.03410641
sts,ita_Latn,76338,▁spera,2,0.06821282
sts,ita_Latn,76439,▁sedia,2,0.06821282
sts,ita_Latn,76912,virus,4,0.13642565
sts,ita_Latn,77087,posit,1,0.03410641
sts,ita_Latn,77723,▁facilmente,2,0.06821282
sts,ita_Latn,77978,appar,1,0.03410641
sts,ita_Latn,78268,stare,1,0.03410641
sts,ita_Latn,78628,lianza,1,0.03410641
sts,ita_Latn,78734,▁trovato,1,0.03410641
sts,ita_Latn,79259,▁vertical,1,0.03410641
sts,ita_Latn,79315,▁string,1,0.03410641
sts,ita_Latn,79516,▁rendere,2,0.06821282
sts,ita_Latn,79958,pension,1,0.03410641
sts,ita_Latn,80041,rebbero,2,0.06821282
sts,ita_Latn,80049,▁necessità,2,0.06821282
sts,ita_Latn,80111,▁NEW,1,0.03410641
sts,ita_Latn,80523,▁ignora,1,0.03410641
sts,ita_Latn,80613,▁italiane,1,0.03410641
sts,ita_Latn,80841,▁balcon,1,0.03410641
sts,ita_Latn,81165,▁consiglia,1,0.03410641
sts,ita_Latn,81604,▁discret,1,0.03410641
sts,ita_Latn,82011,▁fondamentale,2,0.06821282
sts,ita_Latn,82211,▁professionale,2,0.06821282
sts,ita_Latn,82744,▁domicili,1,0.03410641
sts,ita_Latn,83019,▁sportive,1,0.03410641
sts,ita_Latn,83291,▁possiamo,1,0.03410641
sts,ita_Latn,83484,▁portare,1,0.03410641
sts,ita_Latn,84081,ssimi,1,0.03410641
sts,ita_Latn,84166,▁muro,1,0.03410641
sts,ita_Latn,84671,▁Lega,3,0.10231924
sts,ita_Latn,85103,▁contatto,2,0.06821282
sts,ita_Latn,85729,apport,1,0.03410641
sts,ita_Latn,86026,▁Telegram,1,0.03410641
sts,ita_Latn,86298,▁anzi,1,0.03410641
sts,ita_Latn,86850,▁Cristina,1,0.03410641
sts,ita_Latn,88216,▁seren,2,0.06821282
sts,ita_Latn,88475,▁nessuno,1,0.03410641
sts,ita_Latn,89245,▁salvo,1,0.03410641
sts,ita_Latn,89347,▁voglia,1,0.03410641
sts,ita_Latn,89357,▁tecnologie,1,0.03410641
sts,ita_Latn,89716,▁focal,1,0.03410641
sts,ita_Latn,90115,▁Gori,2,0.06821282
sts,ita_Latn,91575,▁potete,1,0.03410641
sts,ita_Latn,91606,▁corsi,1,0.03410641
sts,ita_Latn,92391,▁maggiori,3,0.10231924
sts,ita_Latn,92909,unica,1,0.03410641
sts,ita_Latn,93103,▁bisogna,2,0.06821282
sts,ita_Latn,93352,ordine,2,0.06821282
sts,ita_Latn,93357,▁avete,1,0.03410641
sts,ita_Latn,93967,vento,1,0.03410641
sts,ita_Latn,94383,▁funzione,2,0.06821282
sts,ita_Latn,94727,quar,1,0.03410641
sts,ita_Latn,94755,▁sugger,2,0.06821282
sts,ita_Latn,94775,▁incontra,1,0.03410641
sts,ita_Latn,94974,▁confronto,1,0.03410641
sts,ita_Latn,94999,▁coloro,2,0.06821282
sts,ita_Latn,95070,▁morti,1,0.03410641
sts,ita_Latn,95240,impresa,1,0.03410641
sts,ita_Latn,95420,▁postura,1,0.03410641
sts,ita_Latn,95516,▁Entra,1,0.03410641
sts,ita_Latn,95529,▁davanti,1,0.03410641
sts,ita_Latn,95958,scono,1,0.03410641
sts,ita_Latn,96113,▁river,1,0.03410641
sts,ita_Latn,96137,▁quadri,1,0.03410641
sts,ita_Latn,96811,▁ergonomi,1,0.03410641
sts,ita_Latn,97544,260,1,0.03410641
sts,ita_Latn,97951,▁incontro,1,0.03410641
sts,ita_Latn,98102,conta,1,0.03410641
sts,ita_Latn,98160,▁investir,1,0.03410641
sts,ita_Latn,98406,▁diminui,1,0.03410641
sts,ita_Latn,98550,▁Paese,3,0.10231924
sts,ita_Latn,98846,▁messo,1,0.03410641
sts,ita_Latn,99145,▁riso,1,0.03410641
sts,ita_Latn,99166,uscita,1,0.03410641
sts,ita_Latn,99222,▁strategia,1,0.03410641
sts,ita_Latn,99880,▁vecchi,1,0.03410641
sts,ita_Latn,99932,merci,1,0.03410641
sts,ita_Latn,100323,▁nonostante,1,0.03410641
sts,ita_Latn,100833,▁famiglie,1,0.03410641
sts,ita_Latn,101571,▁confronti,1,0.03410641
sts,ita_Latn,101637,▁divide,1,0.03410641
sts,ita_Latn,101844,▁lavorare,2,0.06821282
sts,ita_Latn,103779,▁atleti,1,0.03410641
sts,ita_Latn,104382,▁intorno,2,0.06821282
sts,ita_Latn,104630,▁minimo,1,0.03410641
sts,ita_Latn,104704,ramento,1,0.03410641
sts,ita_Latn,104995,▁spese,1,0.03410641
sts,ita_Latn,105056,▁dimensioni,2,0.06821282
sts,ita_Latn,105613,▁sfida,1,0.03410641
sts,ita_Latn,106404,▁settimane,3,0.10231924
sts,ita_Latn,106463,▁ultime,2,0.06821282
sts,ita_Latn,106488,▁aggiorna,2,0.06821282
sts,ita_Latn,106766,▁straordinari,1,0.03410641
sts,ita_Latn,106985,▁indis,1,0.03410641
sts,ita_Latn,107223,▁sce,1,0.03410641
sts,ita_Latn,108368,"4,7",1,0.03410641
sts,ita_Latn,108392,▁agenti,2,0.06821282
sts,ita_Latn,109728,▁corona,4,0.13642565
sts,ita_Latn,109905,▁scherm,1,0.03410641
sts,ita_Latn,110141,▁alimentari,1,0.03410641
sts,ita_Latn,110513,▁professionisti,1,0.03410641
sts,ita_Latn,110541,▁richiede,1,0.03410641
sts,ita_Latn,110595,▁oggetti,2,0.06821282
sts,ita_Latn,110633,▁complement,1,0.03410641
sts,ita_Latn,110791,▁domande,1,0.03410641
sts,ita_Latn,111202,▁osserva,1,0.03410641
sts,ita_Latn,111641,▁Emilia,1,0.03410641
sts,ita_Latn,111736,▁perdita,1,0.03410641
sts,ita_Latn,111895,▁vanno,1,0.03410641
sts,ita_Latn,112349,▁ufficiale,1,0.03410641
sts,ita_Latn,112462,▁favori,1,0.03410641
sts,ita_Latn,112731,▁traumat,1,0.03410641
sts,ita_Latn,113553,▁accoglie,1,0.03410641
sts,ita_Latn,113665,▁appartamento,1,0.03410641
sts,ita_Latn,113720,tiamo,1,0.03410641
sts,ita_Latn,114142,▁contributo,1,0.03410641
sts,ita_Latn,114632,▁offrire,1,0.03410641
sts,ita_Latn,115203,▁pande,1,0.03410641
sts,ita_Latn,115590,▁distanza,1,0.03410641
sts,ita_Latn,116413,▁ripo,1,0.03410641
sts,ita_Latn,117806,▁richieste,3,0.10231924
sts,ita_Latn,117887,▁Fortuna,1,0.03410641
sts,ita_Latn,118231,▁dichiara,1,0.03410641
sts,ita_Latn,118673,▁Uniti,1,0.03410641
sts,ita_Latn,118826,centimetr,1,0.03410641
sts,ita_Latn,120166,▁rivela,1,0.03410641
sts,ita_Latn,120927,▁lavoratori,1,0.03410641
sts,ita_Latn,121003,ufficio,3,0.10231924
sts,ita_Latn,121139,▁probabilmente,1,0.03410641
sts,ita_Latn,121264,occhio,1,0.03410641
sts,ita_Latn,121638,▁affrontare,2,0.06821282
sts,ita_Latn,121821,▁sfrutta,3,0.10231924
sts,ita_Latn,122180,▁fiori,1,0.03410641
sts,ita_Latn,122531,▁utilizzato,1,0.03410641
sts,ita_Latn,122954,▁scelto,1,0.03410641
sts,ita_Latn,123003,▁risal,1,0.03410641
sts,ita_Latn,123265,▁giusta,2,0.06821282
sts,ita_Latn,124003,▁Fonte,1,0.03410641
sts,ita_Latn,124093,"4,4",1,0.03410641
sts,ita_Latn,124283,▁entrare,1,0.03410641
sts,ita_Latn,124352,▁perfetto,1,0.03410641
sts,ita_Latn,125110,▁trovano,1,0.03410641
sts,ita_Latn,125333,▁decenni,1,0.03410641
sts,ita_Latn,125406,▁commerciali,1,0.03410641
sts,ita_Latn,125434,▁raggi,1,0.03410641
sts,ita_Latn,126676,latura,1,0.03410641
sts,ita_Latn,126831,▁impegna,1,0.03410641
sts,ita_Latn,126962,tività,1,0.03410641
sts,ita_Latn,126966,tissima,1,0.03410641
sts,ita_Latn,127297,▁riesce,1,0.03410641
sts,ita_Latn,127424,▁polizia,2,0.06821282
sts,ita_Latn,127998,▁necessaria,1,0.03410641
sts,ita_Latn,128310,▁competenze,3,0.10231924
sts,ita_Latn,128839,▁gradual,1,0.03410641
sts,ita_Latn,129331,▁ritorno,1,0.03410641
sts,ita_Latn,129385,tevi,2,0.06821282
sts,ita_Latn,129539,stici,1,0.03410641
sts,ita_Latn,129716,▁casse,1,0.03410641
sts,ita_Latn,129884,7.0,1,0.03410641
sts,ita_Latn,130205,▁domicilio,2,0.06821282
sts,ita_Latn,130232,▁ottima,1,0.03410641
sts,ita_Latn,130534,▁anticipa,1,0.03410641
sts,ita_Latn,131696,▁nemmeno,2,0.06821282
sts,ita_Latn,132307,▁verranno,1,0.03410641
sts,ita_Latn,132780,preso,1,0.03410641
sts,ita_Latn,132894,invent,3,0.10231924
sts,ita_Latn,132992,▁sanitaria,3,0.10231924
sts,ita_Latn,133181,▁ricordo,1,0.03410641
sts,ita_Latn,133249,127,1,0.03410641
sts,ita_Latn,133886,tissimi,1,0.03410641
sts,ita_Latn,134106,▁considerare,1,0.03410641
sts,ita_Latn,134827,▁Commissione,1,0.03410641
sts,ita_Latn,134978,▁accedere,1,0.03410641
sts,ita_Latn,135446,▁diretto,1,0.03410641
sts,ita_Latn,136652,▁sanitario,3,0.10231924
sts,ita_Latn,136797,▁ricevere,1,0.03410641
sts,ita_Latn,137320,▁concilia,1,0.03410641
sts,ita_Latn,137454,attenzione,1,0.03410641
sts,ita_Latn,138277,▁preoccupa,1,0.03410641
sts,ita_Latn,139845,▁creazione,1,0.03410641
sts,ita_Latn,140420,▁brutto,1,0.03410641
sts,ita_Latn,140654,▁Tweet,1,0.03410641
sts,ita_Latn,141337,▁gestire,1,0.03410641
sts,ita_Latn,141342,▁avevano,1,0.03410641
sts,ita_Latn,141944,▁ricevi,1,0.03410641
sts,ita_Latn,142400,▁tuttavia,1,0.03410641
sts,ita_Latn,142755,▁quinque,1,0.03410641
sts,ita_Latn,144336,▁quotidiana,1,0.03410641
sts,ita_Latn,144780,▁attesa,1,0.03410641
sts,ita_Latn,145082,▁progressiv,2,0.06821282
sts,ita_Latn,145207,▁misure,6,0.20463847
sts,ita_Latn,145693,▁finestra,1,0.03410641
sts,ita_Latn,147392,▁disponibilità,1,0.03410641
sts,ita_Latn,147447,▁considerazione,1,0.03410641
sts,ita_Latn,148409,▁documenti,1,0.03410641
sts,ita_Latn,148769,▁ambienti,3,0.10231924
sts,ita_Latn,150321,▁prossimi,1,0.03410641
sts,ita_Latn,151644,▁portata,1,0.03410641
sts,ita_Latn,152142,▁spesa,2,0.06821282
sts,ita_Latn,153635,▁dipendenti,1,0.03410641
sts,ita_Latn,153892,▁purtroppo,1,0.03410641
sts,ita_Latn,153946,▁giocatori,1,0.03410641
sts,ita_Latn,155257,▁dubbio,1,0.03410641
sts,ita_Latn,155564,▁vantaggio,1,0.03410641
sts,ita_Latn,156668,▁attesta,1,0.03410641
sts,ita_Latn,157204,▁potrete,1,0.03410641
sts,ita_Latn,158128,▁notizie,1,0.03410641
sts,ita_Latn,158543,▁evitando,2,0.06821282
sts,ita_Latn,161162,▁chiusura,1,0.03410641
sts,ita_Latn,162054,▁Important,1,0.03410641
sts,ita_Latn,162239,▁commercio,1,0.03410641
sts,ita_Latn,162500,▁lieve,1,0.03410641
sts,ita_Latn,162719,▁borsa,1,0.03410641
sts,ita_Latn,162780,▁stiamo,2,0.06821282
sts,ita_Latn,162878,▁curriculum,1,0.03410641
sts,ita_Latn,163499,▁tavolo,2,0.06821282
sts,ita_Latn,163873,▁operare,1,0.03410641
sts,ita_Latn,164289,▁dovranno,1,0.03410641
sts,ita_Latn,164357,▁inserire,1,0.03410641
sts,ita_Latn,164466,integrazione,1,0.03410641
sts,ita_Latn,164688,▁consuet,1,0.03410641
sts,ita_Latn,164820,frut,1,0.03410641
sts,ita_Latn,165116,448,1,0.03410641
sts,ita_Latn,165510,▁tortu,1,0.03410641
sts,ita_Latn,165528,▁Paesi,1,0.03410641
sts,ita_Latn,165841,occupazione,1,0.03410641
sts,ita_Latn,166116,▁illumina,1,0.03410641
sts,ita_Latn,166346,giorno,1,0.03410641
sts,ita_Latn,167663,▁rientra,1,0.03410641
sts,ita_Latn,168054,▁Mondo,1,0.03410641
sts,ita_Latn,168290,▁tipologia,1,0.03410641
sts,ita_Latn,168602,punto,1,0.03410641
sts,ita_Latn,169218,▁stanza,2,0.06821282
sts,ita_Latn,169438,▁tratti,1,0.03410641
sts,ita_Latn,169597,apertura,1,0.03410641
sts,ita_Latn,169811,▁tappe,1,0.03410641
sts,ita_Latn,169844,▁ricorre,1,0.03410641
sts,ita_Latn,170234,▁attenta,1,0.03410641
sts,ita_Latn,170421,▁impossibile,3,0.10231924
sts,ita_Latn,170806,▁raccomanda,1,0.03410641
sts,ita_Latn,170943,▁pianta,1,0.03410641
sts,ita_Latn,172294,obbligo,1,0.03410641
sts,ita_Latn,172901,▁angolo,1,0.03410641
sts,ita_Latn,173676,▁apparent,1,0.03410641
sts,ita_Latn,174020,▁Certo,1,0.03410641
sts,ita_Latn,174139,▁uscire,1,0.03410641
sts,ita_Latn,174949,▁piante,1,0.03410641
sts,ita_Latn,178227,▁miglioramento,1,0.03410641
sts,ita_Latn,179046,▁permettono,1,0.03410641
sts,ita_Latn,179494,▁concentrar,1,0.03410641
sts,ita_Latn,179582,▁chiedo,1,0.03410641
sts,ita_Latn,184300,▁indicazioni,1,0.03410641
sts,ita_Latn,185185,▁gambe,1,0.03410641
sts,ita_Latn,185619,▁ordinaria,2,0.06821282
sts,ita_Latn,186546,▁spalle,1,0.03410641
sts,ita_Latn,187426,▁autorizza,2,0.06821282
sts,ita_Latn,187468,▁Veneto,1,0.03410641
sts,ita_Latn,188096,▁tipologie,1,0.03410641
sts,ita_Latn,190262,▁modifiche,1,0.03410641
sts,ita_Latn,191236,▁esercizi,1,0.03410641
sts,ita_Latn,193574,▁rinuncia,1,0.03410641
sts,ita_Latn,194463,▁Società,1,0.03410641
sts,ita_Latn,195579,▁esterni,1,0.03410641
sts,ita_Latn,196049,637,1,0.03410641
sts,ita_Latn,196594,▁offrono,1,0.03410641
sts,ita_Latn,196623,▁rendono,1,0.03410641
sts,ita_Latn,196944,▁imprenditori,2,0.06821282
sts,ita_Latn,197119,▁contatti,2,0.06821282
sts,ita_Latn,197845,▁inevitabil,1,0.03410641
sts,ita_Latn,203734,impiego,2,0.06821282
sts,ita_Latn,206165,▁Scegli,3,0.10231924
sts,ita_Latn,206666,▁riprende,1,0.03410641
sts,ita_Latn,206759,▁economiche,1,0.03410641
sts,ita_Latn,207166,▁nuovamente,2,0.06821282
sts,ita_Latn,208479,▁successive,1,0.03410641
sts,ita_Latn,209719,▁disegno,1,0.03410641
sts,ita_Latn,210773,▁vibrant,1,0.03410641
sts,ita_Latn,211228,▁drastic,1,0.03410641
sts,ita_Latn,213332,▁Lombardia,1,0.03410641
sts,ita_Latn,214691,▁schiena,1,0.03410641
sts,ita_Latn,216040,emergenza,3,0.10231924
sts,ita_Latn,217840,▁repent,1,0.03410641
sts,ita_Latn,218955,▁amplifica,1,0.03410641
sts,ita_Latn,219576,eccellenza,1,0.03410641
sts,ita_Latn,221698,mettersi,2,0.06821282
sts,ita_Latn,227178,▁solidarietà,1,0.03410641
sts,ita_Latn,227543,▁entusiasma,1,0.03410641
sts,ita_Latn,230839,▁Hopkins,1,0.03410641
sts,ita_Latn,231717,▁impegni,1,0.03410641
sts,ita_Latn,234287,▁supermercat,4,0.13642565
sts,ita_Latn,235390,▁sforzo,1,0.03410641
sts,ita_Latn,242995,▁piacciono,1,0.03410641
sts,ita_Latn,243000,▁richiedono,1,0.03410641
sts,ind_Latn,4,",",110,3.72754998
sts,ind_Latn,5,.,144,4.87970180
sts,ind_Latn,6,▁,9,0.30498136
sts,ind_Latn,7,s,16,0.54218909
sts,ind_Latn,8,▁de,5,0.16943409
sts,ind_Latn,9,-,20,0.67773636
sts,ind_Latn,10,▁a,1,0.03388682
sts,ind_Latn,11,a,10,0.33886818
sts,ind_Latn,12,:,8,0.27109454
sts,ind_Latn,13,e,7,0.23720773
sts,ind_Latn,14,i,14,0.47441545
sts,ind_Latn,15,▁(,19,0.64384954
sts,ind_Latn,16,),11,0.37275500
sts,ind_Latn,17,▁i,1,0.03388682
sts,ind_Latn,18,t,2,0.06777364
sts,ind_Latn,19,n,3,0.10166045
sts,ind_Latn,20,▁-,12,0.40664182
sts,ind_Latn,23,▁in,3,0.10166045
sts,ind_Latn,24,▁na,1,0.03388682
sts,ind_Latn,28,▁e,3,0.10166045
sts,ind_Latn,31,o,7,0.23720773
sts,ind_Latn,33,en,3,0.10166045
sts,ind_Latn,34,u,4,0.13554727
sts,ind_Latn,39,m,5,0.16943409
sts,ind_Latn,40,▁se,2,0.06777364
sts,ind_Latn,42,r,5,0.16943409
sts,ind_Latn,44,"▁""",6,0.20332091
sts,ind_Latn,45,▁di,28,0.94883090
sts,ind_Latn,46,▁–,1,0.03388682
sts,ind_Latn,47,▁to,2,0.06777364
sts,ind_Latn,51,▁un,1,0.03388682
sts,ind_Latn,55,▁je,1,0.03388682
sts,ind_Latn,56,er,1,0.03388682
sts,ind_Latn,58,"""",6,0.20332091
sts,ind_Latn,62,▁A,10,0.33886818
sts,ind_Latn,64,/,7,0.23720773
sts,ind_Latn,66,an,18,0.60996272
sts,ind_Latn,71,d,1,0.03388682
sts,ind_Latn,73,in,4,0.13554727
sts,ind_Latn,76,na,5,0.16943409
sts,ind_Latn,79,▁ja,1,0.03388682
sts,ind_Latn,85,da,1,0.03388682
sts,ind_Latn,86,ne,3,0.10166045
sts,ind_Latn,87,▁I,2,0.06777364
sts,ind_Latn,90,es,2,0.06777364
sts,ind_Latn,91,▁s,1,0.03388682
sts,ind_Latn,92,k,5,0.16943409
sts,ind_Latn,95,▁le,1,0.03388682
sts,ind_Latn,99,▁at,1,0.03388682
sts,ind_Latn,100,▁for,1,0.03388682
sts,ind_Latn,102,ta,1,0.03388682
sts,ind_Latn,106,▁1,7,0.23720773
sts,ind_Latn,107,re,2,0.06777364
sts,ind_Latn,111,▁of,2,0.06777364
sts,ind_Latn,115,▁du,1,0.03388682
sts,ind_Latn,116,▁2,6,0.20332091
sts,ind_Latn,117,▁per,3,0.10166045
sts,ind_Latn,118,ti,2,0.06777364
sts,ind_Latn,119,▁yang,20,0.67773636
sts,ind_Latn,120,▁te,1,0.03388682
sts,ind_Latn,121,▁para,1,0.03388682
sts,ind_Latn,123,▁dan,30,1.01660454
sts,ind_Latn,126,et,2,0.06777364
sts,ind_Latn,127,h,6,0.20332091
sts,ind_Latn,133,le,2,0.06777364
sts,ind_Latn,138,▁3,6,0.20332091
sts,ind_Latn,141,l,4,0.13554727
sts,ind_Latn,145,ja,2,0.06777364
sts,ind_Latn,146,▁del,2,0.06777364
sts,ind_Latn,147,ar,2,0.06777364
sts,ind_Latn,150,li,2,0.06777364
sts,ind_Latn,159,▁S,3,0.10166045
sts,ind_Latn,160,▁po,2,0.06777364
sts,ind_Latn,161,ka,2,0.06777364
sts,ind_Latn,162,as,1,0.03388682
sts,ind_Latn,169,z,1,0.03388682
sts,ind_Latn,172,si,13,0.44052863
sts,ind_Latn,180,▁O,1,0.03388682
sts,ind_Latn,182,▁har,1,0.03388682
sts,ind_Latn,184,se,1,0.03388682
sts,ind_Latn,188,to,3,0.10166045
sts,ind_Latn,190,▁5,6,0.20332091
sts,ind_Latn,192,ma,2,0.06777364
sts,ind_Latn,194,).,4,0.13554727
sts,ind_Latn,200,▁ki,1,0.03388682
sts,ind_Latn,201,▁4,5,0.16943409
sts,ind_Latn,206,ch,2,0.06777364
sts,ind_Latn,208,ga,2,0.06777364
sts,ind_Latn,209,▁10,4,0.13554727
sts,ind_Latn,214,ing,1,0.03388682
sts,ind_Latn,217,it,1,0.03388682
sts,ind_Latn,219,ra,2,0.06777364
sts,ind_Latn,221,▁so,1,0.03388682
sts,ind_Latn,241,▁E,1,0.03388682
sts,ind_Latn,247,"),",3,0.10166045
sts,ind_Latn,248,▁/,6,0.20332091
sts,ind_Latn,249,▁pa,1,0.03388682
sts,ind_Latn,254,p,3,0.10166045
sts,ind_Latn,257,at,2,0.06777364
sts,ind_Latn,266,mi,1,0.03388682
sts,ind_Latn,273,nya,9,0.30498136
sts,ind_Latn,275,b,2,0.06777364
sts,ind_Latn,276,▁M,2,0.06777364
sts,ind_Latn,280,▁pe,3,0.10166045
sts,ind_Latn,282,me,1,0.03388682
sts,ind_Latn,289,al,1,0.03388682
sts,ind_Latn,294,S,1,0.03388682
sts,ind_Latn,297,ed,1,0.03388682
sts,ind_Latn,299,ny,1,0.03388682
sts,ind_Latn,302,am,1,0.03388682
sts,ind_Latn,304,2,8,0.27109454
sts,ind_Latn,305,▁6,4,0.13554727
sts,ind_Latn,309,un,4,0.13554727
sts,ind_Latn,310,▁V,1,0.03388682
sts,ind_Latn,311,▁ke,13,0.44052863
sts,ind_Latn,316,um,3,0.10166045
sts,ind_Latn,324,▁mi,1,0.03388682
sts,ind_Latn,331,kan,14,0.47441545
sts,ind_Latn,334,v,1,0.03388682
sts,ind_Latn,335,▁B,1,0.03388682
sts,ind_Latn,339,▁L,3,0.10166045
sts,ind_Latn,341,▁K,4,0.13554727
sts,ind_Latn,343,ek,1,0.03388682
sts,ind_Latn,344,ak,1,0.03388682
sts,ind_Latn,345,▁U,3,0.10166045
sts,ind_Latn,347,▁m,3,0.10166045
sts,ind_Latn,350,ke,1,0.03388682
sts,ind_Latn,361,▁7,2,0.06777364
sts,ind_Latn,363,3,1,0.03388682
sts,ind_Latn,366,▁par,3,0.10166045
sts,ind_Latn,373,▁bu,1,0.03388682
sts,ind_Latn,382,▁8,5,0.16943409
sts,ind_Latn,391,▁D,1,0.03388682
sts,ind_Latn,395,ya,1,0.03388682
sts,ind_Latn,397,D,1,0.03388682
sts,ind_Latn,402,ba,3,0.10166045
sts,ind_Latn,416,ri,1,0.03388682
sts,ind_Latn,423,▁15,1,0.03388682
sts,ind_Latn,425,x,1,0.03388682
sts,ind_Latn,429,ge,2,0.06777364
sts,ind_Latn,433,sa,1,0.03388682
sts,ind_Latn,436,▁P,4,0.13554727
sts,ind_Latn,438,▁No,1,0.03388682
sts,ind_Latn,441,C,2,0.06777364
sts,ind_Latn,449,ng,1,0.03388682
sts,ind_Latn,452,▁pas,1,0.03388682
sts,ind_Latn,453,▁men,5,0.16943409
sts,ind_Latn,456,▁re,1,0.03388682
sts,ind_Latn,459,▁lo,2,0.06777364
sts,ind_Latn,461,ju,2,0.06777364
sts,ind_Latn,462,▁dengan,20,0.67773636
sts,ind_Latn,464,im,1,0.03388682
sts,ind_Latn,466,▁tak,1,0.03388682
sts,ind_Latn,474,ur,2,0.06777364
sts,ind_Latn,482,▁untuk,9,0.30498136
sts,ind_Latn,483,▁9,5,0.16943409
sts,ind_Latn,485,▁ini,22,0.74551000
sts,ind_Latn,486,▁ut,1,0.03388682
sts,ind_Latn,496,▁30,1,0.03388682
sts,ind_Latn,497,ho,1,0.03388682
sts,ind_Latn,503,▁Se,5,0.16943409
sts,ind_Latn,505,▁2017,1,0.03388682
sts,ind_Latn,508,ai,2,0.06777364
sts,ind_Latn,510,ten,2,0.06777364
sts,ind_Latn,513,jo,3,0.10166045
sts,ind_Latn,519,go,1,0.03388682
sts,ind_Latn,527,▁G,2,0.06777364
sts,ind_Latn,534,▁11,1,0.03388682
sts,ind_Latn,543,▁18,4,0.13554727
sts,ind_Latn,549,dan,1,0.03388682
sts,ind_Latn,563,▁F,1,0.03388682
sts,ind_Latn,571,B,2,0.06777364
sts,ind_Latn,572,▁H,1,0.03388682
sts,ind_Latn,581,▁The,2,0.06777364
sts,ind_Latn,590,sta,1,0.03388682
sts,ind_Latn,594,M,1,0.03388682
sts,ind_Latn,602,▁Si,1,0.03388682
sts,ind_Latn,607,▁dat,1,0.03388682
sts,ind_Latn,611,▁16,2,0.06777364
sts,ind_Latn,613,▁sur,1,0.03388682
sts,ind_Latn,615,▁1.,4,0.13554727
sts,ind_Latn,616,▁14,1,0.03388682
sts,ind_Latn,617,4,1,0.03388682
sts,ind_Latn,619,▁&,1,0.03388682
sts,ind_Latn,634,wa,1,0.03388682
sts,ind_Latn,638,▁dalam,5,0.16943409
sts,ind_Latn,647,E,1,0.03388682
sts,ind_Latn,658,ji,3,0.10166045
sts,ind_Latn,669,man,2,0.06777364
sts,ind_Latn,674,ment,1,0.03388682
sts,ind_Latn,683,P,1,0.03388682
sts,ind_Latn,704,▁ter,3,0.10166045
sts,ind_Latn,714,▁25,1,0.03388682
sts,ind_Latn,717,▁To,2,0.06777364
sts,ind_Latn,734,▁dari,16,0.54218909
sts,ind_Latn,752,▁itu,2,0.06777364
sts,ind_Latn,757,▁0,2,0.06777364
sts,ind_Latn,761,ban,1,0.03388682
sts,ind_Latn,762,▁tidak,3,0.10166045
sts,ind_Latn,770,▁ber,8,0.27109454
sts,ind_Latn,780,▁2016,2,0.06777364
sts,ind_Latn,786,▁Du,1,0.03388682
sts,ind_Latn,787,▁2.,1,0.03388682
sts,ind_Latn,799,▁Ne,1,0.03388682
sts,ind_Latn,803,▁Di,6,0.20332091
sts,ind_Latn,821,▁J,1,0.03388682
sts,ind_Latn,823,▁Ja,2,0.06777364
sts,ind_Latn,825,▁Za,4,0.13554727
sts,ind_Latn,837,bo,1,0.03388682
sts,ind_Latn,841,H,4,0.13554727
sts,ind_Latn,843,▁pada,14,0.47441545
sts,ind_Latn,845,▁Je,1,0.03388682
sts,ind_Latn,853,▁Re,1,0.03388682
sts,ind_Latn,864,q,1,0.03388682
sts,ind_Latn,879,▁dia,1,0.03388682
sts,ind_Latn,890,▁ji,1,0.03388682
sts,ind_Latn,908,▁Per,6,0.20332091
sts,ind_Latn,914,▁ga,4,0.13554727
sts,ind_Latn,916,au,1,0.03388682
sts,ind_Latn,927,th,1,0.03388682
sts,ind_Latn,930,▁Da,1,0.03388682
sts,ind_Latn,945,▁akan,3,0.10166045
sts,ind_Latn,947,▁Sa,3,0.10166045
sts,ind_Latn,952,▁21,1,0.03388682
sts,ind_Latn,964,bi,1,0.03388682
sts,ind_Latn,966,7,1,0.03388682
sts,ind_Latn,977,▁>,1,0.03388682
sts,ind_Latn,1004,▁Er,1,0.03388682
sts,ind_Latn,1011,▁dar,1,0.03388682
sts,ind_Latn,1015,sen,1,0.03388682
sts,ind_Latn,1019,8,1,0.03388682
sts,ind_Latn,1029,fi,1,0.03388682
sts,ind_Latn,1031,▁3.,1,0.03388682
sts,ind_Latn,1055,men,1,0.03388682
sts,ind_Latn,1059,▁ci,1,0.03388682
sts,ind_Latn,1061,▁So,1,0.03388682
sts,ind_Latn,1067,nde,1,0.03388682
sts,ind_Latn,1073,tas,1,0.03388682
sts,ind_Latn,1076,tan,6,0.20332091
sts,ind_Latn,1090,ada,1,0.03388682
sts,ind_Latn,1106,he,2,0.06777364
sts,ind_Latn,1111,▁Men,1,0.03388682
sts,ind_Latn,1119,▁ex,1,0.03388682
sts,ind_Latn,1121,han,5,0.16943409
sts,ind_Latn,1126,9,1,0.03388682
sts,ind_Latn,1127,nda,1,0.03388682
sts,ind_Latn,1141,nak,1,0.03388682
sts,ind_Latn,1143,▁mer,1,0.03388682
sts,ind_Latn,1153,kar,1,0.03388682
sts,ind_Latn,1161,▁kas,1,0.03388682
sts,ind_Latn,1166,▁atau,4,0.13554727
sts,ind_Latn,1181,ll,1,0.03388682
sts,ind_Latn,1202,▁video,2,0.06777364
sts,ind_Latn,1204,▁Ko,3,0.10166045
sts,ind_Latn,1210,▁2013,1,0.03388682
sts,ind_Latn,1220,▁juga,3,0.10166045
sts,ind_Latn,1224,ks,1,0.03388682
sts,ind_Latn,1243,▁ada,1,0.03388682
sts,ind_Latn,1264,per,1,0.03388682
sts,ind_Latn,1295,▁from,1,0.03388682
sts,ind_Latn,1297,ber,1,0.03388682
sts,ind_Latn,1299,bar,2,0.06777364
sts,ind_Latn,1303,nek,2,0.06777364
sts,ind_Latn,1345,▁Ke,4,0.13554727
sts,ind_Latn,1346,▁film,6,0.20332091
sts,ind_Latn,1366,ah,2,0.06777364
sts,ind_Latn,1371,▁Tu,1,0.03388682
sts,ind_Latn,1381,▁26,2,0.06777364
sts,ind_Latn,1384,▁adalah,5,0.16943409
sts,ind_Latn,1413,▁Te,1,0.03388682
sts,ind_Latn,1432,▁kepada,7,0.23720773
sts,ind_Latn,1438,▁27,1,0.03388682
sts,ind_Latn,1460,▁Pe,1,0.03388682
sts,ind_Latn,1461,▁Ku,1,0.03388682
sts,ind_Latn,1462,san,1,0.03388682
sts,ind_Latn,1463,ang,2,0.06777364
sts,ind_Latn,1482,▁orang,3,0.10166045
sts,ind_Latn,1490,▁sen,1,0.03388682
sts,ind_Latn,1491,tik,3,0.10166045
sts,ind_Latn,1517,tra,3,0.10166045
sts,ind_Latn,1519,▁Ki,1,0.03388682
sts,ind_Latn,1520,▁Ni,1,0.03388682
sts,ind_Latn,1524,▁mereka,2,0.06777364
sts,ind_Latn,1528,▁program,1,0.03388682
sts,ind_Latn,1532,▁2010,1,0.03388682
sts,ind_Latn,1544,asi,7,0.23720773
sts,ind_Latn,1566,lah,1,0.03388682
sts,ind_Latn,1603,ran,3,0.10166045
sts,ind_Latn,1605,rum,2,0.06777364
sts,ind_Latn,1619,ung,1,0.03388682
sts,ind_Latn,1628,▁oleh,7,0.23720773
sts,ind_Latn,1681,son,1,0.03388682
sts,ind_Latn,1687,nom,1,0.03388682
sts,ind_Latn,1704,era,2,0.06777364
sts,ind_Latn,1716,kon,1,0.03388682
sts,ind_Latn,1724,ata,2,0.06777364
sts,ind_Latn,1735,▁San,2,0.06777364
sts,ind_Latn,1758,iga,4,0.13554727
sts,ind_Latn,1773,▁Dr,1,0.03388682
sts,ind_Latn,1785,▁km,3,0.10166045
sts,ind_Latn,1796,▁lebih,4,0.13554727
sts,ind_Latn,1799,ali,1,0.03388682
sts,ind_Latn,1802,▁dapat,2,0.06777364
sts,ind_Latn,1831,▁air,1,0.03388682
sts,ind_Latn,1837,15,1,0.03388682
sts,ind_Latn,1843,▁Bi,1,0.03388682
sts,ind_Latn,1861,chi,1,0.03388682
sts,ind_Latn,1888,ati,1,0.03388682
sts,ind_Latn,1900,ron,1,0.03388682
sts,ind_Latn,1916,ting,1,0.03388682
sts,ind_Latn,1992,▁pun,2,0.06777364
sts,ind_Latn,1995,▁II,1,0.03388682
sts,ind_Latn,2013,▁saat,4,0.13554727
sts,ind_Latn,2053,▁data,1,0.03388682
sts,ind_Latn,2079,▁Ci,3,0.10166045
sts,ind_Latn,2132,▁Ali,1,0.03388682
sts,ind_Latn,2134,▁satu,3,0.10166045
sts,ind_Latn,2206,▁Ge,1,0.03388682
sts,ind_Latn,2214,▁lagi,2,0.06777364
sts,ind_Latn,2247,uk,1,0.03388682
sts,ind_Latn,2253,▁menjadi,4,0.13554727
sts,ind_Latn,2307,▁sebagai,10,0.33886818
sts,ind_Latn,2317,sal,1,0.03388682
sts,ind_Latn,2331,▁Op,2,0.06777364
sts,ind_Latn,2356,▁New,1,0.03388682
sts,ind_Latn,2357,24,1,0.03388682
sts,ind_Latn,2369,▁Ya,1,0.03388682
sts,ind_Latn,2387,yi,1,0.03388682
sts,ind_Latn,2392,▁Par,2,0.06777364
sts,ind_Latn,2400,los,1,0.03388682
sts,ind_Latn,2424,pl,1,0.03388682
sts,ind_Latn,2434,kor,1,0.03388682
sts,ind_Latn,2439,ila,2,0.06777364
sts,ind_Latn,2441,▁bagi,2,0.06777364
sts,ind_Latn,2447,▁lain,1,0.03388682
sts,ind_Latn,2480,ft,1,0.03388682
sts,ind_Latn,2481,ity,1,0.03388682
sts,ind_Latn,2485,16,1,0.03388682
sts,ind_Latn,2486,▁tersebut,3,0.10166045
sts,ind_Latn,2491,▁sudah,3,0.10166045
sts,ind_Latn,2501,▁Mo,1,0.03388682
sts,ind_Latn,2514,ara,1,0.03388682
sts,ind_Latn,2541,▁Dar,1,0.03388682
sts,ind_Latn,2561,▁Tak,1,0.03388682
sts,ind_Latn,2570,▁tahun,10,0.33886818
sts,ind_Latn,2588,25,1,0.03388682
sts,ind_Latn,2590,kel,1,0.03388682
sts,ind_Latn,2592,14,2,0.06777364
sts,ind_Latn,2658,nas,1,0.03388682
sts,ind_Latn,2678,▁45,1,0.03388682
sts,ind_Latn,2692,▁Video,1,0.03388682
sts,ind_Latn,2701,ras,1,0.03388682
sts,ind_Latn,2720,▁mata,1,0.03388682
sts,ind_Latn,2726,isi,1,0.03388682
sts,ind_Latn,2734,▁Kan,2,0.06777364
sts,ind_Latn,2748,▁karena,1,0.03388682
sts,ind_Latn,2775,▁Em,1,0.03388682
sts,ind_Latn,2777,▁Ro,1,0.03388682
sts,ind_Latn,2816,stra,1,0.03388682
sts,ind_Latn,2826,tir,1,0.03388682
sts,ind_Latn,2839,40,1,0.03388682
sts,ind_Latn,2870,gal,1,0.03388682
sts,ind_Latn,2902,▁Ga,4,0.13554727
sts,ind_Latn,2947,19,1,0.03388682
sts,ind_Latn,2994,▁Ter,1,0.03388682
sts,ind_Latn,3035,din,1,0.03388682
sts,ind_Latn,3037,▁daripada,1,0.03388682
sts,ind_Latn,3066,lang,1,0.03388682
sts,ind_Latn,3180,pan,1,0.03388682
sts,ind_Latn,3187,nud,1,0.03388682
sts,ind_Latn,3190,if,1,0.03388682
sts,ind_Latn,3262,▁masa,1,0.03388682
sts,ind_Latn,3299,▁model,1,0.03388682
sts,ind_Latn,3314,▁Ju,1,0.03388682
sts,ind_Latn,3350,▁Lu,1,0.03388682
sts,ind_Latn,3370,▁Im,1,0.03388682
sts,ind_Latn,3448,ando,1,0.03388682
sts,ind_Latn,3467,har,1,0.03388682
sts,ind_Latn,3473,ket,1,0.03388682
sts,ind_Latn,3510,▁baru,2,0.06777364
sts,ind_Latn,3546,▁zi,1,0.03388682
sts,ind_Latn,3559,100,1,0.03388682
sts,ind_Latn,3561,▁Pu,2,0.06777364
sts,ind_Latn,3565,▁secara,1,0.03388682
sts,ind_Latn,3569,▁9.,2,0.06777364
sts,ind_Latn,3571,bal,1,0.03388682
sts,ind_Latn,3643,▁jam,1,0.03388682
sts,ind_Latn,3650,▁$,5,0.16943409
sts,ind_Latn,3726,▁Islam,1,0.03388682
sts,ind_Latn,3766,tul,1,0.03388682
sts,ind_Latn,3799,▁Indonesia,1,0.03388682
sts,ind_Latn,3815,dom,2,0.06777364
sts,ind_Latn,3847,▁Film,2,0.06777364
sts,ind_Latn,3864,▁pos,1,0.03388682
sts,ind_Latn,3876,▁merupakan,7,0.23720773
sts,ind_Latn,3882,28,1,0.03388682
sts,ind_Latn,3884,▁put,2,0.06777364
sts,ind_Latn,3894,▁09,2,0.06777364
sts,ind_Latn,3905,▁Hy,1,0.03388682
sts,ind_Latn,3957,The,3,0.10166045
sts,ind_Latn,3962,rah,1,0.03388682
sts,ind_Latn,3994,▁Ut,1,0.03388682
sts,ind_Latn,4007,mit,1,0.03388682
sts,ind_Latn,4013,▁saja,1,0.03388682
sts,ind_Latn,4015,22,1,0.03388682
sts,ind_Latn,4044,maan,1,0.03388682
sts,ind_Latn,4061,▁Pra,1,0.03388682
sts,ind_Latn,4063,bel,1,0.03388682
sts,ind_Latn,4068,▁10.,1,0.03388682
sts,ind_Latn,4073,▁atas,4,0.13554727
sts,ind_Latn,4078,▁2005,1,0.03388682
sts,ind_Latn,4086,lis,4,0.13554727
sts,ind_Latn,4119,anta,1,0.03388682
sts,ind_Latn,4177,pun,2,0.06777364
sts,ind_Latn,4181,▁kor,1,0.03388682
sts,ind_Latn,4200,hal,1,0.03388682
sts,ind_Latn,4205,war,1,0.03388682
sts,ind_Latn,4211,▁Min,1,0.03388682
sts,ind_Latn,4235,29,1,0.03388682
sts,ind_Latn,4267,▁Pen,3,0.10166045
sts,ind_Latn,4293,ley,1,0.03388682
sts,ind_Latn,4311,▁Sen,1,0.03388682
sts,ind_Latn,4315,▁masih,1,0.03388682
sts,ind_Latn,4369,$,1,0.03388682
sts,ind_Latn,4420,▁back,1,0.03388682
sts,ind_Latn,4438,ast,1,0.03388682
sts,ind_Latn,4440,▁Kom,1,0.03388682
sts,ind_Latn,4451,gang,2,0.06777364
sts,ind_Latn,4453,pat,1,0.03388682
sts,ind_Latn,4458,nan,2,0.06777364
sts,ind_Latn,4497,▁lagu,4,0.13554727
sts,ind_Latn,4515,ui,1,0.03388682
sts,ind_Latn,4564,▁kali,1,0.03388682
sts,ind_Latn,4580,lama,1,0.03388682
sts,ind_Latn,4612,▁Star,1,0.03388682
sts,ind_Latn,4626,bet,1,0.03388682
sts,ind_Latn,4669,▁37,1,0.03388682
sts,ind_Latn,4693,▁besar,1,0.03388682
sts,ind_Latn,4726,rio,1,0.03388682
sts,ind_Latn,4729,aga,2,0.06777364
sts,ind_Latn,4751,▁jadi,1,0.03388682
sts,ind_Latn,4769,▁Val,1,0.03388682
sts,ind_Latn,4772,▁Hal,1,0.03388682
sts,ind_Latn,4794,▁Media,1,0.03388682
sts,ind_Latn,4815,▁Son,2,0.06777364
sts,ind_Latn,4821,▁2004,1,0.03388682
sts,ind_Latn,4830,▁III,2,0.06777364
sts,ind_Latn,4926,▁membuat,2,0.06777364
sts,ind_Latn,4961,▁Som,2,0.06777364
sts,ind_Latn,4981,▁dua,2,0.06777364
sts,ind_Latn,4994,pis,2,0.06777364
sts,ind_Latn,5025,▁Hindi,1,0.03388682
sts,ind_Latn,5046,99,1,0.03388682
sts,ind_Latn,5073,ean,1,0.03388682
sts,ind_Latn,5095,jam,1,0.03388682
sts,ind_Latn,5121,▁diri,5,0.16943409
sts,ind_Latn,5165,stand,1,0.03388682
sts,ind_Latn,5173,▁(19,1,0.03388682
sts,ind_Latn,5232,itas,2,0.06777364
sts,ind_Latn,5236,dha,1,0.03388682
sts,ind_Latn,5244,▁ker,1,0.03388682
sts,ind_Latn,5277,▁rin,2,0.06777364
sts,ind_Latn,5288,▁sendiri,1,0.03388682
sts,ind_Latn,5302,▁seorang,1,0.03388682
sts,ind_Latn,5309,▁memiliki,24,0.81328363
sts,ind_Latn,5324,▁bus,1,0.03388682
sts,ind_Latn,5326,▁ia,3,0.10166045
sts,ind_Latn,5340,▁meng,3,0.10166045
sts,ind_Latn,5406,▁Ser,2,0.06777364
sts,ind_Latn,5442,2.,5,0.16943409
sts,ind_Latn,5458,▁Ban,1,0.03388682
sts,ind_Latn,5459,▁perlu,1,0.03388682
sts,ind_Latn,5464,Sa,1,0.03388682
sts,ind_Latn,5468,stä,1,0.03388682
sts,ind_Latn,5527,▁tim,1,0.03388682
sts,ind_Latn,5531,▁Ten,1,0.03388682
sts,ind_Latn,5566,▁salah,1,0.03388682
sts,ind_Latn,5571,▁sebuah,2,0.06777364
sts,ind_Latn,5581,▁Des,1,0.03388682
sts,ind_Latn,5596,▁India,3,0.10166045
sts,ind_Latn,5601,uan,4,0.13554727
sts,ind_Latn,5624,▁rumah,2,0.06777364
sts,ind_Latn,5661,▁tua,1,0.03388682
sts,ind_Latn,5663,lek,1,0.03388682
sts,ind_Latn,5675,▁th,1,0.03388682
sts,ind_Latn,5686,tai,1,0.03388682
sts,ind_Latn,5787,▁Ap,1,0.03388682
sts,ind_Latn,5795,▁sil,1,0.03388682
sts,ind_Latn,5847,▁13.,1,0.03388682
sts,ind_Latn,5865,luk,2,0.06777364
sts,ind_Latn,5876,dol,1,0.03388682
sts,ind_Latn,5951,uh,3,0.10166045
sts,ind_Latn,5962,▁hit,1,0.03388682
sts,ind_Latn,5971,▁Tha,1,0.03388682
sts,ind_Latn,6068,▁bola,2,0.06777364
sts,ind_Latn,6079,▁sang,1,0.03388682
sts,ind_Latn,6088,▁September,1,0.03388682
sts,ind_Latn,6096,▁Red,4,0.13554727
sts,ind_Latn,6159,Fi,2,0.06777364
sts,ind_Latn,6202,▁tempat,1,0.03388682
sts,ind_Latn,6229,dam,2,0.06777364
sts,ind_Latn,6273,▁Dalam,1,0.03388682
sts,ind_Latn,6332,mbi,1,0.03388682
sts,ind_Latn,6370,▁14.,1,0.03388682
sts,ind_Latn,6401,km,5,0.16943409
sts,ind_Latn,6402,nic,1,0.03388682
sts,ind_Latn,6436,▁Radio,1,0.03388682
sts,ind_Latn,6458,▁ketika,1,0.03388682
sts,ind_Latn,6463,09,2,0.06777364
sts,ind_Latn,6498,kala,1,0.03388682
sts,ind_Latn,6548,sun,1,0.03388682
sts,ind_Latn,6645,pul,1,0.03388682
sts,ind_Latn,6744,▁waktu,1,0.03388682
sts,ind_Latn,6766,Be,1,0.03388682
sts,ind_Latn,6789,▁2001,3,0.10166045
sts,ind_Latn,6848,▁Amerika,2,0.06777364
sts,ind_Latn,6849,▁16.,2,0.06777364
sts,ind_Latn,7071,▁April,2,0.06777364
sts,ind_Latn,7074,enda,1,0.03388682
sts,ind_Latn,7078,▁Afrika,1,0.03388682
sts,ind_Latn,7082,▁US,1,0.03388682
sts,ind_Latn,7085,▁20.,2,0.06777364
sts,ind_Latn,7105,mata,1,0.03388682
sts,ind_Latn,7156,▁album,3,0.10166045
sts,ind_Latn,7199,▁mem,1,0.03388682
sts,ind_Latn,7253,▁antara,3,0.10166045
sts,ind_Latn,7270,▁Paris,2,0.06777364
sts,ind_Latn,7374,▁Sar,1,0.03388682
sts,ind_Latn,7389,▁sampai,1,0.03388682
sts,ind_Latn,7427,▁pernah,1,0.03388682
sts,ind_Latn,7490,▁Pero,1,0.03388682
sts,ind_Latn,7502,yang,1,0.03388682
sts,ind_Latn,7537,olo,1,0.03388682
sts,ind_Latn,7567,mbo,4,0.13554727
sts,ind_Latn,7582,▁November,1,0.03388682
sts,ind_Latn,7603,mel,2,0.06777364
sts,ind_Latn,7628,▁ingin,1,0.03388682
sts,ind_Latn,7681,▁mene,2,0.06777364
sts,ind_Latn,7739,300,1,0.03388682
sts,ind_Latn,7829,▁klub,1,0.03388682
sts,ind_Latn,7880,▁Mark,1,0.03388682
sts,ind_Latn,7940,▁PS,2,0.06777364
sts,ind_Latn,7948,▁Peter,1,0.03388682
sts,ind_Latn,8018,▁Sur,4,0.13554727
sts,ind_Latn,8022,▁Ger,1,0.03388682
sts,ind_Latn,8053,▁Pada,9,0.30498136
sts,ind_Latn,8088,▁masuk,1,0.03388682
sts,ind_Latn,8104,▁gol,3,0.10166045
sts,ind_Latn,8161,▁melalui,1,0.03388682
sts,ind_Latn,8233,▁Brasil,1,0.03388682
sts,ind_Latn,8243,dz,1,0.03388682
sts,ind_Latn,8273,▁Sub,1,0.03388682
sts,ind_Latn,8294,▁Shi,1,0.03388682
sts,ind_Latn,8318,08,1,0.03388682
sts,ind_Latn,8345,bon,2,0.06777364
sts,ind_Latn,8347,▁review,1,0.03388682
sts,ind_Latn,8432,▁2014.,1,0.03388682
sts,ind_Latn,8467,hang,1,0.03388682
sts,ind_Latn,8477,▁bersama,3,0.10166045
sts,ind_Latn,8577,▁muda,1,0.03388682
sts,ind_Latn,8600,▁klik,1,0.03388682
sts,ind_Latn,8678,▁BA,1,0.03388682
sts,ind_Latn,8739,▁hingga,2,0.06777364
sts,ind_Latn,8821,95,1,0.03388682
sts,ind_Latn,8894,41,1,0.03388682
sts,ind_Latn,8900,bang,2,0.06777364
sts,ind_Latn,8910,▁Jika,1,0.03388682
sts,ind_Latn,8922,AM,1,0.03388682
sts,ind_Latn,8934,▁53,1,0.03388682
sts,ind_Latn,8982,▁terus,1,0.03388682
sts,ind_Latn,9022,ern,1,0.03388682
sts,ind_Latn,9033,▁bulan,2,0.06777364
sts,ind_Latn,9088,MP,1,0.03388682
sts,ind_Latn,9152,▁melihat,1,0.03388682
sts,ind_Latn,9263,▁masyarakat,1,0.03388682
sts,ind_Latn,9266,▁Mad,1,0.03388682
sts,ind_Latn,9271,46,2,0.06777364
sts,ind_Latn,9272,▁dana,1,0.03388682
sts,ind_Latn,9274,▁sosial,1,0.03388682
sts,ind_Latn,9285,48,1,0.03388682
sts,ind_Latn,9369,aran,1,0.03388682
sts,ind_Latn,9372,▁bawah,1,0.03388682
sts,ind_Latn,9384,▁format,1,0.03388682
sts,ind_Latn,9415,▁pihak,1,0.03388682
sts,ind_Latn,9506,Li,1,0.03388682
sts,ind_Latn,9552,▁Rad,1,0.03388682
sts,ind_Latn,9595,▁jalan,1,0.03388682
sts,ind_Latn,9639,▁pertama,6,0.20332091
sts,ind_Latn,9702,gio,1,0.03388682
sts,ind_Latn,9710,▁sebelum,2,0.06777364
sts,ind_Latn,9792,▁kerja,1,0.03388682
sts,ind_Latn,9807,▁nego,1,0.03388682
sts,ind_Latn,9907,▁National,1,0.03388682
sts,ind_Latn,9935,▁pari,1,0.03388682
sts,ind_Latn,9942,▁France,1,0.03388682
sts,ind_Latn,9962,▁Pir,1,0.03388682
sts,ind_Latn,10023,vio,1,0.03388682
sts,ind_Latn,10033,sport,1,0.03388682
sts,ind_Latn,10057,58,2,0.06777364
sts,ind_Latn,10079,hari,1,0.03388682
sts,ind_Latn,10082,▁Lan,1,0.03388682
sts,ind_Latn,10091,▁Up,1,0.03388682
sts,ind_Latn,10149,▁57,1,0.03388682
sts,ind_Latn,10178,sul,1,0.03388682
sts,ind_Latn,10271,▁Berlin,1,0.03388682
sts,ind_Latn,10317,▁yaitu,2,0.06777364
sts,ind_Latn,10342,-5,1,0.03388682
sts,ind_Latn,10361,▁langsung,2,0.06777364
sts,ind_Latn,10460,▁selama,1,0.03388682
sts,ind_Latn,10476,Te,1,0.03388682
sts,ind_Latn,10508,uku,1,0.03388682
sts,ind_Latn,10590,▁mudah,1,0.03388682
sts,ind_Latn,10601,▁sekolah,4,0.13554727
sts,ind_Latn,10630,▁kembali,1,0.03388682
sts,ind_Latn,10697,nah,1,0.03388682
sts,ind_Latn,10699,▁Ham,1,0.03388682
sts,ind_Latn,10715,600,2,0.06777364
sts,ind_Latn,10772,▁Nur,1,0.03388682
sts,ind_Latn,10778,▁status,1,0.03388682
sts,ind_Latn,10812,▁tega,1,0.03388682
sts,ind_Latn,10815,▁digunakan,1,0.03388682
sts,ind_Latn,10868,▁Sir,2,0.06777364
sts,ind_Latn,11052,jum,1,0.03388682
sts,ind_Latn,11061,wang,3,0.10166045
sts,ind_Latn,11330,▁Tour,1,0.03388682
sts,ind_Latn,11345,▁Best,1,0.03388682
sts,ind_Latn,11350,rata,3,0.10166045
sts,ind_Latn,11426,▁mikro,1,0.03388682
sts,ind_Latn,11463,▁sekarang,1,0.03388682
sts,ind_Latn,11540,61,1,0.03388682
sts,ind_Latn,11565,-4,1,0.03388682
sts,ind_Latn,11575,▁mendapatkan,2,0.06777364
sts,ind_Latn,11591,93,1,0.03388682
sts,ind_Latn,11617,▁Michael,2,0.06777364
sts,ind_Latn,11663,55,1,0.03388682
sts,ind_Latn,11729,▁taj,1,0.03388682
sts,ind_Latn,11761,▁doktor,1,0.03388682
sts,ind_Latn,11775,▁penting,1,0.03388682
sts,ind_Latn,11782,▁call,1,0.03388682
sts,ind_Latn,11835,76,1,0.03388682
sts,ind_Latn,11903,▁meter,1,0.03388682
sts,ind_Latn,11932,▁malam,1,0.03388682
sts,ind_Latn,12034,▁bahan,1,0.03388682
sts,ind_Latn,12044,▁Ia,1,0.03388682
sts,ind_Latn,12112,▁benar,1,0.03388682
sts,ind_Latn,12156,▁kedua,1,0.03388682
sts,ind_Latn,12175,ilu,1,0.03388682
sts,ind_Latn,12188,▁memberi,1,0.03388682
sts,ind_Latn,12196,gri,1,0.03388682
sts,ind_Latn,12230,mah,1,0.03388682
sts,ind_Latn,12231,92,1,0.03388682
sts,ind_Latn,12351,AD,1,0.03388682
sts,ind_Latn,12388,▁Namun,1,0.03388682
sts,ind_Latn,12453,▁2012.,1,0.03388682
sts,ind_Latn,12511,▁28.,1,0.03388682
sts,ind_Latn,12620,back,1,0.03388682
sts,ind_Latn,12719,▁20%,1,0.03388682
sts,ind_Latn,12753,▁termasuk,3,0.10166045
sts,ind_Latn,12772,88,1,0.03388682
sts,ind_Latn,12807,2%,1,0.03388682
sts,ind_Latn,12846,mbra,1,0.03388682
sts,ind_Latn,12915,sir,1,0.03388682
sts,ind_Latn,12969,▁Mir,1,0.03388682
sts,ind_Latn,12988,/10,2,0.06777364
sts,ind_Latn,13001,nike,1,0.03388682
sts,ind_Latn,13015,▁Hon,1,0.03388682
sts,ind_Latn,13025,He,1,0.03388682
sts,ind_Latn,13057,▁mera,1,0.03388682
sts,ind_Latn,13102,▁juba,1,0.03388682
sts,ind_Latn,13156,▁Sara,1,0.03388682
sts,ind_Latn,13157,▁mampu,3,0.10166045
sts,ind_Latn,13280,▁usa,1,0.03388682
sts,ind_Latn,13330,47,1,0.03388682
sts,ind_Latn,13384,dt,1,0.03388682
sts,ind_Latn,13455,▁guru,1,0.03388682
sts,ind_Latn,13498,▁Pos,1,0.03388682
sts,ind_Latn,13501,▁1989,1,0.03388682
sts,ind_Latn,13566,bles,1,0.03388682
sts,ind_Latn,13593,burg,1,0.03388682
sts,ind_Latn,13644,bau,2,0.06777364
sts,ind_Latn,13672,▁apabila,1,0.03388682
sts,ind_Latn,13683,56,1,0.03388682
sts,ind_Latn,13817,ello,1,0.03388682
sts,ind_Latn,13878,▁berbagai,2,0.06777364
sts,ind_Latn,13892,▁Mel,1,0.03388682
sts,ind_Latn,14098,▁United,2,0.06777364
sts,ind_Latn,14169,▁menga,2,0.06777364
sts,ind_Latn,14201,anga,4,0.13554727
sts,ind_Latn,14319,▁sedikit,1,0.03388682
sts,ind_Latn,14421,▁berada,2,0.06777364
sts,ind_Latn,14426,avo,1,0.03388682
sts,ind_Latn,14449,▁family,1,0.03388682
sts,ind_Latn,14490,▁seluruh,1,0.03388682
sts,ind_Latn,14520,yam,3,0.10166045
sts,ind_Latn,14631,▁James,2,0.06777364
sts,ind_Latn,14773,97,1,0.03388682
sts,ind_Latn,14775,wing,2,0.06777364
sts,ind_Latn,14819,▁97,1,0.03388682
sts,ind_Latn,14832,bha,1,0.03388682
sts,ind_Latn,14926,▁studi,1,0.03388682
sts,ind_Latn,14952,uran,1,0.03388682
sts,ind_Latn,15054,▁mati,1,0.03388682
sts,ind_Latn,15124,▁74,1,0.03388682
sts,ind_Latn,15127,▁Yu,1,0.03388682
sts,ind_Latn,15128,700,1,0.03388682
sts,ind_Latn,15161,▁FC,1,0.03388682
sts,ind_Latn,15210,kum,1,0.03388682
sts,ind_Latn,15288,hun,1,0.03388682
sts,ind_Latn,15374,▁keluarga,2,0.06777364
sts,ind_Latn,15465,▁semakin,1,0.03388682
sts,ind_Latn,15643,▁1980,1,0.03388682
sts,ind_Latn,15706,▁tiga,3,0.10166045
sts,ind_Latn,15748,63,1,0.03388682
sts,ind_Latn,15797,▁Selain,1,0.03388682
sts,ind_Latn,15838,▁mendapat,1,0.03388682
sts,ind_Latn,15918,▁musik,1,0.03388682
sts,ind_Latn,15986,▁diren,1,0.03388682
sts,ind_Latn,16016,▁negeri,1,0.03388682
sts,ind_Latn,16064,▁94,1,0.03388682
sts,ind_Latn,16249,-14,1,0.03388682
sts,ind_Latn,16298,omba,2,0.06777364
sts,ind_Latn,16312,BI,1,0.03388682
sts,ind_Latn,16352,▁basa,2,0.06777364
sts,ind_Latn,16397,▁sekitar,2,0.06777364
sts,ind_Latn,16441,▁mele,1,0.03388682
sts,ind_Latn,16530,▁box,1,0.03388682
sts,ind_Latn,16551,▁Dunia,2,0.06777364
sts,ind_Latn,16639,▁bahasa,2,0.06777364
sts,ind_Latn,17149,▁Aga,2,0.06777364
sts,ind_Latn,17562,gres,1,0.03388682
sts,ind_Latn,17570,▁Maj,1,0.03388682
sts,ind_Latn,17580,▁terdapat,1,0.03388682
sts,ind_Latn,17603,ndar,1,0.03388682
sts,ind_Latn,17643,bun,1,0.03388682
sts,ind_Latn,17668,rma,1,0.03388682
sts,ind_Latn,17678,more,1,0.03388682
sts,ind_Latn,17713,KI,2,0.06777364
sts,ind_Latn,17909,▁bentuk,1,0.03388682
sts,ind_Latn,18070,iks,1,0.03388682
sts,ind_Latn,18146,▁Oktober,1,0.03388682
sts,ind_Latn,18218,▁Jakarta,6,0.20332091
sts,ind_Latn,18326,▁agama,2,0.06777364
sts,ind_Latn,18404,jah,1,0.03388682
sts,ind_Latn,18530,▁Hij,1,0.03388682
sts,ind_Latn,18573,▁hukum,1,0.03388682
sts,ind_Latn,18707,▁terbaik,1,0.03388682
sts,ind_Latn,18773,▁rata,2,0.06777364
sts,ind_Latn,18840,▁juta,5,0.16943409
sts,ind_Latn,18847,▁Mereka,2,0.06777364
sts,ind_Latn,18926,laki,2,0.06777364
sts,ind_Latn,18949,89,2,0.06777364
sts,ind_Latn,19055,▁Time,1,0.03388682
sts,ind_Latn,19129,landi,1,0.03388682
sts,ind_Latn,19143,▁Menteri,1,0.03388682
sts,ind_Latn,19158,▁awal,1,0.03388682
sts,ind_Latn,19171,▁berikut,1,0.03388682
sts,ind_Latn,19175,▁League,1,0.03388682
sts,ind_Latn,19220,▁diper,3,0.10166045
sts,ind_Latn,19259,▁perempuan,3,0.10166045
sts,ind_Latn,19287,wala,1,0.03388682
sts,ind_Latn,19497,▁pilihan,1,0.03388682
sts,ind_Latn,19500,▁kaki,2,0.06777364
sts,ind_Latn,19579,▁Jul,1,0.03388682
sts,ind_Latn,19598,▁Negeri,2,0.06777364
sts,ind_Latn,19748,▁Setelah,4,0.13554727
sts,ind_Latn,19784,▁dito,1,0.03388682
sts,ind_Latn,19836,▁jumlah,5,0.16943409
sts,ind_Latn,19943,▁Set,1,0.03388682
sts,ind_Latn,19983,▁puta,2,0.06777364
sts,ind_Latn,20140,▁menerima,2,0.06777364
sts,ind_Latn,20167,dang,3,0.10166045
sts,ind_Latn,20208,▁Baba,3,0.10166045
sts,ind_Latn,20229,▁Orang,2,0.06777364
sts,ind_Latn,20301,ikat,1,0.03388682
sts,ind_Latn,20461,▁audi,1,0.03388682
sts,ind_Latn,20503,RT,1,0.03388682
sts,ind_Latn,20536,▁umum,1,0.03388682
sts,ind_Latn,20553,▁kota,5,0.16943409
sts,ind_Latn,20741,▁sejak,1,0.03388682
sts,ind_Latn,20756,eo,2,0.06777364
sts,ind_Latn,20816,siden,1,0.03388682
sts,ind_Latn,20890,▁Samo,1,0.03388682
sts,ind_Latn,21045,lima,1,0.03388682
sts,ind_Latn,21078,▁sukses,1,0.03388682
sts,ind_Latn,21326,dara,1,0.03388682
sts,ind_Latn,21410,▁Kota,4,0.13554727
sts,ind_Latn,21413,▁Gam,1,0.03388682
sts,ind_Latn,21473,opera,1,0.03388682
sts,ind_Latn,21482,▁teman,1,0.03388682
sts,ind_Latn,21618,▁Bala,1,0.03388682
sts,ind_Latn,21621,▁Kö,2,0.06777364
sts,ind_Latn,21657,▁dona,2,0.06777364
sts,ind_Latn,21672,▁Last,1,0.03388682
sts,ind_Latn,21759,▁mengalami,1,0.03388682
sts,ind_Latn,21816,ars,1,0.03388682
sts,ind_Latn,21855,▁FM,1,0.03388682
sts,ind_Latn,21896,cing,1,0.03388682
sts,ind_Latn,21951,▁Jalan,1,0.03388682
sts,ind_Latn,22054,▁Grup,1,0.03388682
sts,ind_Latn,22112,▁membawa,2,0.06777364
sts,ind_Latn,22501,▁Baru,1,0.03388682
sts,ind_Latn,22662,pta,1,0.03388682
sts,ind_Latn,22851,sien,1,0.03388682
sts,ind_Latn,22895,skan,1,0.03388682
sts,ind_Latn,22916,SD,1,0.03388682
sts,ind_Latn,22986,▁Sang,1,0.03388682
sts,ind_Latn,23007,▁laki,2,0.06777364
sts,ind_Latn,23046,dru,1,0.03388682
sts,ind_Latn,23179,▁office,1,0.03388682
sts,ind_Latn,23195,▁warna,1,0.03388682
sts,ind_Latn,23213,▁Mary,1,0.03388682
sts,ind_Latn,23274,rmi,1,0.03388682
sts,ind_Latn,23318,▁turun,1,0.03388682
sts,ind_Latn,23389,It,1,0.03388682
sts,ind_Latn,23464,▁warga,1,0.03388682
sts,ind_Latn,23565,▁kuat,1,0.03388682
sts,ind_Latn,23643,▁Antonio,1,0.03388682
sts,ind_Latn,23658,TP,2,0.06777364
sts,ind_Latn,23924,▁North,1,0.03388682
sts,ind_Latn,23975,▁permainan,1,0.03388682
sts,ind_Latn,23995,▁biasanya,1,0.03388682
sts,ind_Latn,24043,▁empat,2,0.06777364
sts,ind_Latn,24211,▁Shop,1,0.03388682
sts,ind_Latn,24344,▁Dur,1,0.03388682
sts,ind_Latn,24453,▁East,1,0.03388682
sts,ind_Latn,24582,▁Politik,1,0.03388682
sts,ind_Latn,24635,"▁2015,",1,0.03388682
sts,ind_Latn,24913,▁dibuat,1,0.03388682
sts,ind_Latn,24996,▁laut,1,0.03388682
sts,ind_Latn,25066,▁Fly,2,0.06777364
sts,ind_Latn,25132,▁Special,1,0.03388682
sts,ind_Latn,25227,▁pemain,1,0.03388682
sts,ind_Latn,25262,ografi,3,0.10166045
sts,ind_Latn,25281,▁penga,1,0.03388682
sts,ind_Latn,25375,▁akhirnya,1,0.03388682
sts,ind_Latn,25396,▁pagi,1,0.03388682
sts,ind_Latn,25497,▁Lin,1,0.03388682
sts,ind_Latn,25500,tain,1,0.03388682
sts,ind_Latn,25560,▁komun,2,0.06777364
sts,ind_Latn,25740,RC,1,0.03388682
sts,ind_Latn,25752,awan,1,0.03388682
sts,ind_Latn,25765,▁Rp,3,0.10166045
sts,ind_Latn,25770,▁memilih,1,0.03388682
sts,ind_Latn,25906,▁desa,3,0.10166045
sts,ind_Latn,25908,▁Zen,2,0.06777364
sts,ind_Latn,25941,▁Youtube,1,0.03388682
sts,ind_Latn,26219,▁Face,1,0.03388682
sts,ind_Latn,26320,▁Korea,1,0.03388682
sts,ind_Latn,26530,▁Spe,1,0.03388682
sts,ind_Latn,26554,▁bermain,2,0.06777364
sts,ind_Latn,26850,dura,1,0.03388682
sts,ind_Latn,26881,▁anggota,1,0.03388682
sts,ind_Latn,26930,▁dekat,1,0.03388682
sts,ind_Latn,26932,rich,1,0.03388682
sts,ind_Latn,26951,Ru,1,0.03388682
sts,ind_Latn,27179,▁infrastruktur,1,0.03388682
sts,ind_Latn,27201,dian,2,0.06777364
sts,ind_Latn,27210,▁Menurut,4,0.13554727
sts,ind_Latn,27214,▁mesti,1,0.03388682
sts,ind_Latn,27259,▁akhir,4,0.13554727
sts,ind_Latn,27398,"▁3,5",1,0.03388682
sts,ind_Latn,27481,▁skor,3,0.10166045
sts,ind_Latn,27583,▁DNA,2,0.06777364
sts,ind_Latn,27591,Fo,2,0.06777364
sts,ind_Latn,27607,benar,1,0.03388682
sts,ind_Latn,27623,▁popula,1,0.03388682
sts,ind_Latn,27633,kamp,1,0.03388682
sts,ind_Latn,27637,▁Pana,1,0.03388682
sts,ind_Latn,27723,▁adanya,1,0.03388682
sts,ind_Latn,27934,rahan,1,0.03388682
sts,ind_Latn,28073,▁panjang,1,0.03388682
sts,ind_Latn,28277,▁tingkat,1,0.03388682
sts,ind_Latn,28284,bata,3,0.10166045
sts,ind_Latn,28441,▁Komp,1,0.03388682
sts,ind_Latn,28472,▁Lagu,2,0.06777364
sts,ind_Latn,28916,▁asal,2,0.06777364
sts,ind_Latn,28967,elis,1,0.03388682
sts,ind_Latn,29557,4),1,0.03388682
sts,ind_Latn,29728,▁muncul,1,0.03388682
sts,ind_Latn,29733,▁1973,1,0.03388682
sts,ind_Latn,30041,▁inci,1,0.03388682
sts,ind_Latn,30133,▁ikut,1,0.03388682
sts,ind_Latn,30267,▁Kang,2,0.06777364
sts,ind_Latn,30290,▁tanggal,1,0.03388682
sts,ind_Latn,30420,▁kiri,1,0.03388682
sts,ind_Latn,30575,▁Story,1,0.03388682
sts,ind_Latn,30581,▁aktif,1,0.03388682
sts,ind_Latn,30860,▁tiba,1,0.03388682
sts,ind_Latn,31100,▁1948,1,0.03388682
sts,ind_Latn,31182,tier,1,0.03388682
sts,ind_Latn,31457,▁mencapai,3,0.10166045
sts,ind_Latn,31519,cana,1,0.03388682
sts,ind_Latn,31530,▁sebanyak,5,0.16943409
sts,ind_Latn,32158,▁1971,1,0.03388682
sts,ind_Latn,32171,arkan,1,0.03388682
sts,ind_Latn,32487,▁Stand,1,0.03388682
sts,ind_Latn,32490,▁pem,1,0.03388682
sts,ind_Latn,32528,▁Union,1,0.03388682
sts,ind_Latn,32553,▁Solo,1,0.03388682
sts,ind_Latn,32583,▁pemerintah,1,0.03388682
sts,ind_Latn,32588,▁suku,1,0.03388682
sts,ind_Latn,32628,▁space,1,0.03388682
sts,ind_Latn,32754,▁perjalanan,1,0.03388682
sts,ind_Latn,33068,▁Bandar,1,0.03388682
sts,ind_Latn,33485,Nya,2,0.06777364
sts,ind_Latn,33670,▁adat,1,0.03388682
sts,ind_Latn,33672,▁Bull,4,0.13554727
sts,ind_Latn,33695,▁Sele,1,0.03388682
sts,ind_Latn,33788,▁berdasarkan,4,0.13554727
sts,ind_Latn,33867,▁Total,2,0.06777364
sts,ind_Latn,33949,▁terminal,1,0.03388682
sts,ind_Latn,33974,▁Ketika,2,0.06777364
sts,ind_Latn,34017,▁terlihat,1,0.03388682
sts,ind_Latn,34170,▁Argentina,1,0.03388682
sts,ind_Latn,34224,temp,1,0.03388682
sts,ind_Latn,34440,PN,1,0.03388682
sts,ind_Latn,34471,▁percaya,1,0.03388682
sts,ind_Latn,34740,polis,1,0.03388682
sts,ind_Latn,34915,ngga,1,0.03388682
sts,ind_Latn,35146,▁Sekolah,3,0.10166045
sts,ind_Latn,35173,▁Nya,1,0.03388682
sts,ind_Latn,35285,▁Banyak,1,0.03388682
sts,ind_Latn,35361,▁Barat,2,0.06777364
sts,ind_Latn,35434,▁Zum,1,0.03388682
sts,ind_Latn,35505,▁baga,1,0.03388682
sts,ind_Latn,35565,saka,2,0.06777364
sts,ind_Latn,35588,▁wilayah,4,0.13554727
sts,ind_Latn,35627,▁rai,1,0.03388682
sts,ind_Latn,35639,▁menit,5,0.16943409
sts,ind_Latn,35731,angka,1,0.03388682
sts,ind_Latn,36102,▁1963,1,0.03388682
sts,ind_Latn,36130,▁bebas,1,0.03388682
sts,ind_Latn,36155,waan,1,0.03388682
sts,ind_Latn,36404,"▁2010,",1,0.03388682
sts,ind_Latn,36453,▁Tetapi,1,0.03388682
sts,ind_Latn,36534,▁ayam,1,0.03388682
sts,ind_Latn,36673,▁posisi,2,0.06777364
sts,ind_Latn,36685,▁resmi,1,0.03388682
sts,ind_Latn,36907,ilah,1,0.03388682
sts,ind_Latn,36945,▁Nasional,3,0.10166045
sts,ind_Latn,37311,▁Raya,1,0.03388682
sts,ind_Latn,37411,▁akibat,2,0.06777364
sts,ind_Latn,37578,▁diploma,1,0.03388682
sts,ind_Latn,37664,raan,1,0.03388682
sts,ind_Latn,37700,▁Smith,1,0.03388682
sts,ind_Latn,37719,▁1942,1,0.03388682
sts,ind_Latn,37771,"▁2009,",1,0.03388682
sts,ind_Latn,37812,▁menyatakan,1,0.03388682
sts,ind_Latn,38089,▁mengikuti,1,0.03388682
sts,ind_Latn,38101,BR,1,0.03388682
sts,ind_Latn,38127,▁arah,2,0.06777364
sts,ind_Latn,38131,HS,1,0.03388682
sts,ind_Latn,38174,▁mema,2,0.06777364
sts,ind_Latn,38230,360,1,0.03388682
sts,ind_Latn,38265,▁persi,1,0.03388682
sts,ind_Latn,38304,sikan,2,0.06777364
sts,ind_Latn,38354,▁Kerajaan,1,0.03388682
sts,ind_Latn,38555,endur,1,0.03388682
sts,ind_Latn,38699,▁Flo,1,0.03388682
sts,ind_Latn,38774,▁(30,1,0.03388682
sts,ind_Latn,38786,▁ling,1,0.03388682
sts,ind_Latn,39019,kati,1,0.03388682
sts,ind_Latn,39087,▁Dem,3,0.10166045
sts,ind_Latn,39684,▁Pendidikan,3,0.10166045
sts,ind_Latn,39752,▁menang,1,0.03388682
sts,ind_Latn,40024,▁Arena,1,0.03388682
sts,ind_Latn,40180,▁Batu,2,0.06777364
sts,ind_Latn,40207,▁Joe,1,0.03388682
sts,ind_Latn,40387,▁kek,1,0.03388682
sts,ind_Latn,40469,▁Who,2,0.06777364
sts,ind_Latn,40550,▁Mall,1,0.03388682
sts,ind_Latn,40596,▁Mati,1,0.03388682
sts,ind_Latn,40847,dangan,2,0.06777364
sts,ind_Latn,41089,▁Tol,2,0.06777364
sts,ind_Latn,41225,bantu,1,0.03388682
sts,ind_Latn,41510,▁umat,1,0.03388682
sts,ind_Latn,41527,rman,1,0.03388682
sts,ind_Latn,41639,▁usia,1,0.03388682
sts,ind_Latn,41704,▁Januari,2,0.06777364
sts,ind_Latn,41810,▁gim,1,0.03388682
sts,ind_Latn,42011,dung,1,0.03388682
sts,ind_Latn,42081,uddin,1,0.03388682
sts,ind_Latn,42137,▁kebutuhan,1,0.03388682
sts,ind_Latn,42283,▁peluang,1,0.03388682
sts,ind_Latn,42312,grafi,1,0.03388682
sts,ind_Latn,42605,takan,2,0.06777364
sts,ind_Latn,42651,▁penduduk,14,0.47441545
sts,ind_Latn,42797,OLA,1,0.03388682
sts,ind_Latn,43246,▁Hanya,1,0.03388682
sts,ind_Latn,43256,ndang,3,0.10166045
sts,ind_Latn,43288,▁kampung,1,0.03388682
sts,ind_Latn,43340,▁Ronaldo,1,0.03388682
sts,ind_Latn,43420,▁menyediakan,1,0.03388682
sts,ind_Latn,43465,▁berupa,1,0.03388682
sts,ind_Latn,43486,SV,1,0.03388682
sts,ind_Latn,43531,▁Pang,1,0.03388682
sts,ind_Latn,43563,▁Turki,1,0.03388682
sts,ind_Latn,43597,▁Pusat,1,0.03388682
sts,ind_Latn,43609,▁Single,1,0.03388682
sts,ind_Latn,43943,ody,1,0.03388682
sts,ind_Latn,44109,▁Queen,1,0.03388682
sts,ind_Latn,44130,▁pesa,1,0.03388682
sts,ind_Latn,44208,▁Desa,8,0.27109454
sts,ind_Latn,44223,▁pasukan,1,0.03388682
sts,ind_Latn,44704,▁Gent,1,0.03388682
sts,ind_Latn,44791,"▁4,5",1,0.03388682
sts,ind_Latn,44877,▁perkembangan,2,0.06777364
sts,ind_Latn,44965,▁Edition,1,0.03388682
sts,ind_Latn,45210,▁mall,1,0.03388682
sts,ind_Latn,45211,sman,1,0.03388682
sts,ind_Latn,45227,▁GmbH,2,0.06777364
sts,ind_Latn,45378,▁Serie,1,0.03388682
sts,ind_Latn,45467,▁Daerah,1,0.03388682
sts,ind_Latn,45512,▁Kem,1,0.03388682
sts,ind_Latn,45862,ifu,1,0.03388682
sts,ind_Latn,45928,▁musim,4,0.13554727
sts,ind_Latn,46037,▁Rot,2,0.06777364
sts,ind_Latn,46131,▁senang,1,0.03388682
sts,ind_Latn,46380,▁terdiri,1,0.03388682
sts,ind_Latn,46728,▁pembe,3,0.10166045
sts,ind_Latn,46730,▁2003.,1,0.03388682
sts,ind_Latn,46964,▁Kep,2,0.06777364
sts,ind_Latn,47090,ilis,3,0.10166045
sts,ind_Latn,47255,▁udara,1,0.03388682
sts,ind_Latn,47284,tahan,1,0.03388682
sts,ind_Latn,47386,PK,2,0.06777364
sts,ind_Latn,47408,▁klip,1,0.03388682
sts,ind_Latn,47592,▁Timur,1,0.03388682
sts,ind_Latn,47704,stadt,1,0.03388682
sts,ind_Latn,47893,▁tera,1,0.03388682
sts,ind_Latn,47964,▁145,1,0.03388682
sts,ind_Latn,48256,▁kursi,1,0.03388682
sts,ind_Latn,48733,▁1.4,1,0.03388682
sts,ind_Latn,48740,umbu,1,0.03388682
sts,ind_Latn,48741,▁hitam,2,0.06777364
sts,ind_Latn,48786,▁pakaian,3,0.10166045
sts,ind_Latn,48804,▁Norte,2,0.06777364
sts,ind_Latn,48948,▁guy,1,0.03388682
sts,ind_Latn,48958,urat,2,0.06777364
sts,ind_Latn,49191,▁Jay,1,0.03388682
sts,ind_Latn,49553,▁Luk,1,0.03388682
sts,ind_Latn,49658,▁luas,3,0.10166045
sts,ind_Latn,49811,▁tiket,1,0.03388682
sts,ind_Latn,49900,▁terletak,1,0.03388682
sts,ind_Latn,49919,defini,1,0.03388682
sts,ind_Latn,49953,▁Major,3,0.10166045
sts,ind_Latn,49967,basa,1,0.03388682
sts,ind_Latn,50263,▁Kabupaten,1,0.03388682
sts,ind_Latn,50642,▁selesai,1,0.03388682
sts,ind_Latn,50651,▁heli,1,0.03388682
sts,ind_Latn,51261,▁minum,1,0.03388682
sts,ind_Latn,51428,▁dite,2,0.06777364
sts,ind_Latn,51511,▁kasus,1,0.03388682
sts,ind_Latn,51570,▁pribadi,1,0.03388682
sts,ind_Latn,51651,▁Rome,1,0.03388682
sts,ind_Latn,51748,▁1.6,1,0.03388682
sts,ind_Latn,51969,laku,2,0.06777364
sts,ind_Latn,51980,FO,1,0.03388682
sts,ind_Latn,52066,▁dipun,1,0.03388682
sts,ind_Latn,52572,▁berasal,1,0.03388682
sts,ind_Latn,52818,▁Wala,1,0.03388682
sts,ind_Latn,53038,ceri,1,0.03388682
sts,ind_Latn,53995,▁memakai,1,0.03388682
sts,ind_Latn,54141,▁klase,1,0.03388682
sts,ind_Latn,54193,▁hendak,1,0.03388682
sts,ind_Latn,54320,garan,1,0.03388682
sts,ind_Latn,54327,▁Piala,1,0.03388682
sts,ind_Latn,54870,▁puc,1,0.03388682
sts,ind_Latn,54951,▁berba,1,0.03388682
sts,ind_Latn,54965,▁ikan,1,0.03388682
sts,ind_Latn,55544,nton,1,0.03388682
sts,ind_Latn,55578,▁Him,1,0.03388682
sts,ind_Latn,55885,▁BP,1,0.03388682
sts,ind_Latn,55915,▁diadakan,2,0.06777364
sts,ind_Latn,55973,▁sedangkan,1,0.03388682
sts,ind_Latn,56160,parta,1,0.03388682
sts,ind_Latn,56208,gatan,1,0.03388682
sts,ind_Latn,57309,▁Persi,2,0.06777364
sts,ind_Latn,57407,▁Pata,1,0.03388682
sts,ind_Latn,57501,▁Kevin,1,0.03388682
sts,ind_Latn,57757,mora,1,0.03388682
sts,ind_Latn,57802,negara,1,0.03388682
sts,ind_Latn,57821,ndosi,1,0.03388682
sts,ind_Latn,57949,jua,1,0.03388682
sts,ind_Latn,58182,▁luka,1,0.03388682
sts,ind_Latn,58595,▁Brad,1,0.03388682
sts,ind_Latn,58613,▁melaksanakan,1,0.03388682
sts,ind_Latn,58874,▁bulu,1,0.03388682
sts,ind_Latn,59188,▁Pemerintah,2,0.06777364
sts,ind_Latn,59199,▁Kedua,2,0.06777364
sts,ind_Latn,59666,koha,1,0.03388682
sts,ind_Latn,59808,▁Usta,1,0.03388682
sts,ind_Latn,60101,▁Ota,1,0.03388682
sts,ind_Latn,60243,sula,1,0.03388682
sts,ind_Latn,60942,▁telur,1,0.03388682
sts,ind_Latn,60978,16),1,0.03388682
sts,ind_Latn,61049,▁Rasa,1,0.03388682
sts,ind_Latn,61178,puluh,2,0.06777364
sts,ind_Latn,61240,▁Girls,1,0.03388682
sts,ind_Latn,61283,▁Selatan,2,0.06777364
sts,ind_Latn,61316,▁Inilah,1,0.03388682
sts,ind_Latn,61352,▁kuning,3,0.10166045
sts,ind_Latn,61593,▁Pertama,1,0.03388682
sts,ind_Latn,61830,duga,1,0.03388682
sts,ind_Latn,62244,▁abad,1,0.03388682
sts,ind_Latn,62439,▁pertandingan,2,0.06777364
sts,ind_Latn,62583,peng,1,0.03388682
sts,ind_Latn,62770,▁Juri,1,0.03388682
sts,ind_Latn,62776,iyah,1,0.03388682
sts,ind_Latn,62844,▁koe,1,0.03388682
sts,ind_Latn,62886,▁sebesar,4,0.13554727
sts,ind_Latn,62903,▁Academy,1,0.03388682
sts,ind_Latn,63010,▁Jepang,2,0.06777364
sts,ind_Latn,63163,▁masjid,2,0.06777364
sts,ind_Latn,63355,haru,1,0.03388682
sts,ind_Latn,63406,angkat,1,0.03388682
sts,ind_Latn,63708,▁4.2,1,0.03388682
sts,ind_Latn,63817,▁ayah,1,0.03388682
sts,ind_Latn,64205,▁Haji,1,0.03388682
sts,ind_Latn,64232,hok,1,0.03388682
sts,ind_Latn,64433,▁Hasil,1,0.03388682
sts,ind_Latn,64943,▁sensu,3,0.10166045
sts,ind_Latn,65030,pino,2,0.06777364
sts,ind_Latn,65043,▁ruku,2,0.06777364
sts,ind_Latn,65262,▁membutuhkan,1,0.03388682
sts,ind_Latn,65513,▁seara,1,0.03388682
sts,ind_Latn,65534,▁Sedangkan,2,0.06777364
sts,ind_Latn,65605,▁komik,1,0.03388682
sts,ind_Latn,65811,▁bernama,3,0.10166045
sts,ind_Latn,65906,▁produksi,2,0.06777364
sts,ind_Latn,66007,▁1905,1,0.03388682
sts,ind_Latn,66038,▁rating,4,0.13554727
sts,ind_Latn,67690,▁jiwa,10,0.33886818
sts,ind_Latn,68131,domin,1,0.03388682
sts,ind_Latn,68220,▁Collection,1,0.03388682
sts,ind_Latn,68852,▁Desember,1,0.03388682
sts,ind_Latn,69309,▁berwarna,2,0.06777364
sts,ind_Latn,69325,▁berdiri,1,0.03388682
sts,ind_Latn,69376,ō,1,0.03388682
sts,ind_Latn,69438,cian,2,0.06777364
sts,ind_Latn,69778,▁Malik,2,0.06777364
sts,ind_Latn,70478,▁angka,4,0.13554727
sts,ind_Latn,70628,prov,1,0.03388682
sts,ind_Latn,70637,sep,1,0.03388682
sts,ind_Latn,70657,empat,2,0.06777364
sts,ind_Latn,70687,istri,1,0.03388682
sts,ind_Latn,70909,▁sekaligus,1,0.03388682
sts,ind_Latn,71197,▁berusia,1,0.03388682
sts,ind_Latn,72320,▁meningkat,2,0.06777364
sts,ind_Latn,72430,▁bersifat,1,0.03388682
sts,ind_Latn,73011,2.0,1,0.03388682
sts,ind_Latn,73412,▁Barri,1,0.03388682
sts,ind_Latn,73442,▁Agama,2,0.06777364
sts,ind_Latn,73684,▁tumbuh,1,0.03388682
sts,ind_Latn,73777,▁hujan,1,0.03388682
sts,ind_Latn,73858,▁(2014),1,0.03388682
sts,ind_Latn,74066,▁sentral,1,0.03388682
sts,ind_Latn,74222,▁pemilik,1,0.03388682
sts,ind_Latn,74319,▁tanaman,1,0.03388682
sts,ind_Latn,74547,▁dipakai,1,0.03388682
sts,ind_Latn,74548,▁Km,1,0.03388682
sts,ind_Latn,74650,▁Rex,1,0.03388682
sts,ind_Latn,74663,▁Suma,2,0.06777364
sts,ind_Latn,75359,▁Hope,2,0.06777364
sts,ind_Latn,75374,▁Sumber,1,0.03388682
sts,ind_Latn,75385,▁Kepala,1,0.03388682
sts,ind_Latn,75716,▁Utara,7,0.23720773
sts,ind_Latn,75876,sulta,1,0.03388682
sts,ind_Latn,75921,▁Skor,1,0.03388682
sts,ind_Latn,76111,▁gerakan,1,0.03388682
sts,ind_Latn,76278,▁Divi,1,0.03388682
sts,ind_Latn,76384,▁Kristen,1,0.03388682
sts,ind_Latn,76567,▁Pasal,1,0.03388682
sts,ind_Latn,76681,melt,1,0.03388682
sts,ind_Latn,76939,▁namanya,1,0.03388682
sts,ind_Latn,77362,▁Undang,2,0.06777364
sts,ind_Latn,78292,check,1,0.03388682
sts,ind_Latn,78605,▁tersi,1,0.03388682
sts,ind_Latn,78691,RW,1,0.03388682
sts,ind_Latn,78807,luas,3,0.10166045
sts,ind_Latn,79197,▁temper,1,0.03388682
sts,ind_Latn,80128,▁pence,1,0.03388682
sts,ind_Latn,80279,▁mendukung,2,0.06777364
sts,ind_Latn,80434,▁batas,1,0.03388682
sts,ind_Latn,80806,▁Konstitu,1,0.03388682
sts,ind_Latn,81225,▁2017),1,0.03388682
sts,ind_Latn,81401,▁serangan,1,0.03388682
sts,ind_Latn,81689,▁karbon,1,0.03388682
sts,ind_Latn,82021,▁kematian,1,0.03388682
sts,ind_Latn,82447,▁partai,1,0.03388682
sts,ind_Latn,82676,▁memandang,1,0.03388682
sts,ind_Latn,82925,moli,1,0.03388682
sts,ind_Latn,84136,▁Level,1,0.03388682
sts,ind_Latn,84273,▁tuan,1,0.03388682
sts,ind_Latn,84415,▁Kend,1,0.03388682
sts,ind_Latn,84422,▁bura,1,0.03388682
sts,ind_Latn,84540,▁Kare,1,0.03388682
sts,ind_Latn,84597,▁Surabaya,1,0.03388682
sts,ind_Latn,86686,▁Marvel,2,0.06777364
sts,ind_Latn,87277,▁Agustus,1,0.03388682
sts,ind_Latn,87482,situ,1,0.03388682
sts,ind_Latn,87597,▁melawan,1,0.03388682
sts,ind_Latn,88010,▁feno,2,0.06777364
sts,ind_Latn,88543,▁internasional,1,0.03388682
sts,ind_Latn,88797,▁Hakim,1,0.03388682
sts,ind_Latn,88856,lulu,1,0.03388682
sts,ind_Latn,88978,▁Dinas,1,0.03388682
sts,ind_Latn,89213,▁menciptakan,1,0.03388682
sts,ind_Latn,89383,▁Schwarz,1,0.03388682
sts,ind_Latn,90187,▁mengubah,1,0.03388682
sts,ind_Latn,90377,▁upaya,2,0.06777364
sts,ind_Latn,91843,▁pendek,1,0.03388682
sts,ind_Latn,92009,▁Wad,1,0.03388682
sts,ind_Latn,92034,▁Maret,2,0.06777364
sts,ind_Latn,92214,▁pengunjung,2,0.06777364
sts,ind_Latn,92706,▁Belanda,2,0.06777364
sts,ind_Latn,93712,"1,000",1,0.03388682
sts,ind_Latn,93951,▁Indo,2,0.06777364
sts,ind_Latn,94106,▁pendapatan,2,0.06777364
sts,ind_Latn,94127,▁artinya,1,0.03388682
sts,ind_Latn,94276,▁hijau,2,0.06777364
sts,ind_Latn,94574,▁36.,1,0.03388682
sts,ind_Latn,94674,▁Hamilton,1,0.03388682
sts,ind_Latn,95460,▁mengga,1,0.03388682
sts,ind_Latn,95860,dane,1,0.03388682
sts,ind_Latn,95932,▁Glen,1,0.03388682
sts,ind_Latn,96085,▁Cristiano,1,0.03388682
sts,ind_Latn,96182,▁ditetapkan,1,0.03388682
sts,ind_Latn,96991,erima,1,0.03388682
sts,ind_Latn,97024,111,1,0.03388682
sts,ind_Latn,97067,cabang,2,0.06777364
sts,ind_Latn,97136,saran,1,0.03388682
sts,ind_Latn,97273,▁proyek,1,0.03388682
sts,ind_Latn,97374,▁Universitas,2,0.06777364
sts,ind_Latn,97930,▁Dasar,2,0.06777364
sts,ind_Latn,98135,▁Kasi,1,0.03388682
sts,ind_Latn,98321,▁Bisnis,1,0.03388682
sts,ind_Latn,98652,▁Aceh,2,0.06777364
sts,ind_Latn,98790,lapan,2,0.06777364
sts,ind_Latn,99047,▁Gad,1,0.03388682
sts,ind_Latn,99396,▁layar,1,0.03388682
sts,ind_Latn,99420,▁1.9,1,0.03388682
sts,ind_Latn,99522,▁bulat,1,0.03388682
sts,ind_Latn,99688,▁meraih,1,0.03388682
sts,ind_Latn,100196,▁Gunung,1,0.03388682
sts,ind_Latn,100404,▁Agung,2,0.06777364
sts,ind_Latn,100501,▁melanjutkan,1,0.03388682
sts,ind_Latn,101013,▁Mahkamah,1,0.03388682
sts,ind_Latn,101487,peda,1,0.03388682
sts,ind_Latn,102638,▁Laga,1,0.03388682
sts,ind_Latn,102834,▁Marcus,1,0.03388682
sts,ind_Latn,103474,▁Berdasarkan,2,0.06777364
sts,ind_Latn,103844,"▁2001,",3,0.10166045
sts,ind_Latn,104141,riba,2,0.06777364
sts,ind_Latn,104209,▁sejuk,1,0.03388682
sts,ind_Latn,104610,▁Mayor,3,0.10166045
sts,ind_Latn,104893,▁keduanya,1,0.03388682
sts,ind_Latn,105498,▁(2004),2,0.06777364
sts,ind_Latn,106111,▁penca,1,0.03388682
sts,ind_Latn,106450,▁Akhirnya,1,0.03388682
sts,ind_Latn,106505,▁Pasar,1,0.03388682
sts,ind_Latn,107124,▁Kecamatan,5,0.16943409
sts,ind_Latn,107205,▁dikirim,1,0.03388682
sts,ind_Latn,107330,▁berakhir,1,0.03388682
sts,ind_Latn,107347,▁menurunkan,1,0.03388682
sts,ind_Latn,107521,▁keterangan,1,0.03388682
sts,ind_Latn,107523,▁dimulai,1,0.03388682
sts,ind_Latn,107923,▁ibadah,1,0.03388682
sts,ind_Latn,108186,▁listrik,1,0.03388682
sts,ind_Latn,108520,▁Francesco,1,0.03388682
sts,ind_Latn,108621,▁Bekas,1,0.03388682
sts,ind_Latn,108789,▁aliran,1,0.03388682
sts,ind_Latn,109510,▁Jumlah,2,0.06777364
sts,ind_Latn,109660,▁memulai,2,0.06777364
sts,ind_Latn,110144,366,1,0.03388682
sts,ind_Latn,110149,▁Provinsi,4,0.13554727
sts,ind_Latn,110427,▁Grant,2,0.06777364
sts,ind_Latn,110430,▁Blok,1,0.03388682
sts,ind_Latn,110744,▁Indra,1,0.03388682
sts,ind_Latn,110822,▁hukuman,1,0.03388682
sts,ind_Latn,111248,▁pangan,1,0.03388682
sts,ind_Latn,111332,▁menyerang,1,0.03388682
sts,ind_Latn,111335,▁berbentuk,1,0.03388682
sts,ind_Latn,111356,▁mohon,1,0.03388682
sts,ind_Latn,111481,▁UI,1,0.03388682
sts,ind_Latn,112229,▁basah,1,0.03388682
sts,ind_Latn,112284,cepat,1,0.03388682
sts,ind_Latn,112490,jata,1,0.03388682
sts,ind_Latn,112890,▁mengisi,1,0.03388682
sts,ind_Latn,112918,waga,1,0.03388682
sts,ind_Latn,113869,▁Keluarga,1,0.03388682
sts,ind_Latn,113879,▁coklat,1,0.03388682
sts,ind_Latn,113917,▁rapat,1,0.03388682
sts,ind_Latn,114285,▁senjata,1,0.03388682
sts,ind_Latn,114644,undur,3,0.10166045
sts,ind_Latn,114685,▁Mats,1,0.03388682
sts,ind_Latn,114732,▁Conference,1,0.03388682
sts,ind_Latn,114897,▁IPS,1,0.03388682
sts,ind_Latn,114988,720,1,0.03388682
sts,ind_Latn,114993,▁bertahan,2,0.06777364
sts,ind_Latn,115023,▁lantai,1,0.03388682
sts,ind_Latn,115338,▁putra,1,0.03388682
sts,ind_Latn,115542,▁papan,1,0.03388682
sts,ind_Latn,115803,▁permukaan,1,0.03388682
sts,ind_Latn,115815,▁sarana,1,0.03388682
sts,ind_Latn,115972,▁Piano,2,0.06777364
sts,ind_Latn,116025,▁Sejarah,1,0.03388682
sts,ind_Latn,116250,▁tujuh,1,0.03388682
sts,ind_Latn,116316,▁Jerman,1,0.03388682
sts,ind_Latn,116512,▁Comedy,2,0.06777364
sts,ind_Latn,116574,"4,8",1,0.03388682
sts,ind_Latn,117436,▁Naga,1,0.03388682
sts,ind_Latn,118893,▁Riks,1,0.03388682
sts,ind_Latn,120036,▁Spon,2,0.06777364
sts,ind_Latn,120711,▁Awal,1,0.03388682
sts,ind_Latn,121312,▁makeup,1,0.03388682
sts,ind_Latn,121868,tinggi,1,0.03388682
sts,ind_Latn,122316,▁Jang,1,0.03388682
sts,ind_Latn,122418,▁299,1,0.03388682
sts,ind_Latn,122816,▁Iris,2,0.06777364
sts,ind_Latn,122919,▁bosan,1,0.03388682
sts,ind_Latn,123007,▁provinsi,2,0.06777364
sts,ind_Latn,123138,▁Suku,1,0.03388682
sts,ind_Latn,123397,▁Geografi,2,0.06777364
sts,ind_Latn,123706,▁Pangeran,2,0.06777364
sts,ind_Latn,124074,"▁8,5",1,0.03388682
sts,ind_Latn,124174,▁SMP,1,0.03388682
sts,ind_Latn,124612,▁saksi,1,0.03388682
sts,ind_Latn,124833,▁sapi,1,0.03388682
sts,ind_Latn,125077,▁otomatis,1,0.03388682
sts,ind_Latn,125582,▁menikah,3,0.10166045
sts,ind_Latn,125705,▁Biar,1,0.03388682
sts,ind_Latn,125764,▁Jl,1,0.03388682
sts,ind_Latn,126025,▁kewajiban,1,0.03388682
sts,ind_Latn,126701,368,1,0.03388682
sts,ind_Latn,127099,▁tukang,1,0.03388682
sts,ind_Latn,127101,batas,1,0.03388682
sts,ind_Latn,127152,▁Division,1,0.03388682
sts,ind_Latn,127446,▁templ,1,0.03388682
sts,ind_Latn,127728,▁ungu,1,0.03388682
sts,ind_Latn,128136,▁1860,2,0.06777364
sts,ind_Latn,128568,▁menonton,1,0.03388682
sts,ind_Latn,128786,▁pendaftaran,1,0.03388682
sts,ind_Latn,129116,▁anggaran,2,0.06777364
sts,ind_Latn,129335,▁Three,1,0.03388682
sts,ind_Latn,129639,▁Bulu,2,0.06777364
sts,ind_Latn,129971,356,1,0.03388682
sts,ind_Latn,131262,▁Banja,1,0.03388682
sts,ind_Latn,131446,▁Kantor,2,0.06777364
sts,ind_Latn,131554,"▁2,000",1,0.03388682
sts,ind_Latn,131882,▁Apalagi,1,0.03388682
sts,ind_Latn,131896,▁DUNIA,1,0.03388682
sts,ind_Latn,132417,konsult,1,0.03388682
sts,ind_Latn,132792,▁gelar,1,0.03388682
sts,ind_Latn,134822,Undang,2,0.06777364
sts,ind_Latn,134907,▁Tiga,1,0.03388682
sts,ind_Latn,135904,▁dihasilkan,2,0.06777364
sts,ind_Latn,136362,▁koleksi,1,0.03388682
sts,ind_Latn,136530,▁puteri,2,0.06777364
sts,ind_Latn,136555,"6,7",1,0.03388682
sts,ind_Latn,136557,▁Ayon,2,0.06777364
sts,ind_Latn,138526,▁kucing,2,0.06777364
sts,ind_Latn,138699,▁Perang,1,0.03388682
sts,ind_Latn,139760,▁meneruskan,1,0.03388682
sts,ind_Latn,140836,▁BIG,1,0.03388682
sts,ind_Latn,141327,▁Pensi,1,0.03388682
sts,ind_Latn,141535,138,1,0.03388682
sts,ind_Latn,142794,▁Belgia,1,0.03388682
sts,ind_Latn,143006,brew,1,0.03388682
sts,ind_Latn,143177,▁Bagian,2,0.06777364
sts,ind_Latn,143672,husu,1,0.03388682
sts,ind_Latn,143921,upaya,1,0.03388682
sts,ind_Latn,144156,▁juara,2,0.06777364
sts,ind_Latn,144274,"7,000",1,0.03388682
sts,ind_Latn,144385,▁penumpang,2,0.06777364
sts,ind_Latn,144562,▁Factory,1,0.03388682
sts,ind_Latn,144955,▁menetapkan,2,0.06777364
sts,ind_Latn,145121,▁Versi,1,0.03388682
sts,ind_Latn,145451,▁PLN,1,0.03388682
sts,ind_Latn,146367,satunya,1,0.03388682
sts,ind_Latn,146647,▁Gadis,1,0.03388682
sts,ind_Latn,146815,▁Serikat,2,0.06777364
sts,ind_Latn,148442,▁Filipina,4,0.13554727
sts,ind_Latn,149015,▁keho,1,0.03388682
sts,ind_Latn,149476,▁melebihi,2,0.06777364
sts,ind_Latn,149897,▁Milit,1,0.03388682
sts,ind_Latn,150033,▁Axel,1,0.03388682
sts,ind_Latn,150200,▁Bapak,1,0.03388682
sts,ind_Latn,150235,▁putri,2,0.06777364
sts,ind_Latn,150446,▁mengenakan,1,0.03388682
sts,ind_Latn,151364,▁menampilkan,2,0.06777364
sts,ind_Latn,151806,▁ampuh,1,0.03388682
sts,ind_Latn,152069,▁Pemain,1,0.03388682
sts,ind_Latn,152640,kumpulan,1,0.03388682
sts,ind_Latn,152922,▁menengah,1,0.03388682
sts,ind_Latn,153195,▁ulasan,2,0.06777364
sts,ind_Latn,153700,▁penjaga,1,0.03388682
sts,ind_Latn,154367,▁palsu,1,0.03388682
sts,ind_Latn,154920,▁Kembali,1,0.03388682
sts,ind_Latn,155107,▁Rubrik,1,0.03388682
sts,ind_Latn,155393,▁Susu,1,0.03388682
sts,ind_Latn,155400,▁Scot,1,0.03388682
sts,ind_Latn,155476,▁ibunya,1,0.03388682
sts,ind_Latn,155536,▁Departemen,1,0.03388682
sts,ind_Latn,156752,▁pembentukan,2,0.06777364
sts,ind_Latn,157015,▁dibagi,1,0.03388682
sts,ind_Latn,157313,▁1876,1,0.03388682
sts,ind_Latn,158642,▁Ratu,1,0.03388682
sts,ind_Latn,158946,▁Ayah,1,0.03388682
sts,ind_Latn,159342,General,1,0.03388682
sts,ind_Latn,160246,▁babak,3,0.10166045
sts,ind_Latn,160486,▁SMK,1,0.03388682
sts,ind_Latn,161002,tugas,1,0.03388682
sts,ind_Latn,161358,▁Yong,1,0.03388682
sts,ind_Latn,161944,▁Asisten,1,0.03388682
sts,ind_Latn,162009,▁keisti,1,0.03388682
sts,ind_Latn,162444,▁pacar,1,0.03388682
sts,ind_Latn,162544,▁pengambilan,1,0.03388682
sts,ind_Latn,163383,▁lintas,1,0.03388682
sts,ind_Latn,163753,▁militer,1,0.03388682
sts,ind_Latn,164870,▁sekitarnya,2,0.06777364
sts,ind_Latn,165421,▁unggul,1,0.03388682
sts,ind_Latn,165771,▁kambing,1,0.03388682
sts,ind_Latn,166930,▁Musim,1,0.03388682
sts,ind_Latn,167293,▁Tanggal,2,0.06777364
sts,ind_Latn,167893,▁Internasional,2,0.06777364
sts,ind_Latn,168064,▁Alaska,1,0.03388682
sts,ind_Latn,169330,▁ditutup,1,0.03388682
sts,ind_Latn,169898,640,1,0.03388682
sts,ind_Latn,171269,▁Everton,1,0.03388682
sts,ind_Latn,171354,▁kompetisi,2,0.06777364
sts,ind_Latn,172100,▁Hidro,1,0.03388682
sts,ind_Latn,172620,▁membenarkan,1,0.03388682
sts,ind_Latn,172646,▁memenangkan,1,0.03388682
sts,ind_Latn,172775,▁Evolu,1,0.03388682
sts,ind_Latn,173054,▁mencatat,1,0.03388682
sts,ind_Latn,173295,▁Komunit,1,0.03388682
sts,ind_Latn,175512,▁Bidang,1,0.03388682
sts,ind_Latn,175557,▁Tomat,2,0.06777364
sts,ind_Latn,176337,▁petani,1,0.03388682
sts,ind_Latn,176548,▁Seluruh,1,0.03388682
sts,ind_Latn,176830,564,1,0.03388682
sts,ind_Latn,177535,▁1280,1,0.03388682
sts,ind_Latn,177656,▁selatan,1,0.03388682
sts,ind_Latn,178058,764,1,0.03388682
sts,ind_Latn,178927,▁Menengah,1,0.03388682
sts,ind_Latn,181510,▁kritiku,2,0.06777364
sts,ind_Latn,182736,▁Madura,1,0.03388682
sts,ind_Latn,182880,▁KPK,1,0.03388682
sts,ind_Latn,183734,▁kabupaten,1,0.03388682
sts,ind_Latn,184365,▁KTM,1,0.03388682
sts,ind_Latn,184610,▁mencetak,2,0.06777364
sts,ind_Latn,186922,"8,7",1,0.03388682
sts,ind_Latn,187190,▁korupsi,1,0.03388682
sts,ind_Latn,187381,▁Tangga,1,0.03388682
sts,ind_Latn,188624,▁Sebelumnya,1,0.03388682
sts,ind_Latn,191087,▁Sekitar,1,0.03388682
sts,ind_Latn,191147,▁Could,2,0.06777364
sts,ind_Latn,192711,▁Jenderal,1,0.03388682
sts,ind_Latn,192978,▁gereja,1,0.03388682
sts,ind_Latn,193171,▁Hockey,1,0.03388682
sts,ind_Latn,194119,▁Organisasi,1,0.03388682
sts,ind_Latn,194406,▁memimpin,1,0.03388682
sts,ind_Latn,195750,▁diserahkan,1,0.03388682
sts,ind_Latn,196083,▁Kehidupan,1,0.03388682
sts,ind_Latn,196089,▁berjumlah,1,0.03388682
sts,ind_Latn,196136,▁penonton,1,0.03388682
sts,ind_Latn,196344,▁cerdas,1,0.03388682
sts,ind_Latn,196477,▁dikembangkan,1,0.03388682
sts,ind_Latn,197016,▁tetangga,1,0.03388682
sts,ind_Latn,197210,▁pensiun,1,0.03388682
sts,ind_Latn,198493,672,1,0.03388682
sts,ind_Latn,198670,▁Nusantara,2,0.06777364
sts,ind_Latn,198889,"1,9",1,0.03388682
sts,ind_Latn,199362,eshwar,2,0.06777364
sts,ind_Latn,199518,▁Tangerang,2,0.06777364
sts,ind_Latn,199876,▁Sass,1,0.03388682
sts,ind_Latn,201208,973,1,0.03388682
sts,ind_Latn,201464,9.6,1,0.03388682
sts,ind_Latn,203093,▁tersangka,2,0.06777364
sts,ind_Latn,204745,▁Sebaliknya,1,0.03388682
sts,ind_Latn,204845,▁beroperasi,1,0.03388682
sts,ind_Latn,205070,▁Filial,1,0.03388682
sts,ind_Latn,205801,percaya,2,0.06777364
sts,ind_Latn,211416,▁Prancis,1,0.03388682
sts,ind_Latn,213570,▁ketinggian,1,0.03388682
sts,ind_Latn,215944,▁memicu,1,0.03388682
sts,ind_Latn,218517,▁bertajuk,1,0.03388682
sts,ind_Latn,219236,▁menduduki,1,0.03388682
sts,ind_Latn,220135,▁pendirian,1,0.03388682
sts,ind_Latn,224957,▁Futsal,1,0.03388682
sts,ind_Latn,225289,▁Pengadilan,1,0.03388682
sts,ind_Latn,225828,▁penyelenggaraan,1,0.03388682
sts,ind_Latn,228224,▁Pengguna,1,0.03388682
sts,ind_Latn,228444,▁Penduduk,3,0.10166045
sts,ind_Latn,228787,▁memperkuat,2,0.06777364
sts,ind_Latn,229092,▁pembukaan,1,0.03388682
sts,ind_Latn,229474,▁Fasilitas,1,0.03388682
sts,ind_Latn,229489,▁diselenggarakan,2,0.06777364
sts,ind_Latn,230072,▁triliun,1,0.03388682
sts,ind_Latn,230410,▁Soekarno,2,0.06777364
sts,ind_Latn,230507,▁didirikan,1,0.03388682
sts,ind_Latn,233196,▁jembatan,1,0.03388682
sts,ind_Latn,233779,▁kecamatan,1,0.03388682
sts,ind_Latn,237855,▁filsafat,1,0.03388682
sts,ind_Latn,240444,▁menyanyi,1,0.03388682
sts,ind_Latn,242641,▁Peningkatan,1,0.03388682
sts,pol_Latn,4,",",118,3.99864453
sts,pol_Latn,5,.,99,3.35479498
sts,pol_Latn,6,▁,35,1.18603863
sts,pol_Latn,7,s,4,0.13554727
sts,pol_Latn,9,-,2,0.06777364
sts,pol_Latn,10,▁a,13,0.44052863
sts,pol_Latn,11,a,26,0.88105727
sts,pol_Latn,12,:,8,0.27109454
sts,pol_Latn,13,e,7,0.23720773
sts,pol_Latn,14,i,13,0.44052863
sts,pol_Latn,15,▁(,5,0.16943409
sts,pol_Latn,16,),3,0.10166045
sts,pol_Latn,17,▁i,28,0.94883090
sts,pol_Latn,18,t,10,0.33886818
sts,pol_Latn,19,n,1,0.03388682
sts,pol_Latn,20,▁-,34,1.15215181
sts,pol_Latn,23,▁in,1,0.03388682
sts,pol_Latn,24,▁na,23,0.77939681
sts,pol_Latn,31,o,4,0.13554727
sts,pol_Latn,32,?,3,0.10166045
sts,pol_Latn,33,en,1,0.03388682
sts,pol_Latn,34,u,10,0.33886818
sts,pol_Latn,36,▁o,11,0.37275500
sts,pol_Latn,38,!,4,0.13554727
sts,pol_Latn,39,m,12,0.40664182
sts,pol_Latn,44,"▁""",8,0.27109454
sts,pol_Latn,46,▁–,6,0.20332091
sts,pol_Latn,47,▁to,17,0.57607591
sts,pol_Latn,51,▁un,1,0.03388682
sts,pol_Latn,53,y,26,0.88105727
sts,pol_Latn,54,▁do,24,0.81328363
sts,pol_Latn,55,▁je,4,0.13554727
sts,pol_Latn,56,er,4,0.13554727
sts,pol_Latn,58,"""",4,0.13554727
sts,pol_Latn,62,▁A,1,0.03388682
sts,pol_Latn,64,/,1,0.03388682
sts,pol_Latn,71,d,2,0.06777364
sts,pol_Latn,73,in,1,0.03388682
sts,pol_Latn,75,▁u,5,0.16943409
sts,pol_Latn,76,na,12,0.40664182
sts,pol_Latn,79,▁ja,1,0.03388682
sts,pol_Latn,80,▁za,20,0.67773636
sts,pol_Latn,85,da,6,0.20332091
sts,pol_Latn,86,ne,3,0.10166045
sts,pol_Latn,87,▁I,3,0.10166045
sts,pol_Latn,91,▁s,3,0.10166045
sts,pol_Latn,92,k,7,0.23720773
sts,pol_Latn,93,ni,2,0.06777364
sts,pol_Latn,97,▁z,35,1.18603863
sts,pol_Latn,102,ta,1,0.03388682
sts,pol_Latn,104,▁d,2,0.06777364
sts,pol_Latn,106,▁1,3,0.10166045
sts,pol_Latn,107,re,2,0.06777364
sts,pol_Latn,112,de,2,0.06777364
sts,pol_Latn,116,▁2,1,0.03388682
sts,pol_Latn,120,▁te,4,0.13554727
sts,pol_Latn,143,la,1,0.03388682
sts,pol_Latn,145,ja,5,0.16943409
sts,pol_Latn,147,ar,1,0.03388682
sts,pol_Latn,148,▁w,51,1.72822772
sts,pol_Latn,150,li,7,0.23720773
sts,pol_Latn,157,no,3,0.10166045
sts,pol_Latn,159,▁S,1,0.03388682
sts,pol_Latn,160,▁po,11,0.37275500
sts,pol_Latn,161,ka,3,0.10166045
sts,pol_Latn,169,z,3,0.10166045
sts,pol_Latn,170,j,5,0.16943409
sts,pol_Latn,172,si,1,0.03388682
sts,pol_Latn,177,g,1,0.03388682
sts,pol_Latn,180,▁O,10,0.33886818
sts,pol_Latn,184,se,3,0.10166045
sts,pol_Latn,194,).,3,0.10166045
sts,pol_Latn,195,em,7,0.23720773
sts,pol_Latn,200,▁ki,2,0.06777364
sts,pol_Latn,203,▁kan,1,0.03388682
sts,pol_Latn,206,ch,6,0.20332091
sts,pol_Latn,209,▁10,2,0.06777364
sts,pol_Latn,219,ra,1,0.03388682
sts,pol_Latn,229,▁od,13,0.44052863
sts,pol_Latn,236,je,2,0.06777364
sts,pol_Latn,246,do,1,0.03388682
sts,pol_Latn,247,"),",1,0.03388682
sts,pol_Latn,254,p,2,0.06777364
sts,pol_Latn,265,ko,1,0.03388682
sts,pol_Latn,266,mi,4,0.13554727
sts,pol_Latn,269,▁nie,20,0.67773636
sts,pol_Latn,275,b,3,0.10166045
sts,pol_Latn,276,▁M,2,0.06777364
sts,pol_Latn,277,com,1,0.03388682
sts,pol_Latn,291,▁ma,5,0.16943409
sts,pol_Latn,292,▁—,1,0.03388682
sts,pol_Latn,294,S,5,0.16943409
sts,pol_Latn,299,ny,1,0.03388682
sts,pol_Latn,301,ki,1,0.03388682
sts,pol_Latn,302,am,6,0.20332091
sts,pol_Latn,306,om,2,0.06777364
sts,pol_Latn,313,▁C,1,0.03388682
sts,pol_Latn,318,ci,6,0.20332091
sts,pol_Latn,329,ce,3,0.10166045
sts,pol_Latn,337,▁bo,4,0.13554727
sts,pol_Latn,343,ek,5,0.16943409
sts,pol_Latn,344,ak,3,0.10166045
sts,pol_Latn,347,▁m,1,0.03388682
sts,pol_Latn,353,▁Na,6,0.20332091
sts,pol_Latn,362,▁os,1,0.03388682
sts,pol_Latn,363,3,3,0.10166045
sts,pol_Latn,370,▁tu,1,0.03388682
sts,pol_Latn,373,▁bu,1,0.03388682
sts,pol_Latn,384,▁T,2,0.06777364
sts,pol_Latn,390,▁by,4,0.13554727
sts,pol_Latn,391,▁D,2,0.06777364
sts,pol_Latn,397,D,2,0.06777364
sts,pol_Latn,399,ia,4,0.13554727
sts,pol_Latn,400,▁li,5,0.16943409
sts,pol_Latn,408,ca,2,0.06777364
sts,pol_Latn,410,▁się,25,0.84717045
sts,pol_Latn,418,1,1,0.03388682
sts,pol_Latn,427,▁12,1,0.03388682
sts,pol_Latn,432,mo,1,0.03388682
sts,pol_Latn,434,w,7,0.23720773
sts,pol_Latn,436,▁P,4,0.13554727
sts,pol_Latn,456,▁re,8,0.27109454
sts,pol_Latn,464,im,1,0.03388682
sts,pol_Latn,466,▁tak,3,0.10166045
sts,pol_Latn,479,▁pre,1,0.03388682
sts,pol_Latn,483,▁9,2,0.06777364
sts,pol_Latn,486,▁ut,1,0.03388682
sts,pol_Latn,502,▁pro,1,0.03388682
sts,pol_Latn,503,▁Se,1,0.03388682
sts,pol_Latn,519,go,1,0.03388682
sts,pol_Latn,520,▁ser,8,0.27109454
sts,pol_Latn,525,est,1,0.03388682
sts,pol_Latn,531,▁au,1,0.03388682
sts,pol_Latn,549,dan,1,0.03388682
sts,pol_Latn,552,▁co,2,0.06777364
sts,pol_Latn,555,den,2,0.06777364
sts,pol_Latn,561,mu,1,0.03388682
sts,pol_Latn,563,▁F,1,0.03388682
sts,pol_Latn,567,▁Z,5,0.16943409
sts,pol_Latn,571,B,1,0.03388682
sts,pol_Latn,587,co,1,0.03388682
sts,pol_Latn,588,▁fra,1,0.03388682
sts,pol_Latn,590,sta,3,0.10166045
sts,pol_Latn,595,ą,8,0.27109454
sts,pol_Latn,596,za,9,0.30498136
sts,pol_Latn,601,▁W,10,0.33886818
sts,pol_Latn,605,K,1,0.03388682
sts,pol_Latn,616,▁14,1,0.03388682
sts,pol_Latn,617,4,2,0.06777364
sts,pol_Latn,618,T,1,0.03388682
sts,pol_Latn,634,wa,4,0.13554727
sts,pol_Latn,636,▁Le,1,0.03388682
sts,pol_Latn,642,▁we,4,0.13554727
sts,pol_Latn,647,E,1,0.03388682
sts,pol_Latn,654,▁ich,4,0.13554727
sts,pol_Latn,662,▁ale,8,0.27109454
sts,pol_Latn,663,▁Po,6,0.20332091
sts,pol_Latn,669,man,1,0.03388682
sts,pol_Latn,670,O,1,0.03388682
sts,pol_Latn,673,▁ra,4,0.13554727
sts,pol_Latn,674,ment,1,0.03388682
sts,pol_Latn,681,▁cho,2,0.06777364
sts,pol_Latn,683,P,6,0.20332091
sts,pol_Latn,693,du,8,0.27109454
sts,pol_Latn,696,://,1,0.03388682
sts,pol_Latn,701,nie,6,0.20332091
sts,pol_Latn,704,▁ter,2,0.06777364
sts,pol_Latn,708,zi,1,0.03388682
sts,pol_Latn,712,ad,1,0.03388682
sts,pol_Latn,717,▁To,4,0.13554727
sts,pol_Latn,731,ze,5,0.16943409
sts,pol_Latn,738,▁go,2,0.06777364
sts,pol_Latn,740,""".",3,0.10166045
sts,pol_Latn,759,▁my,1,0.03388682
sts,pol_Latn,786,▁Du,6,0.20332091
sts,pol_Latn,830,""",",1,0.03388682
sts,pol_Latn,834,▁jest,12,0.40664182
sts,pol_Latn,841,H,1,0.03388682
sts,pol_Latn,842,▁mu,1,0.03388682
sts,pol_Latn,846,io,2,0.06777364
sts,pol_Latn,853,▁Re,1,0.03388682
sts,pol_Latn,855,▁pod,7,0.23720773
sts,pol_Latn,865,ów,11,0.37275500
sts,pol_Latn,867,tar,1,0.03388682
sts,pol_Latn,882,ru,1,0.03388682
sts,pol_Latn,910,6,1,0.03388682
sts,pol_Latn,911,▁Ma,2,0.06777364
sts,pol_Latn,919,F,2,0.06777364
sts,pol_Latn,930,▁Da,1,0.03388682
sts,pol_Latn,932,▁ze,3,0.10166045
sts,pol_Latn,934,ach,5,0.16943409
sts,pol_Latn,937,ska,2,0.06777364
sts,pol_Latn,939,ty,2,0.06777364
sts,pol_Latn,958,▁uz,1,0.03388682
sts,pol_Latn,966,7,1,0.03388682
sts,pol_Latn,984,▁Do,1,0.03388682
sts,pol_Latn,995,▁ob,1,0.03388682
sts,pol_Latn,1032,ć,7,0.23720773
sts,pol_Latn,1042,sk,4,0.13554727
sts,pol_Latn,1059,▁ci,2,0.06777364
sts,pol_Latn,1088,▁że,19,0.64384954
sts,pol_Latn,1104,–,2,0.06777364
sts,pol_Latn,1136,▁Ka,1,0.03388682
sts,pol_Latn,1153,kar,1,0.03388682
sts,pol_Latn,1158,zo,3,0.10166045
sts,pol_Latn,1174,nia,3,0.10166045
sts,pol_Latn,1176,my,3,0.10166045
sts,pol_Latn,1177,we,1,0.03388682
sts,pol_Latn,1191,ami,5,0.16943409
sts,pol_Latn,1199,▁jak,11,0.37275500
sts,pol_Latn,1204,▁Ko,1,0.03388682
sts,pol_Latn,1209,▁bez,5,0.16943409
sts,pol_Latn,1218,▁Ta,2,0.06777364
sts,pol_Latn,1225,▁wie,5,0.16943409
sts,pol_Latn,1231,ę,8,0.27109454
sts,pol_Latn,1234,gu,1,0.03388682
sts,pol_Latn,1272,by,1,0.03388682
sts,pol_Latn,1289,▁sam,1,0.03388682
sts,pol_Latn,1294,ry,1,0.03388682
sts,pol_Latn,1329,▁sie,2,0.06777364
sts,pol_Latn,1330,sz,1,0.03388682
sts,pol_Latn,1334,ej,2,0.06777364
sts,pol_Latn,1371,▁Tu,1,0.03388682
sts,pol_Latn,1411,uje,2,0.06777364
sts,pol_Latn,1416,▁nas,4,0.13554727
sts,pol_Latn,1419,ist,1,0.03388682
sts,pol_Latn,1434,pi,4,0.13554727
sts,pol_Latn,1456,W,4,0.13554727
sts,pol_Latn,1459,dy,5,0.16943409
sts,pol_Latn,1474,cie,6,0.20332091
sts,pol_Latn,1481,▁tam,1,0.03388682
sts,pol_Latn,1492,▁ten,2,0.06777364
sts,pol_Latn,1540,▁pot,1,0.03388682
sts,pol_Latn,1573,ii,1,0.03388682
sts,pol_Latn,1601,▁super,1,0.03388682
sts,pol_Latn,1632,▁one,1,0.03388682
sts,pol_Latn,1640,▁dal,1,0.03388682
sts,pol_Latn,1667,zu,3,0.10166045
sts,pol_Latn,1681,son,1,0.03388682
sts,pol_Latn,1684,ła,4,0.13554727
sts,pol_Latn,1708,tel,2,0.06777364
sts,pol_Latn,1717,ł,24,0.81328363
sts,pol_Latn,1723,Y,2,0.06777364
sts,pol_Latn,1747,▁ap,1,0.03388682
sts,pol_Latn,1750,nej,1,0.03388682
sts,pol_Latn,1766,pu,1,0.03388682
sts,pol_Latn,1793,▁wy,4,0.13554727
sts,pol_Latn,1822,▁dla,12,0.40664182
sts,pol_Latn,1828,az,1,0.03388682
sts,pol_Latn,1863,cz,1,0.03388682
sts,pol_Latn,1866,▁ani,3,0.10166045
sts,pol_Latn,1881,nik,2,0.06777364
sts,pol_Latn,1910,▁TV,2,0.06777364
sts,pol_Latn,1954,▁raz,2,0.06777364
sts,pol_Latn,1959,▁kr,1,0.03388682
sts,pol_Latn,1966,ło,8,0.27109454
sts,pol_Latn,1967,▁przy,5,0.16943409
sts,pol_Latn,2016,▁Go,1,0.03388682
sts,pol_Latn,2018,▁roz,2,0.06777364
sts,pol_Latn,2034,▁naj,3,0.10166045
sts,pol_Latn,2062,▁ro,1,0.03388682
sts,pol_Latn,2098,ją,2,0.06777364
sts,pol_Latn,2101,▁500,1,0.03388682
sts,pol_Latn,2104,ili,1,0.03388682
sts,pol_Latn,2130,▁tur,4,0.13554727
sts,pol_Latn,2153,▁są,7,0.23720773
sts,pol_Latn,2178,▁nam,1,0.03388682
sts,pol_Latn,2226,▁oraz,2,0.06777364
sts,pol_Latn,2291,▁Ho,1,0.03388682
sts,pol_Latn,2344,nych,5,0.16943409
sts,pol_Latn,2355,▁god,2,0.06777364
sts,pol_Latn,2358,▁70,1,0.03388682
sts,pol_Latn,2365,▁Od,2,0.06777364
sts,pol_Latn,2405,▁tar,4,0.13554727
sts,pol_Latn,2408,cy,7,0.23720773
sts,pol_Latn,2424,pl,1,0.03388682
sts,pol_Latn,2452,wi,2,0.06777364
sts,pol_Latn,2460,▁Bo,2,0.06777364
sts,pol_Latn,2463,▁tym,4,0.13554727
sts,pol_Latn,2468,▁przez,5,0.16943409
sts,pol_Latn,2500,par,3,0.10166045
sts,pol_Latn,2539,▁prze,7,0.23720773
sts,pol_Latn,2548,▁Han,1,0.03388682
sts,pol_Latn,2561,▁Tak,2,0.06777364
sts,pol_Latn,2596,▁jako,2,0.06777364
sts,pol_Latn,2597,enie,1,0.03388682
sts,pol_Latn,2600,owe,2,0.06777364
sts,pol_Latn,2604,sku,1,0.03388682
sts,pol_Latn,2646,▁My,1,0.03388682
sts,pol_Latn,2661,ble,1,0.03388682
sts,pol_Latn,2777,▁Ro,1,0.03388682
sts,pol_Latn,2787,enia,2,0.06777364
sts,pol_Latn,2844,bra,1,0.03388682
sts,pol_Latn,2878,▁parti,1,0.03388682
sts,pol_Latn,2942,▁Nie,4,0.13554727
sts,pol_Latn,2966,▁czy,4,0.13554727
sts,pol_Latn,3043,ksi,1,0.03388682
sts,pol_Latn,3065,▁Pi,4,0.13554727
sts,pol_Latn,3100,▁lub,5,0.16943409
sts,pol_Latn,3124,ś,1,0.03388682
sts,pol_Latn,3185,ż,3,0.10166045
sts,pol_Latn,3220,hen,1,0.03388682
sts,pol_Latn,3257,lega,1,0.03388682
sts,pol_Latn,3285,zy,1,0.03388682
sts,pol_Latn,3347,▁Or,4,0.13554727
sts,pol_Latn,3399,ły,2,0.06777364
sts,pol_Latn,3422,bor,5,0.16943409
sts,pol_Latn,3474,▁sto,1,0.03388682
sts,pol_Latn,3478,sia,1,0.03388682
sts,pol_Latn,3483,ną,4,0.13554727
sts,pol_Latn,3522,ob,2,0.06777364
sts,pol_Latn,3545,▁Ob,2,0.06777364
sts,pol_Latn,3595,tura,1,0.03388682
sts,pol_Latn,3640,▁2019,1,0.03388682
sts,pol_Latn,3710,▁które,3,0.10166045
sts,pol_Latn,3751,▁Ch,2,0.06777364
sts,pol_Latn,3796,mon,1,0.03388682
sts,pol_Latn,3864,▁pos,1,0.03388682
sts,pol_Latn,3915,ham,1,0.03388682
sts,pol_Latn,3975,▁https,1,0.03388682
sts,pol_Latn,4071,▁tego,3,0.10166045
sts,pol_Latn,4103,▁jej,4,0.13554727
sts,pol_Latn,4197,▁nag,1,0.03388682
sts,pol_Latn,4216,rd,2,0.06777364
sts,pol_Latn,4234,owy,2,0.06777364
sts,pol_Latn,4299,pad,1,0.03388682
sts,pol_Latn,4313,stu,1,0.03388682
sts,pol_Latn,4396,▁Auto,1,0.03388682
sts,pol_Latn,4422,▁Jak,1,0.03388682
sts,pol_Latn,4433,ować,2,0.06777364
sts,pol_Latn,4506,▁bardzo,3,0.10166045
sts,pol_Latn,4521,▁tylko,2,0.06777364
sts,pol_Latn,4545,dem,1,0.03388682
sts,pol_Latn,4563,czy,10,0.33886818
sts,pol_Latn,4602,▁USA,2,0.06777364
sts,pol_Latn,4625,owa,3,0.10166045
sts,pol_Latn,4632,▁już,4,0.13554727
sts,pol_Latn,4652,ych,4,0.13554727
sts,pol_Latn,4690,▁może,4,0.13554727
sts,pol_Latn,4733,▁Ale,1,0.03388682
sts,pol_Latn,4916,nego,1,0.03388682
sts,pol_Latn,4958,▁2),2,0.06777364
sts,pol_Latn,5149,▁tej,2,0.06777364
sts,pol_Latn,5183,cji,2,0.06777364
sts,pol_Latn,5239,▁firma,1,0.03388682
sts,pol_Latn,5264,nym,1,0.03388682
sts,pol_Latn,5316,▁250,2,0.06777364
sts,pol_Latn,5333,▁sz,1,0.03388682
sts,pol_Latn,5343,TV,1,0.03388682
sts,pol_Latn,5421,▁Pod,2,0.06777364
sts,pol_Latn,5454,▁Tr,8,0.27109454
sts,pol_Latn,5492,▁Wy,1,0.03388682
sts,pol_Latn,5524,ić,1,0.03388682
sts,pol_Latn,5548,ich,1,0.03388682
sts,pol_Latn,5556,zie,1,0.03388682
sts,pol_Latn,5568,▁mam,1,0.03388682
sts,pol_Latn,5589,rad,1,0.03388682
sts,pol_Latn,5619,niu,3,0.10166045
sts,pol_Latn,5627,tó,1,0.03388682
sts,pol_Latn,5640,▁będzie,5,0.16943409
sts,pol_Latn,5701,▁same,1,0.03388682
sts,pol_Latn,5795,▁sil,2,0.06777364
sts,pol_Latn,5814,dro,1,0.03388682
sts,pol_Latn,5974,pil,1,0.03388682
sts,pol_Latn,5984,owego,2,0.06777364
sts,pol_Latn,6019,kę,1,0.03388682
sts,pol_Latn,6046,▁ekonomi,1,0.03388682
sts,pol_Latn,6132,▁jeden,1,0.03388682
sts,pol_Latn,6188,▁też,6,0.20332091
sts,pol_Latn,6241,▁można,2,0.06777364
sts,pol_Latn,6244,▁pis,1,0.03388682
sts,pol_Latn,6313,owania,2,0.06777364
sts,pol_Latn,6322,zna,1,0.03388682
sts,pol_Latn,6351,▁być,5,0.16943409
sts,pol_Latn,6430,▁kul,2,0.06777364
sts,pol_Latn,6438,▁Sz,1,0.03388682
sts,pol_Latn,6445,▁nich,1,0.03388682
sts,pol_Latn,6487,▁który,5,0.16943409
sts,pol_Latn,6504,gor,2,0.06777364
sts,pol_Latn,6757,▁także,3,0.10166045
sts,pol_Latn,6760,▁Tar,1,0.03388682
sts,pol_Latn,6766,Be,1,0.03388682
sts,pol_Latn,6862,dus,3,0.10166045
sts,pol_Latn,6873,75,1,0.03388682
sts,pol_Latn,7008,sp,1,0.03388682
sts,pol_Latn,7042,▁energi,1,0.03388682
sts,pol_Latn,7161,▁również,2,0.06777364
sts,pol_Latn,7166,cem,1,0.03388682
sts,pol_Latn,7390,▁jednak,1,0.03388682
sts,pol_Latn,7396,ży,1,0.03388682
sts,pol_Latn,7450,▁ZA,2,0.06777364
sts,pol_Latn,7470,owanie,3,0.10166045
sts,pol_Latn,7491,▁przed,4,0.13554727
sts,pol_Latn,7619,▁kontrol,1,0.03388682
sts,pol_Latn,7656,▁Mat,1,0.03388682
sts,pol_Latn,7803,god,1,0.03388682
sts,pol_Latn,7833,anie,1,0.03388682
sts,pol_Latn,7868,▁Fra,2,0.06777364
sts,pol_Latn,7912,rzy,4,0.13554727
sts,pol_Latn,7925,ania,1,0.03388682
sts,pol_Latn,7939,▁pana,1,0.03388682
sts,pol_Latn,7959,▁ew,1,0.03388682
sts,pol_Latn,7978,awa,1,0.03388682
sts,pol_Latn,8015,NE,1,0.03388682
sts,pol_Latn,8031,BA,1,0.03388682
sts,pol_Latn,8057,▁finans,2,0.06777364
sts,pol_Latn,8087,dzie,1,0.03388682
sts,pol_Latn,8109,▁sobie,1,0.03388682
sts,pol_Latn,8111,▁pil,1,0.03388682
sts,pol_Latn,8180,▁inform,2,0.06777364
sts,pol_Latn,8243,dz,1,0.03388682
sts,pol_Latn,8473,▁dum,1,0.03388682
sts,pol_Latn,8500,kam,1,0.03388682
sts,pol_Latn,8574,▁PO,2,0.06777364
sts,pol_Latn,8615,cja,1,0.03388682
sts,pol_Latn,8658,▁jego,3,0.10166045
sts,pol_Latn,8662,cje,1,0.03388682
sts,pol_Latn,8666,ści,4,0.13554727
sts,pol_Latn,8726,gil,2,0.06777364
sts,pol_Latn,8730,bio,1,0.03388682
sts,pol_Latn,8770,ow,2,0.06777364
sts,pol_Latn,8834,▁pic,1,0.03388682
sts,pol_Latn,8886,kiem,2,0.06777364
sts,pol_Latn,8958,kie,1,0.03388682
sts,pol_Latn,9014,bie,1,0.03388682
sts,pol_Latn,9017,▁Pol,1,0.03388682
sts,pol_Latn,9104,owym,1,0.03388682
sts,pol_Latn,9120,lic,1,0.03388682
sts,pol_Latn,9267,▁MA,1,0.03388682
sts,pol_Latn,9494,win,1,0.03388682
sts,pol_Latn,9517,ję,1,0.03388682
sts,pol_Latn,9634,ową,1,0.03388682
sts,pol_Latn,9683,▁spor,1,0.03388682
sts,pol_Latn,9706,acji,10,0.33886818
sts,pol_Latn,10000,▁SI,2,0.06777364
sts,pol_Latn,10072,▁adres,1,0.03388682
sts,pol_Latn,10077,▁Cel,1,0.03388682
sts,pol_Latn,10078,▁99,1,0.03388682
sts,pol_Latn,10194,▁było,1,0.03388682
sts,pol_Latn,10202,zko,1,0.03388682
sts,pol_Latn,10257,▁Bio,2,0.06777364
sts,pol_Latn,10289,34,1,0.03388682
sts,pol_Latn,10387,cze,2,0.06777364
sts,pol_Latn,10402,▁proc,5,0.16943409
sts,pol_Latn,10420,▁dni,1,0.03388682
sts,pol_Latn,10443,▁nic,1,0.03388682
sts,pol_Latn,10495,▁lat,3,0.10166045
sts,pol_Latn,10514,▁PRO,1,0.03388682
sts,pol_Latn,10516,łam,2,0.06777364
sts,pol_Latn,10627,dla,1,0.03388682
sts,pol_Latn,10672,kre,1,0.03388682
sts,pol_Latn,10678,owi,3,0.10166045
sts,pol_Latn,10681,rp,1,0.03388682
sts,pol_Latn,10695,ność,4,0.13554727
sts,pol_Latn,10838,▁domu,1,0.03388682
sts,pol_Latn,10843,▁sko,1,0.03388682
sts,pol_Latn,10865,▁PR,1,0.03388682
sts,pol_Latn,10893,▁drugi,3,0.10166045
sts,pol_Latn,10906,że,2,0.06777364
sts,pol_Latn,10916,owo,3,0.10166045
sts,pol_Latn,10950,▁która,2,0.06777364
sts,pol_Latn,11016,gl,1,0.03388682
sts,pol_Latn,11037,▁firm,3,0.10166045
sts,pol_Latn,11279,łem,4,0.13554727
sts,pol_Latn,11361,▁teraz,2,0.06777364
sts,pol_Latn,11548,43,1,0.03388682
sts,pol_Latn,11552,▁zł,2,0.06777364
sts,pol_Latn,11803,▁był,1,0.03388682
sts,pol_Latn,11832,sum,1,0.03388682
sts,pol_Latn,11887,owane,1,0.03388682
sts,pol_Latn,11969,▁gro,1,0.03388682
sts,pol_Latn,12083,cza,5,0.16943409
sts,pol_Latn,12174,▁RM,1,0.03388682
sts,pol_Latn,12294,▁osób,1,0.03388682
sts,pol_Latn,12334,▁sektor,1,0.03388682
sts,pol_Latn,12361,liśmy,4,0.13554727
sts,pol_Latn,12393,oro,1,0.03388682
sts,pol_Latn,12406,sza,2,0.06777364
sts,pol_Latn,12527,łu,1,0.03388682
sts,pol_Latn,12537,▁więcej,3,0.10166045
sts,pol_Latn,12625,ał,2,0.06777364
sts,pol_Latn,12706,dob,1,0.03388682
sts,pol_Latn,12912,▁front,1,0.03388682
sts,pol_Latn,12951,85,1,0.03388682
sts,pol_Latn,12983,▁monitor,1,0.03388682
sts,pol_Latn,12995,eniu,2,0.06777364
sts,pol_Latn,12998,▁TA,1,0.03388682
sts,pol_Latn,13062,eń,1,0.03388682
sts,pol_Latn,13388,ue,1,0.03388682
sts,pol_Latn,13406,jom,1,0.03388682
sts,pol_Latn,13498,▁Pos,1,0.03388682
sts,pol_Latn,13679,▁firmy,3,0.10166045
sts,pol_Latn,13755,▁temat,1,0.03388682
sts,pol_Latn,13786,ij,1,0.03388682
sts,pol_Latn,13819,▁więc,1,0.03388682
sts,pol_Latn,13898,▁pozna,1,0.03388682
sts,pol_Latn,13924,▁wol,3,0.10166045
sts,pol_Latn,13937,KO,1,0.03388682
sts,pol_Latn,14170,prac,1,0.03388682
sts,pol_Latn,14201,anga,1,0.03388682
sts,pol_Latn,14216,▁BO,1,0.03388682
sts,pol_Latn,14262,ość,1,0.03388682
sts,pol_Latn,14334,pada,1,0.03388682
sts,pol_Latn,14487,▁December,1,0.03388682
sts,pol_Latn,14550,cję,1,0.03388682
sts,pol_Latn,14561,▁tych,2,0.06777364
sts,pol_Latn,14656,tec,1,0.03388682
sts,pol_Latn,14757,▁fina,1,0.03388682
sts,pol_Latn,14833,▁będą,3,0.10166045
sts,pol_Latn,14878,▁regul,1,0.03388682
sts,pol_Latn,14968,▁punkt,1,0.03388682
sts,pol_Latn,15006,▁wiele,1,0.03388682
sts,pol_Latn,15263,wod,1,0.03388682
sts,pol_Latn,15306,▁spraw,3,0.10166045
sts,pol_Latn,15507,▁mają,2,0.06777364
sts,pol_Latn,15592,gle,1,0.03388682
sts,pol_Latn,15629,▁sposób,1,0.03388682
sts,pol_Latn,15822,▁mie,1,0.03388682
sts,pol_Latn,15833,▁maja,1,0.03388682
sts,pol_Latn,15979,nę,1,0.03388682
sts,pol_Latn,16147,▁biznes,1,0.03388682
sts,pol_Latn,16156,▁(6,1,0.03388682
sts,pol_Latn,16196,wis,1,0.03388682
sts,pol_Latn,16248,▁mogą,2,0.06777364
sts,pol_Latn,16312,BI,1,0.03388682
sts,pol_Latn,16660,▁gdy,2,0.06777364
sts,pol_Latn,16970,▁LI,1,0.03388682
sts,pol_Latn,16999,CH,1,0.03388682
sts,pol_Latn,17023,▁innych,1,0.03388682
sts,pol_Latn,17200,AZ,1,0.03388682
sts,pol_Latn,17284,▁gdzie,1,0.03388682
sts,pol_Latn,17304,CI,1,0.03388682
sts,pol_Latn,17505,owie,1,0.03388682
sts,pol_Latn,17637,lka,1,0.03388682
sts,pol_Latn,17695,▁takie,2,0.06777364
sts,pol_Latn,17753,▁wszystko,2,0.06777364
sts,pol_Latn,17804,ście,4,0.13554727
sts,pol_Latn,17860,▁ją,2,0.06777364
sts,pol_Latn,17935,▁którym,3,0.10166045
sts,pol_Latn,18015,ujemy,1,0.03388682
sts,pol_Latn,18022,▁admin,1,0.03388682
sts,pol_Latn,18093,tę,2,0.06777364
sts,pol_Latn,18113,/3,1,0.03388682
sts,pol_Latn,18197,67,1,0.03388682
sts,pol_Latn,18247,▁należy,1,0.03388682
sts,pol_Latn,18291,▁coś,1,0.03388682
sts,pol_Latn,18470,▁którzy,2,0.06777364
sts,pol_Latn,18535,▁naka,1,0.03388682
sts,pol_Latn,18614,▁termin,4,0.13554727
sts,pol_Latn,18653,▁Jeśli,2,0.06777364
sts,pol_Latn,18702,▁kilka,1,0.03388682
sts,pol_Latn,19001,▁metod,1,0.03388682
sts,pol_Latn,19006,yk,1,0.03388682
sts,pol_Latn,19047,▁pomoc,3,0.10166045
sts,pol_Latn,19051,78,1,0.03388682
sts,pol_Latn,19214,▁była,1,0.03388682
sts,pol_Latn,19219,▁podczas,1,0.03388682
sts,pol_Latn,19475,▁zde,1,0.03388682
sts,pol_Latn,19546,▁Ot,1,0.03388682
sts,pol_Latn,19571,▁potem,1,0.03388682
sts,pol_Latn,19672,▁doda,3,0.10166045
sts,pol_Latn,19725,ws,4,0.13554727
sts,pol_Latn,19914,▁ultra,1,0.03388682
sts,pol_Latn,19934,SZ,2,0.06777364
sts,pol_Latn,20042,klar,1,0.03388682
sts,pol_Latn,20191,yt,1,0.03388682
sts,pol_Latn,20307,▁praw,2,0.06777364
sts,pol_Latn,20399,▁kontra,1,0.03388682
sts,pol_Latn,20430,won,1,0.03388682
sts,pol_Latn,20441,IE,1,0.03388682
sts,pol_Latn,20495,▁ceny,1,0.03388682
sts,pol_Latn,20563,▁jeśli,1,0.03388682
sts,pol_Latn,20591,▁czasu,1,0.03388682
sts,pol_Latn,20631,tunk,2,0.06777364
sts,pol_Latn,20747,▁Zna,1,0.03388682
sts,pol_Latn,20764,▁psi,1,0.03388682
sts,pol_Latn,20841,rę,3,0.10166045
sts,pol_Latn,20941,fic,1,0.03388682
sts,pol_Latn,20964,▁kiedy,3,0.10166045
sts,pol_Latn,20993,▁przypadku,2,0.06777364
sts,pol_Latn,21043,ając,1,0.03388682
sts,pol_Latn,21311,bij,1,0.03388682
sts,pol_Latn,21561,▁dzięki,1,0.03388682
sts,pol_Latn,21569,▁wielu,1,0.03388682
sts,pol_Latn,21592,▁zawsze,1,0.03388682
sts,pol_Latn,21697,ZO,1,0.03388682
sts,pol_Latn,21853,zas,4,0.13554727
sts,pol_Latn,21855,▁FM,1,0.03388682
sts,pol_Latn,21945,zka,3,0.10166045
sts,pol_Latn,22053,▁albo,1,0.03388682
sts,pol_Latn,22177,▁typu,1,0.03388682
sts,pol_Latn,22267,▁strony,1,0.03388682
sts,pol_Latn,22276,iak,4,0.13554727
sts,pol_Latn,22315,▁dobrze,2,0.06777364
sts,pol_Latn,22335,LU,1,0.03388682
sts,pol_Latn,22357,ował,5,0.16943409
sts,pol_Latn,22542,▁numer,1,0.03388682
sts,pol_Latn,22565,STA,1,0.03388682
sts,pol_Latn,22688,▁finale,1,0.03388682
sts,pol_Latn,22860,▁apel,1,0.03388682
sts,pol_Latn,22862,czą,2,0.06777364
sts,pol_Latn,22867,▁rea,1,0.03388682
sts,pol_Latn,23290,▁musi,1,0.03388682
sts,pol_Latn,23403,▁dwa,1,0.03388682
sts,pol_Latn,23436,jących,1,0.03388682
sts,pol_Latn,23443,▁poda,1,0.03388682
sts,pol_Latn,23572,▁wszystkie,2,0.06777364
sts,pol_Latn,23882,▁agent,2,0.06777364
sts,pol_Latn,23909,ża,2,0.06777364
sts,pol_Latn,24445,▁Cele,1,0.03388682
sts,pol_Latn,24462,▁(13,1,0.03388682
sts,pol_Latn,24645,"▁23,",1,0.03388682
sts,pol_Latn,24707,liz,1,0.03388682
sts,pol_Latn,24802,rzę,1,0.03388682
sts,pol_Latn,24955,▁Natural,1,0.03388682
sts,pol_Latn,25018,fund,1,0.03388682
sts,pol_Latn,25037,▁np,2,0.06777364
sts,pol_Latn,25090,▁potrzeb,3,0.10166045
sts,pol_Latn,25309,▁Polsce,4,0.13554727
sts,pol_Latn,25334,czne,1,0.03388682
sts,pol_Latn,25408,▁Fran,5,0.16943409
sts,pol_Latn,25437,▁trzeba,2,0.06777364
sts,pol_Latn,25584,▁siebie,2,0.06777364
sts,pol_Latn,25593,owana,3,0.10166045
sts,pol_Latn,25754,▁gospodar,2,0.06777364
sts,pol_Latn,25762,▁były,1,0.03388682
sts,pol_Latn,25778,▁ludzi,5,0.16943409
sts,pol_Latn,25962,▁ponad,1,0.03388682
sts,pol_Latn,26193,▁TER,1,0.03388682
sts,pol_Latn,26346,▁druga,2,0.06777364
sts,pol_Latn,26350,▁taki,1,0.03388682
sts,pol_Latn,26386,▁deklar,1,0.03388682
sts,pol_Latn,26854,▁Bos,3,0.10166045
sts,pol_Latn,26874,▁chyba,1,0.03388682
sts,pol_Latn,26919,▁ura,2,0.06777364
sts,pol_Latn,27083,▁między,2,0.06777364
sts,pol_Latn,27216,maj,1,0.03388682
sts,pol_Latn,27335,owanych,1,0.03388682
sts,pol_Latn,27352,forma,1,0.03388682
sts,pol_Latn,27512,▁Py,2,0.06777364
sts,pol_Latn,27553,wier,1,0.03388682
sts,pol_Latn,27586,ią,1,0.03388682
sts,pol_Latn,27651,bora,1,0.03388682
sts,pol_Latn,27845,▁czasie,1,0.03388682
sts,pol_Latn,27905,▁jakie,1,0.03388682
sts,pol_Latn,28210,▁mamy,2,0.06777364
sts,pol_Latn,28458,▁Polski,1,0.03388682
sts,pol_Latn,28807,▁działa,1,0.03388682
sts,pol_Latn,29047,▁danych,1,0.03388682
sts,pol_Latn,29184,nku,1,0.03388682
sts,pol_Latn,29352,▁takich,1,0.03388682
sts,pol_Latn,29591,czek,1,0.03388682
sts,pol_Latn,29622,łow,1,0.03388682
sts,pol_Latn,29629,▁Jur,5,0.16943409
sts,pol_Latn,29739,▁został,1,0.03388682
sts,pol_Latn,29836,IF,1,0.03388682
sts,pol_Latn,29884,▁produkty,1,0.03388682
sts,pol_Latn,29904,▁mieli,1,0.03388682
sts,pol_Latn,29995,▁Histori,1,0.03388682
sts,pol_Latn,30661,łe,3,0.10166045
sts,pol_Latn,30684,▁LU,1,0.03388682
sts,pol_Latn,30824,świad,1,0.03388682
sts,pol_Latn,31269,cyjne,1,0.03388682
sts,pol_Latn,31372,▁okaz,1,0.03388682
sts,pol_Latn,31418,▁dzie,1,0.03388682
sts,pol_Latn,31559,▁mln,2,0.06777364
sts,pol_Latn,31694,▁pies,1,0.03388682
sts,pol_Latn,31911,czny,1,0.03388682
sts,pol_Latn,31931,▁karne,1,0.03388682
sts,pol_Latn,32106,▁życie,1,0.03388682
sts,pol_Latn,32592,▁tę,2,0.06777364
sts,pol_Latn,32684,trze,2,0.06777364
sts,pol_Latn,32908,▁milion,1,0.03388682
sts,pol_Latn,32973,▁wal,1,0.03388682
sts,pol_Latn,33646,lić,1,0.03388682
sts,pol_Latn,33765,prze,1,0.03388682
sts,pol_Latn,34112,▁Może,1,0.03388682
sts,pol_Latn,34337,▁mieć,3,0.10166045
sts,pol_Latn,34367,dział,1,0.03388682
sts,pol_Latn,34422,▁jaki,2,0.06777364
sts,pol_Latn,34544,ników,1,0.03388682
sts,pol_Latn,34637,vz,1,0.03388682
sts,pol_Latn,34687,▁OD,1,0.03388682
sts,pol_Latn,34815,ograf,1,0.03388682
sts,pol_Latn,34816,dę,3,0.10166045
sts,pol_Latn,34932,żo,1,0.03388682
sts,pol_Latn,34943,Ą,1,0.03388682
sts,pol_Latn,35274,▁dużo,2,0.06777364
sts,pol_Latn,35408,▁którego,1,0.03388682
sts,pol_Latn,35449,publik,1,0.03388682
sts,pol_Latn,35450,▁razem,1,0.03388682
sts,pol_Latn,35520,biera,1,0.03388682
sts,pol_Latn,35565,saka,2,0.06777364
sts,pol_Latn,35691,▁walk,1,0.03388682
sts,pol_Latn,35883,mio,1,0.03388682
sts,pol_Latn,36007,▁miejsca,1,0.03388682
sts,pol_Latn,36021,▁kilku,2,0.06777364
sts,pol_Latn,36108,danie,1,0.03388682
sts,pol_Latn,36141,▁udział,1,0.03388682
sts,pol_Latn,36218,▁dlatego,2,0.06777364
sts,pol_Latn,36470,▁niej,1,0.03388682
sts,pol_Latn,36654,▁zło,1,0.03388682
sts,pol_Latn,36680,ił,2,0.06777364
sts,pol_Latn,36705,▁stara,2,0.06777364
sts,pol_Latn,36744,abu,4,0.13554727
sts,pol_Latn,36756,cznego,2,0.06777364
sts,pol_Latn,36781,ług,2,0.06777364
sts,pol_Latn,36977,żenia,1,0.03388682
sts,pol_Latn,37035,pole,3,0.10166045
sts,pol_Latn,37152,cyjnych,1,0.03388682
sts,pol_Latn,37182,▁swoją,3,0.10166045
sts,pol_Latn,37566,▁Teg,1,0.03388682
sts,pol_Latn,37853,▁rynku,1,0.03388682
sts,pol_Latn,37945,▁zasad,1,0.03388682
sts,pol_Latn,37971,łę,1,0.03388682
sts,pol_Latn,38053,kontakt,1,0.03388682
sts,pol_Latn,38186,yć,1,0.03388682
sts,pol_Latn,38366,▁możemy,1,0.03388682
sts,pol_Latn,38464,▁możliwości,1,0.03388682
sts,pol_Latn,38544,cznej,1,0.03388682
sts,pol_Latn,38753,dzenie,1,0.03388682
sts,pol_Latn,38774,▁(30,1,0.03388682
sts,pol_Latn,38873,▁chodzi,1,0.03388682
sts,pol_Latn,38904,stry,1,0.03388682
sts,pol_Latn,38969,WI,2,0.06777364
sts,pol_Latn,39181,tual,1,0.03388682
sts,pol_Latn,39306,▁dostęp,1,0.03388682
sts,pol_Latn,39528,▁aż,3,0.10166045
sts,pol_Latn,39662,▁niego,1,0.03388682
sts,pol_Latn,39969,ONA,2,0.06777364
sts,pol_Latn,40020,brani,1,0.03388682
sts,pol_Latn,40262,▁miał,1,0.03388682
sts,pol_Latn,40353,tych,1,0.03388682
sts,pol_Latn,40424,▁Dla,1,0.03388682
sts,pol_Latn,40453,CIA,1,0.03388682
sts,pol_Latn,40768,▁dwóch,1,0.03388682
sts,pol_Latn,40799,yli,1,0.03388682
sts,pol_Latn,41042,▁prostu,1,0.03388682
sts,pol_Latn,41114,EJ,1,0.03388682
sts,pol_Latn,41213,▁zrobić,1,0.03388682
sts,pol_Latn,41895,▁(@,1,0.03388682
sts,pol_Latn,42412,▁czym,3,0.10166045
sts,pol_Latn,42607,nemu,1,0.03388682
sts,pol_Latn,42783,ację,1,0.03388682
sts,pol_Latn,43003,▁ekstrem,1,0.03388682
sts,pol_Latn,43013,tany,2,0.06777364
sts,pol_Latn,43192,śli,1,0.03388682
sts,pol_Latn,43235,▁ponieważ,1,0.03388682
sts,pol_Latn,43678,▁chor,1,0.03388682
sts,pol_Latn,43779,waż,1,0.03388682
sts,pol_Latn,43789,WO,2,0.06777364
sts,pol_Latn,44016,struktur,9,0.30498136
sts,pol_Latn,44043,▁oc,1,0.03388682
sts,pol_Latn,44049,owała,1,0.03388682
sts,pol_Latn,44413,ryn,1,0.03388682
sts,pol_Latn,44539,▁studia,1,0.03388682
sts,pol_Latn,45171,▁transmis,1,0.03388682
sts,pol_Latn,45399,▁Ż,3,0.10166045
sts,pol_Latn,45429,wania,1,0.03388682
sts,pol_Latn,45879,▁Jed,1,0.03388682
sts,pol_Latn,45926,ców,1,0.03388682
sts,pol_Latn,46001,zwi,1,0.03388682
sts,pol_Latn,46336,kcja,2,0.06777364
sts,pol_Latn,46385,wać,1,0.03388682
sts,pol_Latn,46541,▁mniej,1,0.03388682
sts,pol_Latn,46549,▁STR,1,0.03388682
sts,pol_Latn,46605,▁Sku,1,0.03388682
sts,pol_Latn,47154,uwa,1,0.03388682
sts,pol_Latn,47201,Ę,3,0.10166045
sts,pol_Latn,47464,▁Są,1,0.03388682
sts,pol_Latn,47549,▁wygląda,1,0.03388682
sts,pol_Latn,47606,spr,1,0.03388682
sts,pol_Latn,48065,prost,1,0.03388682
sts,pol_Latn,48569,▁pół,1,0.03388682
sts,pol_Latn,49029,▁każdym,1,0.03388682
sts,pol_Latn,49032,praw,1,0.03388682
sts,pol_Latn,49171,kolwiek,1,0.03388682
sts,pol_Latn,49249,kowa,1,0.03388682
sts,pol_Latn,49298,▁koszt,2,0.06777364
sts,pol_Latn,49626,▁uzna,1,0.03388682
sts,pol_Latn,49850,▁część,1,0.03388682
sts,pol_Latn,49851,▁Teraz,1,0.03388682
sts,pol_Latn,50676,▁psa,2,0.06777364
sts,pol_Latn,50697,▁ug,1,0.03388682
sts,pol_Latn,51090,▁zosta,1,0.03388682
sts,pol_Latn,51150,▁nieco,1,0.03388682
sts,pol_Latn,51281,▁czeka,2,0.06777364
sts,pol_Latn,51293,▁stanowi,2,0.06777364
sts,pol_Latn,51473,jmy,1,0.03388682
sts,pol_Latn,51929,▁później,1,0.03388682
sts,pol_Latn,52178,▁głos,3,0.10166045
sts,pol_Latn,52194,szcza,1,0.03388682
sts,pol_Latn,52215,CZ,1,0.03388682
sts,pol_Latn,52371,▁trafi,1,0.03388682
sts,pol_Latn,53063,pię,1,0.03388682
sts,pol_Latn,53137,Ł,1,0.03388682
sts,pol_Latn,53343,demokra,1,0.03388682
sts,pol_Latn,53844,gląd,4,0.13554727
sts,pol_Latn,53969,niejsze,1,0.03388682
sts,pol_Latn,54028,sław,6,0.20332091
sts,pol_Latn,54492,▁Polska,2,0.06777364
sts,pol_Latn,54588,wię,1,0.03388682
sts,pol_Latn,55059,▁miesiąc,1,0.03388682
sts,pol_Latn,55358,▁wybor,4,0.13554727
sts,pol_Latn,55417,▁bieg,2,0.06777364
sts,pol_Latn,55951,twitter,1,0.03388682
sts,pol_Latn,55987,▁formu,1,0.03388682
sts,pol_Latn,56486,▁znaleźć,1,0.03388682
sts,pol_Latn,56538,czone,1,0.03388682
sts,pol_Latn,56577,▁podpis,1,0.03388682
sts,pol_Latn,56659,▁postaci,1,0.03388682
sts,pol_Latn,56770,▁pomocy,4,0.13554727
sts,pol_Latn,56967,zli,1,0.03388682
sts,pol_Latn,57160,▁sprzeda,1,0.03388682
sts,pol_Latn,57183,óż,1,0.03388682
sts,pol_Latn,57264,▁razy,1,0.03388682
sts,pol_Latn,57319,▁artykuł,2,0.06777364
sts,pol_Latn,57528,▁świata,1,0.03388682
sts,pol_Latn,57900,▁przekaz,1,0.03388682
sts,pol_Latn,58354,▁uważa,1,0.03388682
sts,pol_Latn,58426,▁swojego,1,0.03388682
sts,pol_Latn,59016,żu,1,0.03388682
sts,pol_Latn,59417,▁zostanie,1,0.03388682
sts,pol_Latn,59457,brać,2,0.06777364
sts,pol_Latn,59647,▁razie,1,0.03388682
sts,pol_Latn,59862,▁ludzie,1,0.03388682
sts,pol_Latn,60079,▁TAK,1,0.03388682
sts,pol_Latn,60474,cę,1,0.03388682
sts,pol_Latn,60572,dzić,1,0.03388682
sts,pol_Latn,60903,▁naby,1,0.03388682
sts,pol_Latn,61108,▁lekarz,1,0.03388682
sts,pol_Latn,61732,▁dziecka,1,0.03388682
sts,pol_Latn,62240,▁leku,1,0.03388682
sts,pol_Latn,62242,▁pocz,2,0.06777364
sts,pol_Latn,62614,▁geno,2,0.06777364
sts,pol_Latn,62900,▁sytuacji,1,0.03388682
sts,pol_Latn,63073,▁oczywiście,1,0.03388682
sts,pol_Latn,63109,ywa,2,0.06777364
sts,pol_Latn,63202,ząc,2,0.06777364
sts,pol_Latn,63229,▁związku,1,0.03388682
sts,pol_Latn,63256,szek,1,0.03388682
sts,pol_Latn,63528,ył,1,0.03388682
sts,pol_Latn,63794,▁Dlatego,1,0.03388682
sts,pol_Latn,63987,▁chirurg,1,0.03388682
sts,pol_Latn,64459,▁rozwoju,1,0.03388682
sts,pol_Latn,64578,ńskiego,1,0.03388682
sts,pol_Latn,64594,▁zapewnia,1,0.03388682
sts,pol_Latn,65159,▁reduk,1,0.03388682
sts,pol_Latn,65313,▁kampani,1,0.03388682
sts,pol_Latn,65561,żą,1,0.03388682
sts,pol_Latn,65850,▁Kolej,2,0.06777364
sts,pol_Latn,66009,kies,2,0.06777364
sts,pol_Latn,66118,EGO,1,0.03388682
sts,pol_Latn,66190,cząc,1,0.03388682
sts,pol_Latn,66475,▁ciągu,1,0.03388682
sts,pol_Latn,66882,HF,1,0.03388682
sts,pol_Latn,67376,owni,1,0.03388682
sts,pol_Latn,67708,ciel,1,0.03388682
sts,pol_Latn,67861,▁ode,1,0.03388682
sts,pol_Latn,68040,▁punktu,1,0.03388682
sts,pol_Latn,68515,rzeć,1,0.03388682
sts,pol_Latn,68535,Ż,2,0.06777364
sts,pol_Latn,68664,▁prawie,2,0.06777364
sts,pol_Latn,69126,▁końca,1,0.03388682
sts,pol_Latn,70169,▁podstawie,1,0.03388682
sts,pol_Latn,70205,▁dokładnie,1,0.03388682
sts,pol_Latn,70565,▁kolejny,1,0.03388682
sts,pol_Latn,70627,rwa,1,0.03388682
sts,pol_Latn,70723,▁powiedział,2,0.06777364
sts,pol_Latn,70968,▁Platform,2,0.06777364
sts,pol_Latn,71256,kowski,5,0.16943409
sts,pol_Latn,71672,▁mało,1,0.03388682
sts,pol_Latn,71686,▁ruch,1,0.03388682
sts,pol_Latn,71706,▁terapia,1,0.03388682
sts,pol_Latn,71777,▁szko,1,0.03388682
sts,pol_Latn,72057,oty,2,0.06777364
sts,pol_Latn,72461,▁drugiej,3,0.10166045
sts,pol_Latn,73018,▁fajn,1,0.03388682
sts,pol_Latn,73121,zami,1,0.03388682
sts,pol_Latn,73549,zwy,3,0.10166045
sts,pol_Latn,73743,▁słowa,1,0.03388682
sts,pol_Latn,73759,▁szt,4,0.13554727
sts,pol_Latn,73985,▁jednego,1,0.03388682
sts,pol_Latn,74084,▁stronę,1,0.03388682
sts,pol_Latn,74158,cyjnego,1,0.03388682
sts,pol_Latn,74303,▁dz,1,0.03388682
sts,pol_Latn,74363,krom,1,0.03388682
sts,pol_Latn,74492,▁człowiek,2,0.06777364
sts,pol_Latn,75156,▁gdyż,1,0.03388682
sts,pol_Latn,75207,pę,1,0.03388682
sts,pol_Latn,75423,owali,4,0.13554727
sts,pol_Latn,75440,▁rząd,4,0.13554727
sts,pol_Latn,75558,▁państw,1,0.03388682
sts,pol_Latn,75567,▁jedną,1,0.03388682
sts,pol_Latn,75733,▁Kid,1,0.03388682
sts,pol_Latn,76440,▁sonda,1,0.03388682
sts,pol_Latn,77111,▁NIE,2,0.06777364
sts,pol_Latn,77286,łego,1,0.03388682
sts,pol_Latn,77386,▁niestety,1,0.03388682
sts,pol_Latn,77636,dziej,1,0.03388682
sts,pol_Latn,77688,▁rodzaj,1,0.03388682
sts,pol_Latn,78018,▁sank,1,0.03388682
sts,pol_Latn,78028,szko,5,0.16943409
sts,pol_Latn,78169,▁Każdy,1,0.03388682
sts,pol_Latn,78286,▁jesteśmy,1,0.03388682
sts,pol_Latn,78425,średni,1,0.03388682
sts,pol_Latn,78540,▁KOR,1,0.03388682
sts,pol_Latn,78709,Ś,3,0.10166045
sts,pol_Latn,79407,owanego,2,0.06777364
sts,pol_Latn,79579,cyj,1,0.03388682
sts,pol_Latn,79644,▁itp,1,0.03388682
sts,pol_Latn,79769,zeni,2,0.06777364
sts,pol_Latn,79803,▁rozpoczę,1,0.03388682
sts,pol_Latn,79953,acją,2,0.06777364
sts,pol_Latn,80026,▁RP,1,0.03388682
sts,pol_Latn,80187,▁procedur,1,0.03388682
sts,pol_Latn,80369,czas,1,0.03388682
sts,pol_Latn,80437,▁głównie,1,0.03388682
sts,pol_Latn,80531,▁właściciel,1,0.03388682
sts,pol_Latn,80580,biec,1,0.03388682
sts,pol_Latn,80602,tuje,1,0.03388682
sts,pol_Latn,80639,▁Dzi,6,0.20332091
sts,pol_Latn,81287,mówi,1,0.03388682
sts,pol_Latn,81515,▁trzeci,1,0.03388682
sts,pol_Latn,81654,▁obecnie,1,0.03388682
sts,pol_Latn,81722,▁gratul,1,0.03388682
sts,pol_Latn,81751,▁trakcie,1,0.03388682
sts,pol_Latn,81886,▁ratu,1,0.03388682
sts,pol_Latn,82047,▁zapad,1,0.03388682
sts,pol_Latn,82373,▁Czas,1,0.03388682
sts,pol_Latn,82376,▁zatem,1,0.03388682
sts,pol_Latn,82734,▁myśli,1,0.03388682
sts,pol_Latn,82802,▁człon,1,0.03388682
sts,pol_Latn,83063,▁epidemi,7,0.23720773
sts,pol_Latn,83065,mienia,1,0.03388682
sts,pol_Latn,83380,wcze,1,0.03388682
sts,pol_Latn,83515,cić,1,0.03388682
sts,pol_Latn,83696,▁odbywa,1,0.03388682
sts,pol_Latn,83720,czym,1,0.03388682
sts,pol_Latn,83879,▁nadzieję,1,0.03388682
sts,pol_Latn,83918,▁polityk,1,0.03388682
sts,pol_Latn,83972,▁doświadczenie,1,0.03388682
sts,pol_Latn,84033,▁pierwszej,2,0.06777364
sts,pol_Latn,84186,▁tys,2,0.06777364
sts,pol_Latn,84508,▁momentu,1,0.03388682
sts,pol_Latn,84689,▁potrzeby,1,0.03388682
sts,pol_Latn,84842,▁poziomie,1,0.03388682
sts,pol_Latn,86073,▁będziemy,1,0.03388682
sts,pol_Latn,86465,▁udało,1,0.03388682
sts,pol_Latn,86823,ZY,3,0.10166045
sts,pol_Latn,87025,▁innego,1,0.03388682
sts,pol_Latn,87055,▁Pomoc,1,0.03388682
sts,pol_Latn,87268,▁pozwoli,1,0.03388682
sts,pol_Latn,87550,▁powinno,1,0.03388682
sts,pol_Latn,87897,jścia,1,0.03388682
sts,pol_Latn,87980,▁towar,1,0.03388682
sts,pol_Latn,88514,▁zaraz,1,0.03388682
sts,pol_Latn,89204,lnym,1,0.03388682
sts,pol_Latn,89208,▁tworzy,1,0.03388682
sts,pol_Latn,89451,eczka,4,0.13554727
sts,pol_Latn,89600,łożyć,1,0.03388682
sts,pol_Latn,89842,▁rodzic,1,0.03388682
sts,pol_Latn,90241,szego,1,0.03388682
sts,pol_Latn,90509,nięcia,1,0.03388682
sts,pol_Latn,90800,▁lipca,1,0.03388682
sts,pol_Latn,90810,tania,1,0.03388682
sts,pol_Latn,91060,trzy,1,0.03388682
sts,pol_Latn,91786,▁sprzęt,1,0.03388682
sts,pol_Latn,92464,▁prowadzi,2,0.06777364
sts,pol_Latn,92544,▁Biznes,1,0.03388682
sts,pol_Latn,92898,YL,1,0.03388682
sts,pol_Latn,93211,głos,4,0.13554727
sts,pol_Latn,93932,▁SMA,2,0.06777364
sts,pol_Latn,94161,▁zwłaszcza,1,0.03388682
sts,pol_Latn,94218,▁treści,2,0.06777364
sts,pol_Latn,94263,▁wystąpi,1,0.03388682
sts,pol_Latn,94540,▁akcji,1,0.03388682
sts,pol_Latn,95087,chę,1,0.03388682
sts,pol_Latn,95292,▁uzyska,1,0.03388682
sts,pol_Latn,95461,▁Czytaj,1,0.03388682
sts,pol_Latn,95552,płaty,2,0.06777364
sts,pol_Latn,95792,owały,1,0.03388682
sts,pol_Latn,95940,▁okresie,3,0.10166045
sts,pol_Latn,96110,▁Zobacz,1,0.03388682
sts,pol_Latn,96253,▁zazna,4,0.13554727
sts,pol_Latn,96344,▁zatrudni,1,0.03388682
sts,pol_Latn,96546,▁wskaza,1,0.03388682
sts,pol_Latn,97202,▁zorganizowa,1,0.03388682
sts,pol_Latn,97338,▁wybór,1,0.03388682
sts,pol_Latn,97486,▁wiedzy,1,0.03388682
sts,pol_Latn,97857,torium,2,0.06777364
sts,pol_Latn,98074,▁samego,1,0.03388682
sts,pol_Latn,99023,▁wysoki,1,0.03388682
sts,pol_Latn,99293,▁pieniądze,1,0.03388682
sts,pol_Latn,99556,▁choroby,1,0.03388682
sts,pol_Latn,99890,▁Przez,1,0.03388682
sts,pol_Latn,100111,liście,1,0.03388682
sts,pol_Latn,100224,▁dobrej,1,0.03388682
sts,pol_Latn,100340,▁niedo,1,0.03388682
sts,pol_Latn,100416,▁całym,1,0.03388682
sts,pol_Latn,100731,▁oceni,2,0.06777364
sts,pol_Latn,101388,▁wręcz,3,0.10166045
sts,pol_Latn,102065,▁gdyby,1,0.03388682
sts,pol_Latn,102360,▁stanu,4,0.13554727
sts,pol_Latn,102476,POR,1,0.03388682
sts,pol_Latn,102714,▁postęp,2,0.06777364
sts,pol_Latn,102849,wsze,1,0.03388682
sts,pol_Latn,103177,▁Unii,1,0.03388682
sts,pol_Latn,104109,▁szyb,1,0.03388682
sts,pol_Latn,105310,▁złotych,3,0.10166045
sts,pol_Latn,105376,Gen,2,0.06777364
sts,pol_Latn,105531,▁NAJ,1,0.03388682
sts,pol_Latn,105640,KUP,1,0.03388682
sts,pol_Latn,105716,▁polega,3,0.10166045
sts,pol_Latn,107814,▁zrobił,1,0.03388682
sts,pol_Latn,107945,▁dotyczy,1,0.03388682
sts,pol_Latn,108075,owska,1,0.03388682
sts,pol_Latn,108207,owskiego,7,0.23720773
sts,pol_Latn,108237,rzut,1,0.03388682
sts,pol_Latn,108637,ńska,1,0.03388682
sts,pol_Latn,108724,▁Gratul,1,0.03388682
sts,pol_Latn,108866,▁wieczor,1,0.03388682
sts,pol_Latn,110142,ysta,1,0.03388682
sts,pol_Latn,110600,▁dniach,1,0.03388682
sts,pol_Latn,111153,dzę,1,0.03388682
sts,pol_Latn,112554,▁udostępni,1,0.03388682
sts,pol_Latn,112610,▁muszą,1,0.03388682
sts,pol_Latn,112663,▁oddział,1,0.03388682
sts,pol_Latn,113048,▁urat,1,0.03388682
sts,pol_Latn,113450,ZIA,1,0.03388682
sts,pol_Latn,113847,▁Reklama,2,0.06777364
sts,pol_Latn,114613,ważnie,1,0.03388682
sts,pol_Latn,114867,▁Artur,2,0.06777364
sts,pol_Latn,115802,▁wspiera,1,0.03388682
sts,pol_Latn,116196,▁Jaro,6,0.20332091
sts,pol_Latn,116232,▁zebra,1,0.03388682
sts,pol_Latn,116820,▁klucz,1,0.03388682
sts,pol_Latn,116868,▁tysięcy,2,0.06777364
sts,pol_Latn,116869,▁większości,1,0.03388682
sts,pol_Latn,117048,mysł,3,0.10166045
sts,pol_Latn,117431,czyk,1,0.03388682
sts,pol_Latn,117831,▁szal,1,0.03388682
sts,pol_Latn,118332,▁kolei,1,0.03388682
sts,pol_Latn,118568,▁Rafa,4,0.13554727
sts,pol_Latn,118638,RZ,1,0.03388682
sts,pol_Latn,119204,promo,1,0.03388682
sts,pol_Latn,119449,▁świetnie,1,0.03388682
sts,pol_Latn,120131,JAK,2,0.06777364
sts,pol_Latn,120249,▁działalność,1,0.03388682
sts,pol_Latn,120973,ckich,1,0.03388682
sts,pol_Latn,121290,bór,1,0.03388682
sts,pol_Latn,121768,owań,1,0.03388682
sts,pol_Latn,122359,DRO,2,0.06777364
sts,pol_Latn,122635,▁związan,1,0.03388682
sts,pol_Latn,122904,▁celem,1,0.03388682
sts,pol_Latn,123431,▁jakich,1,0.03388682
sts,pol_Latn,123536,▁elementy,1,0.03388682
sts,pol_Latn,124312,▁oczekiwa,1,0.03388682
sts,pol_Latn,124699,▁Terapi,1,0.03388682
sts,pol_Latn,125241,cjami,1,0.03388682
sts,pol_Latn,125267,ANIA,2,0.06777364
sts,pol_Latn,126082,▁upad,3,0.10166045
sts,pol_Latn,126212,▁potrzebuje,1,0.03388682
sts,pol_Latn,127303,▁duży,1,0.03388682
sts,pol_Latn,127402,▁refund,1,0.03388682
sts,pol_Latn,127680,zata,2,0.06777364
sts,pol_Latn,127856,▁państwa,1,0.03388682
sts,pol_Latn,128045,▁gwiazd,1,0.03388682
sts,pol_Latn,128099,▁znaczenie,1,0.03388682
sts,pol_Latn,129136,czesny,1,0.03388682
sts,pol_Latn,129247,wną,1,0.03388682
sts,pol_Latn,129304,▁pieniędzy,1,0.03388682
sts,pol_Latn,129772,edług,2,0.06777364
sts,pol_Latn,130728,▁zagra,1,0.03388682
sts,pol_Latn,131752,▁porusza,1,0.03388682
sts,pol_Latn,132421,▁Andrzej,4,0.13554727
sts,pol_Latn,132844,OJE,1,0.03388682
sts,pol_Latn,132857,zce,1,0.03388682
sts,pol_Latn,132917,▁wówczas,1,0.03388682
sts,pol_Latn,132990,▁jakoś,1,0.03388682
sts,pol_Latn,133308,▁pismo,1,0.03388682
sts,pol_Latn,135238,AGO,1,0.03388682
sts,pol_Latn,135625,▁mięśni,2,0.06777364
sts,pol_Latn,135748,▁mówił,2,0.06777364
sts,pol_Latn,136182,▁ustaw,1,0.03388682
sts,pol_Latn,137842,pięt,1,0.03388682
sts,pol_Latn,137893,▁włącz,1,0.03388682
sts,pol_Latn,138272,byśmy,1,0.03388682
sts,pol_Latn,138416,▁wypadku,2,0.06777364
sts,pol_Latn,138821,▁chłop,1,0.03388682
sts,pol_Latn,139097,▁własne,1,0.03388682
sts,pol_Latn,139201,▁wartość,1,0.03388682
sts,pol_Latn,139292,▁określony,1,0.03388682
sts,pol_Latn,139678,▁BEZ,1,0.03388682
sts,pol_Latn,140115,▁pierwszego,1,0.03388682
sts,pol_Latn,140167,▁poroz,1,0.03388682
sts,pol_Latn,140329,▁obywatel,2,0.06777364
sts,pol_Latn,140759,prowadzi,1,0.03388682
sts,pol_Latn,141409,▁fasz,1,0.03388682
sts,pol_Latn,141920,▁wyniku,2,0.06777364
sts,pol_Latn,143762,▁najważniejsze,1,0.03388682
sts,pol_Latn,144572,jalni,1,0.03388682
sts,pol_Latn,145344,Jesteśmy,1,0.03388682
sts,pol_Latn,145372,owcy,1,0.03388682
sts,pol_Latn,145489,owskiej,1,0.03388682
sts,pol_Latn,147674,▁cztery,2,0.06777364
sts,pol_Latn,147914,▁terminu,1,0.03388682
sts,pol_Latn,147950,▁prezydent,6,0.20332091
sts,pol_Latn,148147,DZI,1,0.03388682
sts,pol_Latn,148711,ówkę,1,0.03388682
sts,pol_Latn,149145,▁ciężko,1,0.03388682
sts,pol_Latn,150201,STY,1,0.03388682
sts,pol_Latn,150231,▁firmę,1,0.03388682
sts,pol_Latn,150307,sąd,1,0.03388682
sts,pol_Latn,151020,▁zmiana,1,0.03388682
sts,pol_Latn,151403,▁skończy,2,0.06777364
sts,pol_Latn,152307,▁postępowania,1,0.03388682
sts,pol_Latn,152341,▁wiedzą,1,0.03388682
sts,pol_Latn,152649,▁palce,1,0.03388682
sts,pol_Latn,153101,ŁA,1,0.03388682
sts,pol_Latn,153167,trą,1,0.03388682
sts,pol_Latn,153967,▁żar,1,0.03388682
sts,pol_Latn,154314,▁podobnie,1,0.03388682
sts,pol_Latn,154608,ESO,1,0.03388682
sts,pol_Latn,156990,▁wiatr,1,0.03388682
sts,pol_Latn,157435,▁Europejskiej,1,0.03388682
sts,pol_Latn,157617,▁Wiele,1,0.03388682
sts,pol_Latn,157954,▁finansowe,1,0.03388682
sts,pol_Latn,158307,▁ocenia,1,0.03388682
sts,pol_Latn,158752,▁wniosku,2,0.06777364
sts,pol_Latn,159666,▁pięknie,1,0.03388682
sts,pol_Latn,159779,▁niektóre,1,0.03388682
sts,pol_Latn,160379,▁okresu,1,0.03388682
sts,pol_Latn,160861,▁Będzie,1,0.03388682
sts,pol_Latn,161357,WIE,2,0.06777364
sts,pol_Latn,161602,▁tworzą,1,0.03388682
sts,pol_Latn,161721,▁ogłosz,2,0.06777364
sts,pol_Latn,162746,▁nową,1,0.03388682
sts,pol_Latn,163588,▁wsparcie,1,0.03388682
sts,pol_Latn,164761,▁poznać,1,0.03388682
sts,pol_Latn,165626,▁największy,1,0.03388682
sts,pol_Latn,165664,▁rozpoczyna,1,0.03388682
sts,pol_Latn,166196,dzielić,2,0.06777364
sts,pol_Latn,166227,▁trafił,1,0.03388682
sts,pol_Latn,166411,▁Warszawy,2,0.06777364
sts,pol_Latn,167106,▁święto,1,0.03388682
sts,pol_Latn,168497,▁poprawia,1,0.03388682
sts,pol_Latn,169158,▁wychodzi,1,0.03388682
sts,pol_Latn,169514,▁leczenie,2,0.06777364
sts,pol_Latn,169964,▁mówiąc,1,0.03388682
sts,pol_Latn,171897,▁specjalnie,1,0.03388682
sts,pol_Latn,172622,▁największe,1,0.03388682
sts,pol_Latn,172625,▁szczęśliw,1,0.03388682
sts,pol_Latn,173796,▁wielkości,1,0.03388682
sts,pol_Latn,173923,ELU,1,0.03388682
sts,pol_Latn,174112,korpora,1,0.03388682
sts,pol_Latn,174284,▁pięć,1,0.03388682
sts,pol_Latn,174579,▁Dziękuję,1,0.03388682
sts,pol_Latn,175276,eczna,2,0.06777364
sts,pol_Latn,175319,▁szef,1,0.03388682
sts,pol_Latn,175359,▁pierwsza,2,0.06777364
sts,pol_Latn,175851,yzacji,3,0.10166045
sts,pol_Latn,176720,▁prezes,1,0.03388682
sts,pol_Latn,177052,▁ślad,1,0.03388682
sts,pol_Latn,177184,▁Marcin,4,0.13554727
sts,pol_Latn,177269,ANIE,1,0.03388682
sts,pol_Latn,177303,przedsiębiorc,3,0.10166045
sts,pol_Latn,177995,▁wolno,1,0.03388682
sts,pol_Latn,178148,▁niedzielę,1,0.03388682
sts,pol_Latn,179075,podkreśl,1,0.03388682
sts,pol_Latn,179698,▁Krzysztof,4,0.13554727
sts,pol_Latn,180192,▁podstawowych,1,0.03388682
sts,pol_Latn,181105,▁ruski,2,0.06777364
sts,pol_Latn,182220,▁Łodzi,8,0.27109454
sts,pol_Latn,182432,▁średnie,1,0.03388682
sts,pol_Latn,183330,▁własną,1,0.03388682
sts,pol_Latn,183792,▁przypomni,1,0.03388682
sts,pol_Latn,184597,▁wypowiedzi,1,0.03388682
sts,pol_Latn,184879,▁dostał,3,0.10166045
sts,pol_Latn,185552,▁wyników,1,0.03388682
sts,pol_Latn,186096,INTER,1,0.03388682
sts,pol_Latn,186766,▁widzenia,1,0.03388682
sts,pol_Latn,187165,▁niewiele,1,0.03388682
sts,pol_Latn,187231,▁Zawsze,1,0.03388682
sts,pol_Latn,189505,ŁO,1,0.03388682
sts,pol_Latn,189658,▁Więc,1,0.03388682
sts,pol_Latn,190104,▁wsparcia,2,0.06777364
sts,pol_Latn,190661,▁źle,1,0.03388682
sts,pol_Latn,190691,▁osobisty,1,0.03388682
sts,pol_Latn,190914,chał,1,0.03388682
sts,pol_Latn,191865,▁zapewne,2,0.06777364
sts,pol_Latn,194290,▁czuje,1,0.03388682
sts,pol_Latn,194563,▁szukać,1,0.03388682
sts,pol_Latn,195670,yzacja,2,0.06777364
sts,pol_Latn,196087,▁Poniżej,1,0.03388682
sts,pol_Latn,196328,faktur,1,0.03388682
sts,pol_Latn,197566,▁zbiór,1,0.03388682
sts,pol_Latn,201306,▁uroczystości,1,0.03388682
sts,pol_Latn,201437,▁krzyż,1,0.03388682
sts,pol_Latn,203243,▁wspólny,1,0.03388682
sts,pol_Latn,203649,▁stwierdził,1,0.03388682
sts,pol_Latn,203848,▁kandydat,3,0.10166045
sts,pol_Latn,204936,▁wolności,1,0.03388682
sts,pol_Latn,206406,ciągnąć,1,0.03388682
sts,pol_Latn,206416,▁prywatne,1,0.03388682
sts,pol_Latn,206556,▁zgłasza,1,0.03388682
sts,pol_Latn,206572,▁pojęcia,2,0.06777364
sts,pol_Latn,206745,▁milionów,1,0.03388682
sts,pol_Latn,206824,▁Myśl,1,0.03388682
sts,pol_Latn,210345,▁sądow,8,0.27109454
sts,pol_Latn,210636,▁Wielkiej,1,0.03388682
sts,pol_Latn,213037,niesienia,1,0.03388682
sts,pol_Latn,213165,▁wymiany,1,0.03388682
sts,pol_Latn,213231,▁komplement,1,0.03388682
sts,pol_Latn,213239,▁pozostałych,1,0.03388682
sts,pol_Latn,213270,▁Konfeder,6,0.20332091
sts,pol_Latn,213401,płaszcz,1,0.03388682
sts,pol_Latn,213438,niósł,1,0.03388682
sts,pol_Latn,214003,▁Większość,1,0.03388682
sts,pol_Latn,215332,▁niedawno,1,0.03388682
sts,pol_Latn,215874,▁kwoty,1,0.03388682
sts,pol_Latn,216611,▁praktyce,1,0.03388682
sts,pol_Latn,218657,▁musieli,1,0.03388682
sts,pol_Latn,219665,▁przygotował,1,0.03388682
sts,pol_Latn,221203,▁krytyk,1,0.03388682
sts,pol_Latn,221562,▁kandydatów,3,0.10166045
sts,pol_Latn,223081,▁kilkanaście,1,0.03388682
sts,pol_Latn,223445,powiedź,1,0.03388682
sts,pol_Latn,223491,▁Pierwsza,1,0.03388682
sts,pol_Latn,223923,▁decyzja,1,0.03388682
sts,pol_Latn,223944,▁zagrożenia,2,0.06777364
sts,pol_Latn,224605,▁okazać,1,0.03388682
sts,pol_Latn,225756,▁obowiązek,1,0.03388682
sts,pol_Latn,225865,▁przedsiębiorców,1,0.03388682
sts,pol_Latn,229687,▁najbliższych,1,0.03388682
sts,pol_Latn,231604,▁ogromną,1,0.03388682
sts,pol_Latn,232770,▁Świąt,1,0.03388682
sts,pol_Latn,236966,▁zaangażowanie,1,0.03388682
sts,pol_Latn,237763,prowadzą,1,0.03388682
sts,pol_Latn,239264,▁ewentualnie,1,0.03388682
sts,pol_Latn,240828,skoczył,1,0.03388682
sts,pol_Latn,241087,▁ręką,1,0.03388682
sts,pol_Latn,241762,▁przekroczy,1,0.03388682
sts,pol_Latn,243165,▁dziecięce,1,0.03388682
sts,tur_Latn,4,",",73,2.48046211
sts,tur_Latn,5,.,103,3.49983011
sts,tur_Latn,6,▁,11,0.37376826
sts,tur_Latn,7,s,9,0.30581040
sts,tur_Latn,8,▁de,22,0.74753653
sts,tur_Latn,11,a,14,0.47570506
sts,tur_Latn,12,:,3,0.10193680
sts,tur_Latn,13,e,15,0.50968400
sts,tur_Latn,14,i,18,0.61162080
sts,tur_Latn,18,t,1,0.03397893
sts,tur_Latn,19,n,26,0.88345226
sts,tur_Latn,20,▁-,5,0.16989467
sts,tur_Latn,22,▁en,7,0.23785253
sts,tur_Latn,23,▁in,1,0.03397893
sts,tur_Latn,25,',26,0.88345226
sts,tur_Latn,26,’,9,0.30581040
sts,tur_Latn,28,▁e,2,0.06795787
sts,tur_Latn,32,?,2,0.06795787
sts,tur_Latn,33,en,8,0.27183146
sts,tur_Latn,34,u,3,0.10193680
sts,tur_Latn,39,m,9,0.30581040
sts,tur_Latn,40,▁se,2,0.06795787
sts,tur_Latn,42,r,9,0.30581040
sts,tur_Latn,44,"▁""",4,0.13591573
sts,tur_Latn,48,▁da,14,0.47570506
sts,tur_Latn,52,▁“,5,0.16989467
sts,tur_Latn,53,y,9,0.30581040
sts,tur_Latn,54,▁do,2,0.06795787
sts,tur_Latn,56,er,5,0.16989467
sts,tur_Latn,57,▁sa,1,0.03397893
sts,tur_Latn,58,"""",4,0.13591573
sts,tur_Latn,62,▁A,5,0.16989467
sts,tur_Latn,63,”,5,0.16989467
sts,tur_Latn,66,an,6,0.20387360
sts,tur_Latn,67,te,4,0.13591573
sts,tur_Latn,72,▁er,2,0.06795787
sts,tur_Latn,73,in,8,0.27183146
sts,tur_Latn,76,na,8,0.27183146
sts,tur_Latn,82,▁et,2,0.06795787
sts,tur_Latn,85,da,22,0.74753653
sts,tur_Latn,86,ne,4,0.13591573
sts,tur_Latn,88,▁el,1,0.03397893
sts,tur_Latn,90,es,1,0.03397893
sts,tur_Latn,92,k,8,0.27183146
sts,tur_Latn,93,ni,8,0.27183146
sts,tur_Latn,99,▁at,2,0.06795787
sts,tur_Latn,102,ta,1,0.03397893
sts,tur_Latn,106,▁1,5,0.16989467
sts,tur_Latn,107,re,1,0.03397893
sts,tur_Latn,108,▁ne,3,0.10193680
sts,tur_Latn,111,▁of,4,0.13591573
sts,tur_Latn,112,de,8,0.27183146
sts,tur_Latn,113,▁y,1,0.03397893
sts,tur_Latn,116,▁2,3,0.10193680
sts,tur_Latn,121,▁para,4,0.13591573
sts,tur_Latn,122,▁der,4,0.13591573
sts,tur_Latn,128,▁med,3,0.10193680
sts,tur_Latn,133,le,11,0.37376826
sts,tur_Latn,138,▁3,1,0.03397893
sts,tur_Latn,141,l,5,0.16989467
sts,tur_Latn,142,▁an,1,0.03397893
sts,tur_Latn,143,la,7,0.23785253
sts,tur_Latn,144,▁al,5,0.16989467
sts,tur_Latn,150,li,6,0.20387360
sts,tur_Latn,151,▁ya,3,0.10193680
sts,tur_Latn,152,▁:,1,0.03397893
sts,tur_Latn,159,▁S,5,0.16989467
sts,tur_Latn,164,is,3,0.10193680
sts,tur_Latn,166,▁su,2,0.06795787
sts,tur_Latn,169,z,2,0.06795787
sts,tur_Latn,172,si,2,0.06795787
sts,tur_Latn,173,▁ve,49,1.66496772
sts,tur_Latn,182,▁har,3,0.10193680
sts,tur_Latn,184,se,2,0.06795787
sts,tur_Latn,186,▁be,4,0.13591573
sts,tur_Latn,187,▁ar,2,0.06795787
sts,tur_Latn,195,em,1,0.03397893
sts,tur_Latn,198,▁es,1,0.03397893
sts,tur_Latn,200,▁ki,1,0.03397893
sts,tur_Latn,203,▁kan,1,0.03397893
sts,tur_Latn,204,▁‘,1,0.03397893
sts,tur_Latn,211,▁il,3,0.10193680
sts,tur_Latn,237,▁as,2,0.06795787
sts,tur_Latn,238,c,1,0.03397893
sts,tur_Latn,248,▁/,1,0.03397893
sts,tur_Latn,254,p,6,0.20387360
sts,tur_Latn,257,at,2,0.06795787
sts,tur_Latn,263,▁bir,40,1.35915732
sts,tur_Latn,266,mi,1,0.03397893
sts,tur_Latn,277,com,1,0.03397893
sts,tur_Latn,282,me,1,0.03397893
sts,tur_Latn,284,A,1,0.03397893
sts,tur_Latn,285,▁var,1,0.03397893
sts,tur_Latn,289,al,2,0.06795787
sts,tur_Latn,291,▁ma,1,0.03397893
sts,tur_Latn,295,▁az,3,0.10193680
sts,tur_Latn,300,▁ni,3,0.10193680
sts,tur_Latn,301,ki,9,0.30581040
sts,tur_Latn,302,am,1,0.03397893
sts,tur_Latn,305,▁6,1,0.03397893
sts,tur_Latn,309,un,11,0.37376826
sts,tur_Latn,320,lar,9,0.30581040
sts,tur_Latn,321,▁din,1,0.03397893
sts,tur_Latn,333,▁bi,1,0.03397893
sts,tur_Latn,334,v,11,0.37376826
sts,tur_Latn,335,▁B,5,0.16989467
sts,tur_Latn,343,ek,1,0.03397893
sts,tur_Latn,344,ak,1,0.03397893
sts,tur_Latn,350,ke,1,0.03397893
sts,tur_Latn,363,3,2,0.06795787
sts,tur_Latn,373,▁bu,14,0.47570506
sts,tur_Latn,382,▁8,1,0.03397893
sts,tur_Latn,395,ya,6,0.20387360
sts,tur_Latn,408,ca,1,0.03397893
sts,tur_Latn,428,di,2,0.06795787
sts,tur_Latn,433,sa,5,0.16989467
sts,tur_Latn,464,im,8,0.27183146
sts,tur_Latn,493,▁ver,1,0.03397893
sts,tur_Latn,496,▁30,5,0.16989467
sts,tur_Latn,503,▁Se,1,0.03397893
sts,tur_Latn,510,ten,3,0.10193680
sts,tur_Latn,527,▁G,1,0.03397893
sts,tur_Latn,537,▁ay,4,0.13591573
sts,tur_Latn,539,nu,1,0.03397893
sts,tur_Latn,542,▁von,2,0.06795787
sts,tur_Latn,543,▁18,1,0.03397893
sts,tur_Latn,549,dan,5,0.16989467
sts,tur_Latn,555,den,4,0.13591573
sts,tur_Latn,571,B,1,0.03397893
sts,tur_Latn,597,lik,3,0.10193680
sts,tur_Latn,603,ler,17,0.57764186
sts,tur_Latn,604,▁her,2,0.06795787
sts,tur_Latn,605,K,2,0.06795787
sts,tur_Latn,615,▁1.,1,0.03397893
sts,tur_Latn,661,▁*,5,0.16989467
sts,tur_Latn,667,▁Bu,5,0.16989467
sts,tur_Latn,670,O,1,0.03397893
sts,tur_Latn,671,▁eller,1,0.03397893
sts,tur_Latn,686,vi,1,0.03397893
sts,tur_Latn,693,du,11,0.37376826
sts,tur_Latn,694,nin,10,0.33978933
sts,tur_Latn,700,▁ge,3,0.10193680
sts,tur_Latn,720,ter,1,0.03397893
sts,tur_Latn,745,▁dem,1,0.03397893
sts,tur_Latn,771,po,4,0.13591573
sts,tur_Latn,775,▁son,1,0.03397893
sts,tur_Latn,786,▁Du,2,0.06795787
sts,tur_Latn,822,lu,5,0.16989467
sts,tur_Latn,836,▁50,2,0.06795787
sts,tur_Latn,839,N,1,0.03397893
sts,tur_Latn,943,ini,1,0.03397893
sts,tur_Latn,980,ları,9,0.30581040
sts,tur_Latn,984,▁Do,1,0.03397893
sts,tur_Latn,1004,▁Er,1,0.03397893
sts,tur_Latn,1017,▁vir,5,0.16989467
sts,tur_Latn,1031,▁3.,1,0.03397893
sts,tur_Latn,1033,ye,8,0.27183146
sts,tur_Latn,1055,men,6,0.20387360
sts,tur_Latn,1057,ı,2,0.06795787
sts,tur_Latn,1067,nde,3,0.10193680
sts,tur_Latn,1076,tan,2,0.06795787
sts,tur_Latn,1098,ken,3,0.10193680
sts,tur_Latn,1099,▁için,5,0.16989467
sts,tur_Latn,1110,ın,8,0.27183146
sts,tur_Latn,1126,9,2,0.06795787
sts,tur_Latn,1127,nda,5,0.16989467
sts,tur_Latn,1159,su,1,0.03397893
sts,tur_Latn,1202,▁video,3,0.10193680
sts,tur_Latn,1212,ine,1,0.03397893
sts,tur_Latn,1303,nek,1,0.03397893
sts,tur_Latn,1304,lı,7,0.23785253
sts,tur_Latn,1336,ski,4,0.13591573
sts,tur_Latn,1341,leri,11,0.37376826
sts,tur_Latn,1350,▁ile,4,0.13591573
sts,tur_Latn,1376,▁ik,1,0.03397893
sts,tur_Latn,1402,nın,7,0.23785253
sts,tur_Latn,1425,▁olan,7,0.23785253
sts,tur_Latn,1428,sel,1,0.03397893
sts,tur_Latn,1496,▁60,2,0.06795787
sts,tur_Latn,1528,▁program,2,0.06795787
sts,tur_Latn,1572,▁Man,9,0.30581040
sts,tur_Latn,1596,sin,1,0.03397893
sts,tur_Latn,1605,rum,2,0.06795787
sts,tur_Latn,1627,▁ek,1,0.03397893
sts,tur_Latn,1694,▁kur,1,0.03397893
sts,tur_Latn,1759,ş,3,0.10193680
sts,tur_Latn,1760,land,4,0.13591573
sts,tur_Latn,1774,▁plan,3,0.10193680
sts,tur_Latn,1790,▁tem,2,0.06795787
sts,tur_Latn,1845,▁Ce,3,0.10193680
sts,tur_Latn,1856,▁daha,9,0.30581040
sts,tur_Latn,1892,▁5.,1,0.03397893
sts,tur_Latn,1961,var,1,0.03397893
sts,tur_Latn,1977,len,3,0.10193680
sts,tur_Latn,2013,▁saat,3,0.10193680
sts,tur_Latn,2054,▁hay,1,0.03397893
sts,tur_Latn,2057,▁ham,1,0.03397893
sts,tur_Latn,2082,vin,1,0.03397893
sts,tur_Latn,2086,▁olarak,5,0.16989467
sts,tur_Latn,2132,▁Ali,1,0.03397893
sts,tur_Latn,2162,▁çok,3,0.10193680
sts,tur_Latn,2209,▁iki,2,0.06795787
sts,tur_Latn,2223,▁ed,1,0.03397893
sts,tur_Latn,2238,ların,15,0.50968400
sts,tur_Latn,2248,▁80,1,0.03397893
sts,tur_Latn,2256,line,1,0.03397893
sts,tur_Latn,2264,ret,1,0.03397893
sts,tur_Latn,2285,ende,1,0.03397893
sts,tur_Latn,2311,tin,2,0.06795787
sts,tur_Latn,2327,mak,2,0.06795787
sts,tur_Latn,2335,lat,1,0.03397893
sts,tur_Latn,2360,▁hem,1,0.03397893
sts,tur_Latn,2387,yi,4,0.13591573
sts,tur_Latn,2394,▁bin,3,0.10193680
sts,tur_Latn,2527,▁ama,1,0.03397893
sts,tur_Latn,2540,sı,1,0.03397893
sts,tur_Latn,2593,▁nak,1,0.03397893
sts,tur_Latn,2624,ici,4,0.13591573
sts,tur_Latn,2642,▁sonra,2,0.06795787
sts,tur_Latn,2651,▁hari,1,0.03397893
sts,tur_Latn,2663,▁top,1,0.03397893
sts,tur_Latn,2678,▁45,2,0.06795787
sts,tur_Latn,2692,▁Video,1,0.03397893
sts,tur_Latn,2709,▁deze,1,0.03397893
sts,tur_Latn,2734,▁Kan,5,0.16989467
sts,tur_Latn,2738,ç,2,0.06795787
sts,tur_Latn,2775,▁Em,1,0.03397893
sts,tur_Latn,2854,dik,1,0.03397893
sts,tur_Latn,2924,▁telefon,1,0.03397893
sts,tur_Latn,2943,hat,2,0.06795787
sts,tur_Latn,2992,▁Bir,2,0.06795787
sts,tur_Latn,2994,▁Ter,1,0.03397893
sts,tur_Latn,3020,dur,4,0.13591573
sts,tur_Latn,3025,tele,2,0.06795787
sts,tur_Latn,3034,▁test,1,0.03397893
sts,tur_Latn,3064,▁tek,3,0.10193680
sts,tur_Latn,3065,▁Pi,1,0.03397893
sts,tur_Latn,3075,ise,1,0.03397893
sts,tur_Latn,3115,▁sol,1,0.03397893
sts,tur_Latn,3121,zen,4,0.13591573
sts,tur_Latn,3152,▁yeni,7,0.23785253
sts,tur_Latn,3157,▁Ab,1,0.03397893
sts,tur_Latn,3163,▁ele,4,0.13591573
sts,tur_Latn,3197,▁gibi,1,0.03397893
sts,tur_Latn,3266,inin,2,0.06795787
sts,tur_Latn,3301,▁kadar,1,0.03397893
sts,tur_Latn,3366,rak,1,0.03397893
sts,tur_Latn,3383,▁sistem,1,0.03397893
sts,tur_Latn,3401,▁ses,1,0.03397893
sts,tur_Latn,3404,▁ev,1,0.03397893
sts,tur_Latn,3442,ip,2,0.06795787
sts,tur_Latn,3472,▁bak,4,0.13591573
sts,tur_Latn,3473,ket,10,0.33978933
sts,tur_Latn,3600,▁gün,4,0.13591573
sts,tur_Latn,3611,end,1,0.03397893
sts,tur_Latn,3772,ır,1,0.03397893
sts,tur_Latn,3793,larda,1,0.03397893
sts,tur_Latn,3852,▁baş,1,0.03397893
sts,tur_Latn,3859,▁zaman,3,0.10193680
sts,tur_Latn,3945,lara,3,0.10193680
sts,tur_Latn,3962,rah,2,0.06795787
sts,tur_Latn,4098,▁yer,1,0.03397893
sts,tur_Latn,4143,▁Ur,2,0.06795787
sts,tur_Latn,4160,orum,3,0.10193680
sts,tur_Latn,4215,▁kal,1,0.03397893
sts,tur_Latn,4240,ef,1,0.03397893
sts,tur_Latn,4242,larını,4,0.13591573
sts,tur_Latn,4252,▁Tur,2,0.06795787
sts,tur_Latn,4304,▁ilk,2,0.06795787
sts,tur_Latn,4355,lık,7,0.23785253
sts,tur_Latn,4440,▁Kom,3,0.10193680
sts,tur_Latn,4542,isa,11,0.37376826
sts,tur_Latn,4580,lama,6,0.20387360
sts,tur_Latn,4581,mek,1,0.03397893
sts,tur_Latn,4613,Ma,1,0.03397893
sts,tur_Latn,4644,ını,5,0.16989467
sts,tur_Latn,4661,▁İ,7,0.23785253
sts,tur_Latn,4665,uma,1,0.03397893
sts,tur_Latn,4670,lerin,2,0.06795787
sts,tur_Latn,4740,▁kap,1,0.03397893
sts,tur_Latn,4793,larının,4,0.13591573
sts,tur_Latn,4810,▁Türkiye,1,0.03397893
sts,tur_Latn,4820,▁ise,1,0.03397893
sts,tur_Latn,4900,siz,1,0.03397893
sts,tur_Latn,4920,nı,6,0.20387360
sts,tur_Latn,4927,▁art,1,0.03397893
sts,tur_Latn,5012,inde,1,0.03397893
sts,tur_Latn,5170,ces,1,0.03397893
sts,tur_Latn,5234,sini,1,0.03397893
sts,tur_Latn,5259,lay,1,0.03397893
sts,tur_Latn,5293,pri,1,0.03397893
sts,tur_Latn,5316,▁250,3,0.10193680
sts,tur_Latn,5374,lü,1,0.03397893
sts,tur_Latn,5408,pet,1,0.03397893
sts,tur_Latn,5439,▁arasında,3,0.10193680
sts,tur_Latn,5467,ğ,7,0.23785253
sts,tur_Latn,5515,kka,1,0.03397893
sts,tur_Latn,5543,▁hasta,5,0.16989467
sts,tur_Latn,5555,▁olduğu,1,0.03397893
sts,tur_Latn,5625,dı,1,0.03397893
sts,tur_Latn,5656,▁bağlı,2,0.06795787
sts,tur_Latn,5658,ının,5,0.16989467
sts,tur_Latn,5689,▁ara,4,0.13591573
sts,tur_Latn,5752,lardan,1,0.03397893
sts,tur_Latn,5801,▁iyi,2,0.06795787
sts,tur_Latn,5812,▁kol,2,0.06795787
sts,tur_Latn,5864,▁hij,1,0.03397893
sts,tur_Latn,5865,luk,1,0.03397893
sts,tur_Latn,5973,▁Ö,1,0.03397893
sts,tur_Latn,6059,ında,2,0.06795787
sts,tur_Latn,6405,▁DA,1,0.03397893
sts,tur_Latn,6630,çi,5,0.16989467
sts,tur_Latn,6660,lere,2,0.06795787
sts,tur_Latn,6692,▁öz,1,0.03397893
sts,tur_Latn,6725,▁Ç,4,0.13591573
sts,tur_Latn,6994,ök,2,0.06795787
sts,tur_Latn,7033,▁olduğunu,5,0.16989467
sts,tur_Latn,7097,ndan,1,0.03397893
sts,tur_Latn,7102,sur,1,0.03397893
sts,tur_Latn,7170,▁büyük,3,0.10193680
sts,tur_Latn,7203,vir,3,0.10193680
sts,tur_Latn,7235,Bu,2,0.06795787
sts,tur_Latn,7339,lerini,1,0.03397893
sts,tur_Latn,7356,▁mah,1,0.03397893
sts,tur_Latn,7551,larına,1,0.03397893
sts,tur_Latn,7570,nk,1,0.03397893
sts,tur_Latn,7619,▁kontrol,2,0.06795787
sts,tur_Latn,7647,▁fet,2,0.06795787
sts,tur_Latn,7689,zet,1,0.03397893
sts,tur_Latn,7737,tif,1,0.03397893
sts,tur_Latn,7786,yle,2,0.06795787
sts,tur_Latn,7809,yla,1,0.03397893
sts,tur_Latn,7964,▁global,1,0.03397893
sts,tur_Latn,8124,▁göre,1,0.03397893
sts,tur_Latn,8244,▁CO,1,0.03397893
sts,tur_Latn,8250,ço,1,0.03397893
sts,tur_Latn,8330,▁veya,2,0.06795787
sts,tur_Latn,8363,-19,1,0.03397893
sts,tur_Latn,8390,ması,1,0.03397893
sts,tur_Latn,8423,▁dedi,3,0.10193680
sts,tur_Latn,8559,imiz,1,0.03397893
sts,tur_Latn,8578,▁Ü,3,0.10193680
sts,tur_Latn,8589,▁hoc,1,0.03397893
sts,tur_Latn,8602,▁tarafından,8,0.27183146
sts,tur_Latn,8647,▁Test,1,0.03397893
sts,tur_Latn,8667,▁Ky,1,0.03397893
sts,tur_Latn,8788,yı,3,0.10193680
sts,tur_Latn,8826,larında,1,0.03397893
sts,tur_Latn,8887,▁dahil,1,0.03397893
sts,tur_Latn,8909,▁kay,3,0.10193680
sts,tur_Latn,8981,▁Biz,1,0.03397893
sts,tur_Latn,9006,▁Kara,12,0.40774720
sts,tur_Latn,9117,▁sak,1,0.03397893
sts,tur_Latn,9164,▁karşı,1,0.03397893
sts,tur_Latn,9237,iş,3,0.10193680
sts,tur_Latn,9298,yin,1,0.03397893
sts,tur_Latn,9339,nsa,1,0.03397893
sts,tur_Latn,9425,KA,1,0.03397893
sts,tur_Latn,9480,yon,2,0.06795787
sts,tur_Latn,9551,▁ön,3,0.10193680
sts,tur_Latn,9567,öl,1,0.03397893
sts,tur_Latn,9693,▁verir,1,0.03397893
sts,tur_Latn,9777,▁yıl,2,0.06795787
sts,tur_Latn,9816,▁diye,2,0.06795787
sts,tur_Latn,9992,▁şekilde,2,0.06795787
sts,tur_Latn,9996,▁devam,1,0.03397893
sts,tur_Latn,10112,▁tüm,4,0.13591573
sts,tur_Latn,10142,▁Tele,2,0.06795787
sts,tur_Latn,10180,sında,1,0.03397893
sts,tur_Latn,10309,maya,5,0.16989467
sts,tur_Latn,10388,lığı,3,0.10193680
sts,tur_Latn,10395,▁önce,3,0.10193680
sts,tur_Latn,10404,▁Kol,1,0.03397893
sts,tur_Latn,10421,▁Vir,1,0.03397893
sts,tur_Latn,10522,▁ilgili,7,0.23785253
sts,tur_Latn,10577,▁güzel,1,0.03397893
sts,tur_Latn,10621,▁İstanbul,4,0.13591573
sts,tur_Latn,10635,▁fazla,2,0.06795787
sts,tur_Latn,10706,him,1,0.03397893
sts,tur_Latn,10739,ilen,2,0.06795787
sts,tur_Latn,10977,liği,1,0.03397893
sts,tur_Latn,11098,lerde,9,0.30581040
sts,tur_Latn,11213,▁Fan,1,0.03397893
sts,tur_Latn,11299,▁hava,2,0.06795787
sts,tur_Latn,11306,▁persone,1,0.03397893
sts,tur_Latn,11321,▁AB,10,0.33978933
sts,tur_Latn,11406,▁lider,1,0.03397893
sts,tur_Latn,11419,ildi,5,0.16989467
sts,tur_Latn,11423,▁önemli,3,0.10193680
sts,tur_Latn,11474,▁milyon,4,0.13591573
sts,tur_Latn,11487,HA,1,0.03397893
sts,tur_Latn,11701,tır,4,0.13591573
sts,tur_Latn,11730,▁Gel,1,0.03397893
sts,tur_Latn,11767,▁yok,3,0.10193680
sts,tur_Latn,11837,▁kendi,1,0.03397893
sts,tur_Latn,11910,yada,2,0.06795787
sts,tur_Latn,11946,spor,1,0.03397893
sts,tur_Latn,12222,yen,1,0.03397893
sts,tur_Latn,12558,kı,2,0.06795787
sts,tur_Latn,12643,larla,2,0.06795787
sts,tur_Latn,12662,Man,2,0.06795787
sts,tur_Latn,12799,lerine,3,0.10193680
sts,tur_Latn,13003,cil,1,0.03397893
sts,tur_Latn,13074,▁doğru,2,0.06795787
sts,tur_Latn,13131,▁buna,1,0.03397893
sts,tur_Latn,13219,lerinin,6,0.20387360
sts,tur_Latn,13255,daki,2,0.06795787
sts,tur_Latn,13306,gut,2,0.06795787
sts,tur_Latn,13339,sını,1,0.03397893
sts,tur_Latn,13461,▁haber,1,0.03397893
sts,tur_Latn,13489,arak,2,0.06795787
sts,tur_Latn,13492,▁polis,1,0.03397893
sts,tur_Latn,13536,▁yol,1,0.03397893
sts,tur_Latn,13565,erek,2,0.06795787
sts,tur_Latn,13605,ıl,4,0.13591573
sts,tur_Latn,14096,riz,1,0.03397893
sts,tur_Latn,14223,kta,1,0.03397893
sts,tur_Latn,14228,acak,2,0.06795787
sts,tur_Latn,14230,leme,1,0.03397893
sts,tur_Latn,14269,kü,1,0.03397893
sts,tur_Latn,14302,▁olmak,2,0.06795787
sts,tur_Latn,14417,ağı,2,0.06795787
sts,tur_Latn,14535,Ni,1,0.03397893
sts,tur_Latn,14588,▁Başkanı,5,0.16989467
sts,tur_Latn,14590,▁göz,1,0.03397893
sts,tur_Latn,14677,avi,4,0.13591573
sts,tur_Latn,14747,dığı,3,0.10193680
sts,tur_Latn,14818,▁farklı,2,0.06795787
sts,tur_Latn,14846,pozi,1,0.03397893
sts,tur_Latn,14893,▁Ön,1,0.03397893
sts,tur_Latn,15013,▁bunu,2,0.06795787
sts,tur_Latn,15031,▁verdi,4,0.13591573
sts,tur_Latn,15070,▁illa,1,0.03397893
sts,tur_Latn,15099,▁kira,1,0.03397893
sts,tur_Latn,15138,unum,1,0.03397893
sts,tur_Latn,15440,▁minimum,1,0.03397893
sts,tur_Latn,15516,ame,1,0.03397893
sts,tur_Latn,15807,▁rak,1,0.03397893
sts,tur_Latn,15847,▁kişi,2,0.06795787
sts,tur_Latn,16123,gne,1,0.03397893
sts,tur_Latn,16144,abil,1,0.03397893
sts,tur_Latn,16388,▁kanal,1,0.03397893
sts,tur_Latn,16461,rra,1,0.03397893
sts,tur_Latn,16573,▁uzun,1,0.03397893
sts,tur_Latn,16588,üm,3,0.10193680
sts,tur_Latn,16715,ydi,1,0.03397893
sts,tur_Latn,16979,▁bilgi,3,0.10193680
sts,tur_Latn,16990,▁şu,2,0.06795787
sts,tur_Latn,17111,ulu,1,0.03397893
sts,tur_Latn,17166,▁Pay,1,0.03397893
sts,tur_Latn,17215,endi,1,0.03397893
sts,tur_Latn,17254,deki,1,0.03397893
sts,tur_Latn,17296,▁bizim,2,0.06795787
sts,tur_Latn,17314,▁oyna,3,0.10193680
sts,tur_Latn,17315,▁nasıl,6,0.20387360
sts,tur_Latn,17399,utan,3,0.10193680
sts,tur_Latn,17549,lerinde,1,0.03397893
sts,tur_Latn,17668,rma,1,0.03397893
sts,tur_Latn,17711,▁olsun,1,0.03397893
sts,tur_Latn,17825,▁zamanda,1,0.03397893
sts,tur_Latn,17885,medi,2,0.06795787
sts,tur_Latn,17996,ides,1,0.03397893
sts,tur_Latn,18056,▁yapılan,2,0.06795787
sts,tur_Latn,18071,mız,2,0.06795787
sts,tur_Latn,18086,▁geldi,2,0.06795787
sts,tur_Latn,18112,▁İl,6,0.20387360
sts,tur_Latn,18312,landı,1,0.03397893
sts,tur_Latn,18421,oğlu,10,0.33978933
sts,tur_Latn,18609,▁süre,1,0.03397893
sts,tur_Latn,18616,layan,5,0.16989467
sts,tur_Latn,18687,rü,4,0.13591573
sts,tur_Latn,18859,▁açık,4,0.13591573
sts,tur_Latn,19209,sinde,2,0.06795787
sts,tur_Latn,19260,▁bulunan,2,0.06795787
sts,tur_Latn,19296,▁tadi,1,0.03397893
sts,tur_Latn,19522,▁etti,8,0.27183146
sts,tur_Latn,19703,maktadır,2,0.06795787
sts,tur_Latn,20347,say,1,0.03397893
sts,tur_Latn,20688,dür,1,0.03397893
sts,tur_Latn,20790,▁konu,1,0.03397893
sts,tur_Latn,20794,▁başka,4,0.13591573
sts,tur_Latn,20795,▁temas,1,0.03397893
sts,tur_Latn,20937,▁destek,5,0.16989467
sts,tur_Latn,21103,▁eğitim,3,0.10193680
sts,tur_Latn,21125,izm,1,0.03397893
sts,tur_Latn,21209,▁Von,2,0.06795787
sts,tur_Latn,21234,▁burada,5,0.16989467
sts,tur_Latn,21339,ılması,4,0.13591573
sts,tur_Latn,21379,▁geniş,1,0.03397893
sts,tur_Latn,21392,lip,4,0.13591573
sts,tur_Latn,21557,▁ortaya,1,0.03397893
sts,tur_Latn,21578,▁hap,1,0.03397893
sts,tur_Latn,21636,meye,1,0.03397893
sts,tur_Latn,21897,▁sayı,1,0.03397893
sts,tur_Latn,21911,irt,1,0.03397893
sts,tur_Latn,21926,▁başladı,3,0.10193680
sts,tur_Latn,22026,▁Ankara,1,0.03397893
sts,tur_Latn,22068,▁alma,1,0.03397893
sts,tur_Latn,22212,▁çalış,2,0.06795787
sts,tur_Latn,22249,▁getir,4,0.13591573
sts,tur_Latn,22319,▁olacak,1,0.03397893
sts,tur_Latn,22381,heden,2,0.06795787
sts,tur_Latn,22410,▁1.5,2,0.06795787
sts,tur_Latn,22668,ıcı,4,0.13591573
sts,tur_Latn,22700,▁Alba,1,0.03397893
sts,tur_Latn,22886,▁dair,3,0.10193680
sts,tur_Latn,23053,▁iç,1,0.03397893
sts,tur_Latn,23076,lma,1,0.03397893
sts,tur_Latn,23350,▁ifade,5,0.16989467
sts,tur_Latn,23444,landa,1,0.03397893
sts,tur_Latn,23504,▁üzere,2,0.06795787
sts,tur_Latn,23571,▁oda,1,0.03397893
sts,tur_Latn,23659,▁karar,3,0.10193680
sts,tur_Latn,23914,▁Gün,1,0.03397893
sts,tur_Latn,23980,ık,1,0.03397893
sts,tur_Latn,23989,▁yolu,1,0.03397893
sts,tur_Latn,24022,rme,1,0.03397893
sts,tur_Latn,24061,sın,1,0.03397893
sts,tur_Latn,24227,▁yakın,1,0.03397893
sts,tur_Latn,24229,laş,2,0.06795787
sts,tur_Latn,24481,▁sağ,1,0.03397893
sts,tur_Latn,24654,▁yaşa,1,0.03397893
sts,tur_Latn,24803,▁üzerine,6,0.20387360
sts,tur_Latn,25065,▁ediyor,1,0.03397893
sts,tur_Latn,25194,▁etmek,1,0.03397893
sts,tur_Latn,25259,rken,1,0.03397893
sts,tur_Latn,25373,ladı,4,0.13591573
sts,tur_Latn,25392,▁hareket,2,0.06795787
sts,tur_Latn,25544,▁görev,1,0.03397893
sts,tur_Latn,25667,cular,1,0.03397893
sts,tur_Latn,25669,▁tamam,1,0.03397893
sts,tur_Latn,25691,▁durum,1,0.03397893
sts,tur_Latn,25843,▁çalışma,1,0.03397893
sts,tur_Latn,25970,▁Yan,1,0.03397893
sts,tur_Latn,26052,▁dile,2,0.06795787
sts,tur_Latn,26289,▁MAN,1,0.03397893
sts,tur_Latn,26299,şı,1,0.03397893
sts,tur_Latn,26334,▁bildir,1,0.03397893
sts,tur_Latn,26392,▁yayın,1,0.03397893
sts,tur_Latn,26672,▁Sultan,1,0.03397893
sts,tur_Latn,26713,▁kant,1,0.03397893
sts,tur_Latn,26724,▁Lig,1,0.03397893
sts,tur_Latn,26806,üs,2,0.06795787
sts,tur_Latn,26869,▁Ona,1,0.03397893
sts,tur_Latn,26883,▁plak,2,0.06795787
sts,tur_Latn,26905,nü,2,0.06795787
sts,tur_Latn,26936,▁koordin,1,0.03397893
sts,tur_Latn,27125,▁konusunda,6,0.20387360
sts,tur_Latn,27152,▁alın,1,0.03397893
sts,tur_Latn,27278,▁oğlu,1,0.03397893
sts,tur_Latn,27641,meli,1,0.03397893
sts,tur_Latn,27711,▁Avrupa,10,0.33978933
sts,tur_Latn,27850,▁kazan,3,0.10193680
sts,tur_Latn,27972,▁Mustafa,3,0.10193680
sts,tur_Latn,28028,▁kısa,3,0.10193680
sts,tur_Latn,28103,mü,3,0.10193680
sts,tur_Latn,28166,▁Charles,1,0.03397893
sts,tur_Latn,28234,mayı,2,0.06795787
sts,tur_Latn,28263,▁elektronik,2,0.06795787
sts,tur_Latn,28572,▁ziyaret,1,0.03397893
sts,tur_Latn,28607,▁yanında,1,0.03397893
sts,tur_Latn,28851,▁rahat,1,0.03397893
sts,tur_Latn,28855,▁kolay,1,0.03397893
sts,tur_Latn,28911,ilmesi,2,0.06795787
sts,tur_Latn,28924,▁etki,2,0.06795787
sts,tur_Latn,29018,▁yapan,3,0.10193680
sts,tur_Latn,29112,ilir,2,0.06795787
sts,tur_Latn,29167,▁olmayan,4,0.13591573
sts,tur_Latn,29345,▁bugün,1,0.03397893
sts,tur_Latn,29406,▁sahibi,2,0.06795787
sts,tur_Latn,29425,▁edilmiş,1,0.03397893
sts,tur_Latn,29642,▁Boy,1,0.03397893
sts,tur_Latn,29719,▁yardım,2,0.06795787
sts,tur_Latn,29758,▁iddia,2,0.06795787
sts,tur_Latn,29842,▁kin,1,0.03397893
sts,tur_Latn,30014,▁korun,1,0.03397893
sts,tur_Latn,30095,acağı,3,0.10193680
sts,tur_Latn,30153,ıyla,1,0.03397893
sts,tur_Latn,30164,▁ancak,1,0.03397893
sts,tur_Latn,30252,▁gönder,2,0.06795787
sts,tur_Latn,30383,lanma,1,0.03397893
sts,tur_Latn,30729,▁sevi,1,0.03397893
sts,tur_Latn,30919,▁paylaş,3,0.10193680
sts,tur_Latn,30968,▁çalışan,5,0.16989467
sts,tur_Latn,31173,▁onlar,1,0.03397893
sts,tur_Latn,31387,▁edilen,2,0.06795787
sts,tur_Latn,31394,▁sosyal,6,0.20387360
sts,tur_Latn,31419,ımız,1,0.03397893
sts,tur_Latn,31632,▁bunun,1,0.03397893
sts,tur_Latn,31638,▁birçok,1,0.03397893
sts,tur_Latn,31686,sü,1,0.03397893
sts,tur_Latn,31785,▁tes,1,0.03397893
sts,tur_Latn,31924,▁Bunun,3,0.10193680
sts,tur_Latn,32613,▁mendi,1,0.03397893
sts,tur_Latn,32728,▁ardından,1,0.03397893
sts,tur_Latn,33051,dım,2,0.06795787
sts,tur_Latn,33178,▁işçi,1,0.03397893
sts,tur_Latn,33869,luğu,1,0.03397893
sts,tur_Latn,33941,▁geçen,2,0.06795787
sts,tur_Latn,34213,▁belli,1,0.03397893
sts,tur_Latn,34226,▁gereken,1,0.03397893
sts,tur_Latn,34271,vine,2,0.06795787
sts,tur_Latn,34299,▁yine,1,0.03397893
sts,tur_Latn,34375,kimi,1,0.03397893
sts,tur_Latn,34441,▁yüz,1,0.03397893
sts,tur_Latn,34702,▁Sche,1,0.03397893
sts,tur_Latn,35304,▁biraz,1,0.03397893
sts,tur_Latn,35920,▁takip,7,0.23785253
sts,tur_Latn,36095,▁geçir,3,0.10193680
sts,tur_Latn,36229,liye,2,0.06795787
sts,tur_Latn,36426,▁edildi,2,0.06795787
sts,tur_Latn,36842,▁söyledi,4,0.13591573
sts,tur_Latn,37007,dığını,4,0.13591573
sts,tur_Latn,37196,▁öğren,1,0.03397893
sts,tur_Latn,37452,▁yay,5,0.16989467
sts,tur_Latn,37508,▁gelir,1,0.03397893
sts,tur_Latn,37571,▁esas,1,0.03397893
sts,tur_Latn,37608,▁Mehmet,4,0.13591573
sts,tur_Latn,37693,hlas,1,0.03397893
sts,tur_Latn,37775,▁ekip,4,0.13591573
sts,tur_Latn,37789,▁özellikle,1,0.03397893
sts,tur_Latn,37900,imizin,1,0.03397893
sts,tur_Latn,38165,▁yük,4,0.13591573
sts,tur_Latn,38362,tık,1,0.03397893
sts,tur_Latn,38386,nç,1,0.03397893
sts,tur_Latn,38765,▁ligi,1,0.03397893
sts,tur_Latn,38804,▁Haber,1,0.03397893
sts,tur_Latn,38915,▁Fransa,1,0.03397893
sts,tur_Latn,38943,▁satış,1,0.03397893
sts,tur_Latn,39079,lendir,1,0.03397893
sts,tur_Latn,39236,▁hiçbir,1,0.03397893
sts,tur_Latn,39510,masını,1,0.03397893
sts,tur_Latn,39517,ünün,2,0.06795787
sts,tur_Latn,39778,▁operasyon,8,0.27183146
sts,tur_Latn,39946,▁sund,1,0.03397893
sts,tur_Latn,39970,leyen,2,0.06795787
sts,tur_Latn,40000,▁adına,1,0.03397893
sts,tur_Latn,40077,allah,1,0.03397893
sts,tur_Latn,40251,elim,2,0.06795787
sts,tur_Latn,40372,▁Burada,1,0.03397893
sts,tur_Latn,40662,▁taraf,1,0.03397893
sts,tur_Latn,40818,▁dönem,2,0.06795787
sts,tur_Latn,40854,▁otur,2,0.06795787
sts,tur_Latn,41052,haya,1,0.03397893
sts,tur_Latn,41153,Bir,2,0.06795787
sts,tur_Latn,41327,▁yaşayan,3,0.10193680
sts,tur_Latn,41569,▁Komis,2,0.06795787
sts,tur_Latn,41735,▁tuz,1,0.03397893
sts,tur_Latn,41887,▁Başkan,4,0.13591573
sts,tur_Latn,41905,▁sağlık,2,0.06795787
sts,tur_Latn,41908,▁maç,3,0.10193680
sts,tur_Latn,42067,▁olmaz,1,0.03397893
sts,tur_Latn,42095,▁bulundu,1,0.03397893
sts,tur_Latn,42155,▁sorg,1,0.03397893
sts,tur_Latn,42202,▁giriş,5,0.16989467
sts,tur_Latn,42208,▁ettiği,1,0.03397893
sts,tur_Latn,42380,ince,1,0.03397893
sts,tur_Latn,42466,▁Merkel,1,0.03397893
sts,tur_Latn,42481,▁aldı,3,0.10193680
sts,tur_Latn,42871,▁Bursa,1,0.03397893
sts,tur_Latn,43049,▁konuşma,1,0.03397893
sts,tur_Latn,43197,▁ulaş,2,0.06795787
sts,tur_Latn,43212,▁tekrar,1,0.03397893
sts,tur_Latn,43435,▁Organiz,1,0.03397893
sts,tur_Latn,43664,yanın,1,0.03397893
sts,tur_Latn,44245,▁kaynak,1,0.03397893
sts,tur_Latn,44542,dık,1,0.03397893
sts,tur_Latn,44648,leriyle,2,0.06795787
sts,tur_Latn,44716,Biz,1,0.03397893
sts,tur_Latn,44731,▁üzerinden,1,0.03397893
sts,tur_Latn,44767,▁Michel,2,0.06795787
sts,tur_Latn,44808,fekt,5,0.16989467
sts,tur_Latn,45062,▁boyunca,5,0.16989467
sts,tur_Latn,45386,▁dışında,1,0.03397893
sts,tur_Latn,45832,riak,1,0.03397893
sts,tur_Latn,45925,▁Ör,1,0.03397893
sts,tur_Latn,45972,▁sağla,1,0.03397893
sts,tur_Latn,46033,▁aldığı,1,0.03397893
sts,tur_Latn,46292,larıyla,2,0.06795787
sts,tur_Latn,46428,▁sorun,1,0.03397893
sts,tur_Latn,46672,▁gerekli,2,0.06795787
sts,tur_Latn,46850,▁Devlet,3,0.10193680
sts,tur_Latn,47243,▁Ley,4,0.13591573
sts,tur_Latn,47312,lığa,1,0.03397893
sts,tur_Latn,47322,▁durumu,1,0.03397893
sts,tur_Latn,47399,▁mutlu,2,0.06795787
sts,tur_Latn,47488,▁Futbol,1,0.03397893
sts,tur_Latn,47502,anlar,1,0.03397893
sts,tur_Latn,47711,▁Şe,10,0.33978933
sts,tur_Latn,47902,▁teşekkür,1,0.03397893
sts,tur_Latn,47935,▁Yar,1,0.03397893
sts,tur_Latn,48058,▁veril,2,0.06795787
sts,tur_Latn,48141,ded,1,0.03397893
sts,tur_Latn,48307,lamak,1,0.03397893
sts,tur_Latn,48351,▁lira,3,0.10193680
sts,tur_Latn,48674,CU,2,0.06795787
sts,tur_Latn,48698,▁etme,1,0.03397893
sts,tur_Latn,48831,▁İzmir,3,0.10193680
sts,tur_Latn,48943,▁çıktı,1,0.03397893
sts,tur_Latn,48987,▁elde,1,0.03397893
sts,tur_Latn,49019,▁eş,1,0.03397893
sts,tur_Latn,49110,lığını,1,0.03397893
sts,tur_Latn,49318,ydı,2,0.06795787
sts,tur_Latn,49346,▁Sayfa,1,0.03397893
sts,tur_Latn,49460,▁belirt,2,0.06795787
sts,tur_Latn,49514,▁hangi,1,0.03397893
sts,tur_Latn,49830,▁nef,1,0.03397893
sts,tur_Latn,49857,▁yönelik,1,0.03397893
sts,tur_Latn,50099,▁Kapa,1,0.03397893
sts,tur_Latn,50249,▁engel,1,0.03397893
sts,tur_Latn,50566,▁herhangi,2,0.06795787
sts,tur_Latn,50594,lenen,3,0.10193680
sts,tur_Latn,50674,acaktır,2,0.06795787
sts,tur_Latn,50685,gün,1,0.03397893
sts,tur_Latn,50784,▁sata,1,0.03397893
sts,tur_Latn,50883,ürü,1,0.03397893
sts,tur_Latn,51126,▁muha,1,0.03397893
sts,tur_Latn,51387,▁bize,1,0.03397893
sts,tur_Latn,51478,▁aile,4,0.13591573
sts,tur_Latn,51558,▁rağmen,1,0.03397893
sts,tur_Latn,51654,Tak,1,0.03397893
sts,tur_Latn,52027,eceği,1,0.03397893
sts,tur_Latn,52835,ledi,4,0.13591573
sts,tur_Latn,52902,mişti,1,0.03397893
sts,tur_Latn,53278,▁ortak,3,0.10193680
sts,tur_Latn,53453,▁yaklaşık,2,0.06795787
sts,tur_Latn,53497,▁çift,1,0.03397893
sts,tur_Latn,53877,▁bulun,2,0.06795787
sts,tur_Latn,54621,üsü,7,0.23785253
sts,tur_Latn,54663,▁avantaj,1,0.03397893
sts,tur_Latn,54854,▁adım,1,0.03397893
sts,tur_Latn,54922,lemek,1,0.03397893
sts,tur_Latn,54977,▁görüntü,1,0.03397893
sts,tur_Latn,55031,▁Hasta,1,0.03397893
sts,tur_Latn,55186,▁puan,1,0.03397893
sts,tur_Latn,55340,▁yüksel,1,0.03397893
sts,tur_Latn,55377,▁çalışmaları,1,0.03397893
sts,tur_Latn,55416,▁bilgiler,1,0.03397893
sts,tur_Latn,55582,dığımız,1,0.03397893
sts,tur_Latn,55676,▁ölçü,3,0.10193680
sts,tur_Latn,55919,sından,3,0.10193680
sts,tur_Latn,56105,▁dolu,1,0.03397893
sts,tur_Latn,56202,▁ürünleri,1,0.03397893
sts,tur_Latn,56666,▁bulunduğu,2,0.06795787
sts,tur_Latn,56686,▁konuştu,2,0.06795787
sts,tur_Latn,56692,▁sabah,1,0.03397893
sts,tur_Latn,57071,▁gerekiyor,1,0.03397893
sts,tur_Latn,57090,▁koru,1,0.03397893
sts,tur_Latn,57375,ıdır,1,0.03397893
sts,tur_Latn,57451,▁Almanya,1,0.03397893
sts,tur_Latn,57554,▁meydana,1,0.03397893
sts,tur_Latn,57686,▁gerçekleş,3,0.10193680
sts,tur_Latn,57704,▁iletişim,1,0.03397893
sts,tur_Latn,58419,▁temiz,1,0.03397893
sts,tur_Latn,58608,▁değer,1,0.03397893
sts,tur_Latn,58630,▁Müdürlüğü,6,0.20387360
sts,tur_Latn,59148,▁Hoc,1,0.03397893
sts,tur_Latn,59151,düğü,2,0.06795787
sts,tur_Latn,59299,▁ceza,1,0.03397893
sts,tur_Latn,59355,yse,1,0.03397893
sts,tur_Latn,59491,▁Tüm,1,0.03397893
sts,tur_Latn,60194,▁yaka,1,0.03397893
sts,tur_Latn,60210,▁Sağlık,1,0.03397893
sts,tur_Latn,60243,sula,2,0.06795787
sts,tur_Latn,60338,▁Angela,1,0.03397893
sts,tur_Latn,60400,▁ederek,1,0.03397893
sts,tur_Latn,60553,▁benzer,1,0.03397893
sts,tur_Latn,60888,▁ayrıca,1,0.03397893
sts,tur_Latn,61079,▁sürekli,1,0.03397893
sts,tur_Latn,61127,▁şans,1,0.03397893
sts,tur_Latn,61371,▁insanın,1,0.03397893
sts,tur_Latn,61516,▁araç,1,0.03397893
sts,tur_Latn,61521,▁şah,1,0.03397893
sts,tur_Latn,61634,▁diplomat,1,0.03397893
sts,tur_Latn,61915,▁nedenle,2,0.06795787
sts,tur_Latn,62136,ngiz,3,0.10193680
sts,tur_Latn,62159,▁adrese,1,0.03397893
sts,tur_Latn,62316,mıyor,1,0.03397893
sts,tur_Latn,62463,lığında,1,0.03397893
sts,tur_Latn,62471,▁kişinin,1,0.03397893
sts,tur_Latn,62517,▁süreci,2,0.06795787
sts,tur_Latn,62603,▁yapılacak,1,0.03397893
sts,tur_Latn,62879,▁ihtiyaç,1,0.03397893
sts,tur_Latn,63332,▁uygulan,1,0.03397893
sts,tur_Latn,63467,▁sırasında,1,0.03397893
sts,tur_Latn,63584,ırlar,1,0.03397893
sts,tur_Latn,63770,▁İs,1,0.03397893
sts,tur_Latn,64354,▁olay,2,0.06795787
sts,tur_Latn,64518,▁düzenlenen,2,0.06795787
sts,tur_Latn,64540,▁personel,5,0.16989467
sts,tur_Latn,64547,▁bulunma,3,0.10193680
sts,tur_Latn,64780,▁önem,1,0.03397893
sts,tur_Latn,64907,▁hoş,1,0.03397893
sts,tur_Latn,65029,▁sonucu,1,0.03397893
sts,tur_Latn,65160,lenmesi,1,0.03397893
sts,tur_Latn,65268,▁çevril,1,0.03397893
sts,tur_Latn,65304,▁başarılı,1,0.03397893
sts,tur_Latn,65331,Vis,1,0.03397893
sts,tur_Latn,65473,▁Aste,6,0.20387360
sts,tur_Latn,65820,▁toplum,1,0.03397893
sts,tur_Latn,65907,▁herkes,1,0.03397893
sts,tur_Latn,65990,▁katkı,2,0.06795787
sts,tur_Latn,66031,acağını,4,0.13591573
sts,tur_Latn,66683,▁lideri,1,0.03397893
sts,tur_Latn,66760,▁arası,1,0.03397893
sts,tur_Latn,67104,▁hesap,2,0.06795787
sts,tur_Latn,67188,▁medya,3,0.10193680
sts,tur_Latn,67306,▁üye,2,0.06795787
sts,tur_Latn,67472,▁düzen,1,0.03397893
sts,tur_Latn,67712,▁kişiler,1,0.03397893
sts,tur_Latn,68190,▁aşağı,1,0.03397893
sts,tur_Latn,68293,▁sırada,1,0.03397893
sts,tur_Latn,68344,▁yüzden,1,0.03397893
sts,tur_Latn,68499,cilik,1,0.03397893
sts,tur_Latn,68619,▁değiştir,1,0.03397893
sts,tur_Latn,69655,▁bitir,2,0.06795787
sts,tur_Latn,69680,indeki,1,0.03397893
sts,tur_Latn,69684,▁şeklinde,2,0.06795787
sts,tur_Latn,69892,▁olmadığını,1,0.03397893
sts,tur_Latn,70366,▁toplantı,2,0.06795787
sts,tur_Latn,70368,diğini,3,0.10193680
sts,tur_Latn,70377,▁yasa,1,0.03397893
sts,tur_Latn,70514,▁Kira,1,0.03397893
sts,tur_Latn,70872,▁İç,1,0.03397893
sts,tur_Latn,70914,ınca,2,0.06795787
sts,tur_Latn,71035,dılar,1,0.03397893
sts,tur_Latn,71467,▁Maal,1,0.03397893
sts,tur_Latn,72301,▁hayatını,1,0.03397893
sts,tur_Latn,72528,yasa,1,0.03397893
sts,tur_Latn,73121,zami,3,0.10193680
sts,tur_Latn,73920,▁sergi,1,0.03397893
sts,tur_Latn,74009,▁edilmesi,1,0.03397893
sts,tur_Latn,74116,VID,1,0.03397893
sts,tur_Latn,74234,▁altına,1,0.03397893
sts,tur_Latn,74721,▁beğen,1,0.03397893
sts,tur_Latn,75024,▁teslim,1,0.03397893
sts,tur_Latn,75360,▁piyasa,1,0.03397893
sts,tur_Latn,75433,Kİ,1,0.03397893
sts,tur_Latn,75602,yarak,1,0.03397893
sts,tur_Latn,75697,liğin,1,0.03397893
sts,tur_Latn,75734,▁alınması,1,0.03397893
sts,tur_Latn,75782,▁yeterli,2,0.06795787
sts,tur_Latn,75967,edik,1,0.03397893
sts,tur_Latn,76100,▁günlük,2,0.06795787
sts,tur_Latn,76841,▁çünkü,1,0.03397893
sts,tur_Latn,76868,ildiği,4,0.13591573
sts,tur_Latn,77271,▁verildi,1,0.03397893
sts,tur_Latn,77565,▁fabrika,4,0.13591573
sts,tur_Latn,77745,suf,1,0.03397893
sts,tur_Latn,77972,▁tamamen,1,0.03397893
sts,tur_Latn,78239,▁fikri,1,0.03397893
sts,tur_Latn,78479,ncin,3,0.10193680
sts,tur_Latn,79079,▁basın,1,0.03397893
sts,tur_Latn,79123,▁aracı,1,0.03397893
sts,tur_Latn,79204,▁sonuç,2,0.06795787
sts,tur_Latn,79257,▁itibaren,1,0.03397893
sts,tur_Latn,79282,▁başkan,1,0.03397893
sts,tur_Latn,79530,ümüz,1,0.03397893
sts,tur_Latn,79555,▁yık,1,0.03397893
sts,tur_Latn,80172,Bel,1,0.03397893
sts,tur_Latn,80291,▁isteyen,2,0.06795787
sts,tur_Latn,80340,dıkları,1,0.03397893
sts,tur_Latn,80407,▁Yusuf,4,0.13591573
sts,tur_Latn,80501,mızın,1,0.03397893
sts,tur_Latn,80576,▁evin,3,0.10193680
sts,tur_Latn,80692,▁Düz,1,0.03397893
sts,tur_Latn,81261,▁yaptır,1,0.03397893
sts,tur_Latn,81307,▁gösteri,2,0.06795787
sts,tur_Latn,81335,▁koruma,1,0.03397893
sts,tur_Latn,81593,▁sert,1,0.03397893
sts,tur_Latn,81770,▁dün,1,0.03397893
sts,tur_Latn,81789,▁geçme,1,0.03397893
sts,tur_Latn,81852,▁yaşadığı,1,0.03397893
sts,tur_Latn,81982,lardı,1,0.03397893
sts,tur_Latn,82061,▁Ramazan,1,0.03397893
sts,tur_Latn,82082,▁tespit,4,0.13591573
sts,tur_Latn,82505,▁öneri,3,0.10193680
sts,tur_Latn,82648,lılar,1,0.03397893
sts,tur_Latn,82722,▁Kral,4,0.13591573
sts,tur_Latn,83075,▁müzik,1,0.03397893
sts,tur_Latn,83158,▁kapı,1,0.03397893
sts,tur_Latn,83829,▁Tabi,6,0.20387360
sts,tur_Latn,84573,▁alınan,5,0.16989467
sts,tur_Latn,84578,▁ilaç,1,0.03397893
sts,tur_Latn,84908,mesini,1,0.03397893
sts,tur_Latn,85262,▁yapılması,1,0.03397893
sts,tur_Latn,85371,▁Engel,1,0.03397893
sts,tur_Latn,86523,▁baskı,1,0.03397893
sts,tur_Latn,86754,▁Şah,1,0.03397893
sts,tur_Latn,87003,▁koron,5,0.16989467
sts,tur_Latn,87080,▁dört,1,0.03397893
sts,tur_Latn,87374,▁kapat,6,0.20387360
sts,tur_Latn,87936,lıklar,1,0.03397893
sts,tur_Latn,88116,▁işaret,1,0.03397893
sts,tur_Latn,88503,▁Macron,5,0.16989467
sts,tur_Latn,89270,▁çıkma,1,0.03397893
sts,tur_Latn,89684,imizi,2,0.06795787
sts,tur_Latn,89696,▁kullanım,1,0.03397893
sts,tur_Latn,90063,▁bakım,2,0.06795787
sts,tur_Latn,90099,ğında,2,0.06795787
sts,tur_Latn,90482,▁eşi,1,0.03397893
sts,tur_Latn,90498,liğe,1,0.03397893
sts,tur_Latn,90905,▁mağaza,2,0.06795787
sts,tur_Latn,91011,▁gitti,1,0.03397893
sts,tur_Latn,91114,şik,2,0.06795787
sts,tur_Latn,91184,▁değerli,1,0.03397893
sts,tur_Latn,91288,▁Birliği,4,0.13591573
sts,tur_Latn,91341,▁kaldı,1,0.03397893
sts,tur_Latn,91399,ımızın,1,0.03397893
sts,tur_Latn,91417,▁desteği,1,0.03397893
sts,tur_Latn,91487,▁geçti,1,0.03397893
sts,tur_Latn,92501,▁Galatasaray,2,0.06795787
sts,tur_Latn,92602,▁Aile,1,0.03397893
sts,tur_Latn,92678,▁tepki,1,0.03397893
sts,tur_Latn,92994,▁günde,1,0.03397893
sts,tur_Latn,93114,▁yerinde,2,0.06795787
sts,tur_Latn,93147,Info,1,0.03397893
sts,tur_Latn,93848,▁çalıştı,1,0.03397893
sts,tur_Latn,93990,▁sayıda,1,0.03397893
sts,tur_Latn,95177,▁Sanayi,1,0.03397893
sts,tur_Latn,95197,▁gerektiğini,1,0.03397893
sts,tur_Latn,95382,▁Geç,1,0.03397893
sts,tur_Latn,95388,▁doğu,2,0.06795787
sts,tur_Latn,95773,▁Aynı,1,0.03397893
sts,tur_Latn,95950,Yu,1,0.03397893
sts,tur_Latn,96064,kesi,1,0.03397893
sts,tur_Latn,96103,▁Vele,1,0.03397893
sts,tur_Latn,96134,▁Neden,1,0.03397893
sts,tur_Latn,96468,▁içeri,1,0.03397893
sts,tur_Latn,96469,ğan,11,0.37376826
sts,tur_Latn,96676,larımızı,1,0.03397893
sts,tur_Latn,97922,önü,1,0.03397893
sts,tur_Latn,97947,▁düşünce,1,0.03397893
sts,tur_Latn,98212,masının,1,0.03397893
sts,tur_Latn,98675,▁üyeleri,1,0.03397893
sts,tur_Latn,98676,▁SON,1,0.03397893
sts,tur_Latn,99220,▁Gök,1,0.03397893
sts,tur_Latn,100214,▁davranış,2,0.06795787
sts,tur_Latn,100480,▁yandan,1,0.03397893
sts,tur_Latn,100779,▁yerler,1,0.03397893
sts,tur_Latn,101148,▁çal,1,0.03397893
sts,tur_Latn,101307,İS,1,0.03397893
sts,tur_Latn,101396,▁başta,1,0.03397893
sts,tur_Latn,101524,▁istedi,4,0.13591573
sts,tur_Latn,101629,▁işlemleri,2,0.06795787
sts,tur_Latn,102292,▁eşya,1,0.03397893
sts,tur_Latn,102629,▁dedik,1,0.03397893
sts,tur_Latn,103560,▁takımı,1,0.03397893
sts,tur_Latn,104287,▁sınır,6,0.20387360
sts,tur_Latn,104451,▁Yüz,1,0.03397893
sts,tur_Latn,104813,▁kendisine,1,0.03397893
sts,tur_Latn,104835,▁teklif,3,0.10193680
sts,tur_Latn,105023,▁belirtti,2,0.06795787
sts,tur_Latn,105622,▁Koro,2,0.06795787
sts,tur_Latn,105838,▁Emmanuel,1,0.03397893
sts,tur_Latn,106119,irken,1,0.03397893
sts,tur_Latn,106645,▁evde,1,0.03397893
sts,tur_Latn,106810,▁metre,1,0.03397893
sts,tur_Latn,106888,▁ateş,7,0.23785253
sts,tur_Latn,107758,▁getirdi,1,0.03397893
sts,tur_Latn,107770,▁sağlığı,2,0.06795787
sts,tur_Latn,108712,▁sorunu,1,0.03397893
sts,tur_Latn,108803,▁tutuk,2,0.06795787
sts,tur_Latn,109123,▁yapacak,1,0.03397893
sts,tur_Latn,109541,laması,1,0.03397893
sts,tur_Latn,110802,ıt,5,0.16989467
sts,tur_Latn,110826,madığı,1,0.03397893
sts,tur_Latn,111040,▁belirten,2,0.06795787
sts,tur_Latn,111561,▁yaşındaki,1,0.03397893
sts,tur_Latn,111859,▁kullandı,1,0.03397893
sts,tur_Latn,112213,tığını,1,0.03397893
sts,tur_Latn,112338,▁kesinlikle,2,0.06795787
sts,tur_Latn,112505,▁Çalışma,1,0.03397893
sts,tur_Latn,112964,▁Uygulama,1,0.03397893
sts,tur_Latn,113105,▁biliyor,1,0.03397893
sts,tur_Latn,113228,▁etmesi,1,0.03397893
sts,tur_Latn,113774,▁ulu,1,0.03397893
sts,tur_Latn,113791,▁vatandaşlar,7,0.23785253
sts,tur_Latn,114374,gül,3,0.10193680
sts,tur_Latn,114473,▁ailesi,5,0.16989467
sts,tur_Latn,114881,▁süs,1,0.03397893
sts,tur_Latn,115832,▁Fatih,2,0.06795787
sts,tur_Latn,115884,lendiği,3,0.10193680
sts,tur_Latn,116796,▁alarak,1,0.03397893
sts,tur_Latn,116849,imli,1,0.03397893
sts,tur_Latn,117433,meyeceği,1,0.03397893
sts,tur_Latn,117983,▁günlerde,1,0.03397893
sts,tur_Latn,118188,▁balon,1,0.03397893
sts,tur_Latn,118361,▁olacağını,3,0.10193680
sts,tur_Latn,118909,▁çağrı,1,0.03397893
sts,tur_Latn,119124,▁maçı,1,0.03397893
sts,tur_Latn,119786,ılmasını,5,0.16989467
sts,tur_Latn,119919,▁mesafe,1,0.03397893
sts,tur_Latn,120011,▁şüphe,3,0.10193680
sts,tur_Latn,120690,▁seyahat,9,0.30581040
sts,tur_Latn,120961,▁uygula,2,0.06795787
sts,tur_Latn,121057,▁Emin,1,0.03397893
sts,tur_Latn,121222,▁birlik,3,0.10193680
sts,tur_Latn,121530,▁Böyle,1,0.03397893
sts,tur_Latn,122198,▁davran,1,0.03397893
sts,tur_Latn,122568,gazi,1,0.03397893
sts,tur_Latn,122569,▁toplantısı,1,0.03397893
sts,tur_Latn,122966,▁gıda,2,0.06795787
sts,tur_Latn,123239,▁dedim,1,0.03397893
sts,tur_Latn,123379,▁düzenlen,2,0.06795787
sts,tur_Latn,123987,▁kazanma,2,0.06795787
sts,tur_Latn,124021,▁sürede,6,0.20387360
sts,tur_Latn,124247,▁birinin,1,0.03397893
sts,tur_Latn,124316,ğini,1,0.03397893
sts,tur_Latn,124423,▁değeri,1,0.03397893
sts,tur_Latn,124669,▁görüşme,2,0.06795787
sts,tur_Latn,125357,▁alındı,2,0.06795787
sts,tur_Latn,125815,▁Johansson,1,0.03397893
sts,tur_Latn,126106,▁ortam,1,0.03397893
sts,tur_Latn,126362,▁ilçesinde,6,0.20387360
sts,tur_Latn,126388,İn,1,0.03397893
sts,tur_Latn,126409,▁getiren,1,0.03397893
sts,tur_Latn,126914,▁ettiğini,1,0.03397893
sts,tur_Latn,127174,▁onay,3,0.10193680
sts,tur_Latn,127625,▁açıkladı,2,0.06795787
sts,tur_Latn,129365,▁olmadı,1,0.03397893
sts,tur_Latn,129709,▁açma,1,0.03397893
sts,tur_Latn,130553,▁yatak,1,0.03397893
sts,tur_Latn,130669,▁kıs,5,0.16989467
sts,tur_Latn,130889,▁başladığı,2,0.06795787
sts,tur_Latn,131178,▁Abdu,1,0.03397893
sts,tur_Latn,131333,▁askeri,1,0.03397893
sts,tur_Latn,131435,çiler,3,0.10193680
sts,tur_Latn,131454,dıklarını,2,0.06795787
sts,tur_Latn,131479,▁Verdi,1,0.03397893
sts,tur_Latn,131817,▁kısmı,2,0.06795787
sts,tur_Latn,132168,▁ayrılma,1,0.03397893
sts,tur_Latn,132556,▁Seven,1,0.03397893
sts,tur_Latn,132565,▁İz,1,0.03397893
sts,tur_Latn,132649,▁ekipleri,3,0.10193680
sts,tur_Latn,133500,▁Karşı,1,0.03397893
sts,tur_Latn,134158,ırıl,1,0.03397893
sts,tur_Latn,134518,▁bakan,1,0.03397893
sts,tur_Latn,134591,▁basketbol,1,0.03397893
sts,tur_Latn,135460,▁tartışma,1,0.03397893
sts,tur_Latn,136094,▁kapalı,3,0.10193680
sts,tur_Latn,137301,▁izleme,1,0.03397893
sts,tur_Latn,137354,▁Kısa,2,0.06795787
sts,tur_Latn,137412,▁çıkış,1,0.03397893
sts,tur_Latn,138220,▁gören,1,0.03397893
sts,tur_Latn,138228,▁verdik,1,0.03397893
sts,tur_Latn,138244,▁herkesin,1,0.03397893
sts,tur_Latn,138515,▁Şube,1,0.03397893
sts,tur_Latn,138788,▁önlem,5,0.16989467
sts,tur_Latn,139329,▁ülkeler,3,0.10193680
sts,tur_Latn,139386,▁üretimi,1,0.03397893
sts,tur_Latn,139860,▁Güven,2,0.06795787
sts,tur_Latn,140139,▁giren,1,0.03397893
sts,tur_Latn,140832,▁hastalığı,1,0.03397893
sts,tur_Latn,142825,▁başkanı,2,0.06795787
sts,tur_Latn,143345,▁sanki,1,0.03397893
sts,tur_Latn,143764,▁popüler,1,0.03397893
sts,tur_Latn,144308,▁ediliyor,1,0.03397893
sts,tur_Latn,145153,▁şeyin,1,0.03397893
sts,tur_Latn,145265,▁televizyon,11,0.37376826
sts,tur_Latn,145350,ilerek,1,0.03397893
sts,tur_Latn,145737,vizyon,2,0.06795787
sts,tur_Latn,147043,▁gönül,2,0.06795787
sts,tur_Latn,147109,▁edildiği,2,0.06795787
sts,tur_Latn,147176,▁Hakan,2,0.06795787
sts,tur_Latn,147390,▁Fransız,1,0.03397893
sts,tur_Latn,148185,keş,1,0.03397893
sts,tur_Latn,148865,▁lütfen,1,0.03397893
sts,tur_Latn,148983,▁sıkı,1,0.03397893
sts,tur_Latn,149529,▁Güvenlik,3,0.10193680
sts,tur_Latn,149615,ırıcı,3,0.10193680
sts,tur_Latn,149979,▁ölç,2,0.06795787
sts,tur_Latn,150799,▁ayrıntı,1,0.03397893
sts,tur_Latn,150841,▁geçiş,2,0.06795787
sts,tur_Latn,150892,ıştır,1,0.03397893
sts,tur_Latn,151216,▁yaptık,1,0.03397893
sts,tur_Latn,151256,▁yapıldığı,1,0.03397893
sts,tur_Latn,151514,▁planı,1,0.03397893
sts,tur_Latn,153353,▁yerleştir,2,0.06795787
sts,tur_Latn,153435,ğumuz,1,0.03397893
sts,tur_Latn,153659,▁öte,1,0.03397893
sts,tur_Latn,155918,▁Edin,1,0.03397893
sts,tur_Latn,156630,▁Yunus,1,0.03397893
sts,tur_Latn,159260,leyecek,1,0.03397893
sts,tur_Latn,159629,▁sorular,1,0.03397893
sts,tur_Latn,161399,▁dönüştü,1,0.03397893
sts,tur_Latn,161477,▁sabun,2,0.06795787
sts,tur_Latn,161674,▁engelli,5,0.16989467
sts,tur_Latn,161795,▁ülkelerin,3,0.10193680
sts,tur_Latn,161945,▁mahkeme,1,0.03397893
sts,tur_Latn,162327,▁Bölgesi,1,0.03397893
sts,tur_Latn,162467,lenir,1,0.03397893
sts,tur_Latn,162730,▁çözümler,1,0.03397893
sts,tur_Latn,162741,▁öğret,1,0.03397893
sts,tur_Latn,163152,▁ettikleri,1,0.03397893
sts,tur_Latn,164159,▁Olay,1,0.03397893
sts,tur_Latn,164483,▁çocukları,1,0.03397893
sts,tur_Latn,164678,▁taşıyan,1,0.03397893
sts,tur_Latn,165137,▁yaklaşım,2,0.06795787
sts,tur_Latn,165737,▁kaydetti,2,0.06795787
sts,tur_Latn,166332,▁içeren,1,0.03397893
sts,tur_Latn,166556,▁Üye,1,0.03397893
sts,tur_Latn,167756,▁çalışmalarını,1,0.03397893
sts,tur_Latn,168225,▁hayırlı,1,0.03397893
sts,tur_Latn,168751,ıyorsunuz,1,0.03397893
sts,tur_Latn,170450,▁Emanuel,1,0.03397893
sts,tur_Latn,171054,▁Radyo,1,0.03397893
sts,tur_Latn,172035,laşım,1,0.03397893
sts,tur_Latn,172247,▁anlattı,1,0.03397893
sts,tur_Latn,172334,▁çıktığı,1,0.03397893
sts,tur_Latn,172857,fikir,1,0.03397893
sts,tur_Latn,172920,▁çocuğu,1,0.03397893
sts,tur_Latn,172926,▁kişilerin,1,0.03397893
sts,tur_Latn,174215,▁Emniyet,6,0.20387360
sts,tur_Latn,174833,▁bölgesi,1,0.03397893
sts,tur_Latn,174943,▁dışarı,1,0.03397893
sts,tur_Latn,175279,▁açtı,1,0.03397893
sts,tur_Latn,176028,lanarak,1,0.03397893
sts,tur_Latn,176822,larımı,1,0.03397893
sts,tur_Latn,176832,▁gösterdi,1,0.03397893
sts,tur_Latn,178289,▁aileler,1,0.03397893
sts,tur_Latn,179964,▁değiştirme,1,0.03397893
sts,tur_Latn,180660,▁yaşadı,1,0.03397893
sts,tur_Latn,181101,▁Üyesi,1,0.03397893
sts,tur_Latn,181922,▁Kaynak,1,0.03397893
sts,tur_Latn,182318,▁konuşan,1,0.03397893
sts,tur_Latn,182365,▁TFF,1,0.03397893
sts,tur_Latn,182863,▁istemiyor,1,0.03397893
sts,tur_Latn,183076,▁edenler,1,0.03397893
sts,tur_Latn,183647,ORUM,1,0.03397893
sts,tur_Latn,184000,▁durumlarda,1,0.03397893
sts,tur_Latn,184092,▁haftada,1,0.03397893
sts,tur_Latn,187266,▁Bayramı,1,0.03397893
sts,tur_Latn,187845,▁bağışla,1,0.03397893
sts,tur_Latn,188560,▁sevk,1,0.03397893
sts,tur_Latn,192007,▁düşme,1,0.03397893
sts,tur_Latn,192227,▁gözaltına,5,0.16989467
sts,tur_Latn,193293,▁bilgiye,1,0.03397893
sts,tur_Latn,193813,▁güçlendir,1,0.03397893
sts,tur_Latn,193894,▁oranında,1,0.03397893
sts,tur_Latn,195304,▁Uğur,1,0.03397893
sts,tur_Latn,196770,▁olmaları,1,0.03397893
sts,tur_Latn,197734,landığını,1,0.03397893
sts,tur_Latn,198963,▁çıkması,1,0.03397893
sts,tur_Latn,200104,▁sunulan,1,0.03397893
sts,tur_Latn,200629,▁alınma,1,0.03397893
sts,tur_Latn,201547,▁dönme,1,0.03397893
sts,tur_Latn,204338,▁önümüzdeki,1,0.03397893
sts,tur_Latn,204561,▁katıldığı,1,0.03397893
sts,tur_Latn,204743,▁Birleşik,3,0.10193680
sts,tur_Latn,204852,▁Schengen,5,0.16989467
sts,tur_Latn,206279,▁kullanılması,2,0.06795787
sts,tur_Latn,210349,▁kısmını,2,0.06795787
sts,tur_Latn,211221,lenerek,1,0.03397893
sts,tur_Latn,211223,▁miktarı,1,0.03397893
sts,tur_Latn,211238,▁yatağı,1,0.03397893
sts,tur_Latn,212365,▁komisyon,1,0.03397893
sts,tur_Latn,213310,▁öğle,1,0.03397893
sts,tur_Latn,215132,▁vatandaşı,1,0.03397893
sts,tur_Latn,216398,▁geçici,1,0.03397893
sts,tur_Latn,216478,▁sınırları,7,0.23785253
sts,tur_Latn,216547,leyeceği,1,0.03397893
sts,tur_Latn,217987,▁Komisyonu,5,0.16989467
sts,tur_Latn,219266,▁memleket,3,0.10193680
sts,tur_Latn,219549,▁askerler,3,0.10193680
sts,tur_Latn,221558,meliyiz,2,0.06795787
sts,tur_Latn,223316,▁Ajansı,1,0.03397893
sts,tur_Latn,224216,▁açıklandı,2,0.06795787
sts,tur_Latn,225624,▁ortasında,1,0.03397893
sts,tur_Latn,225888,▁Konseyi,2,0.06795787
sts,tur_Latn,226420,▁bekliyoruz,1,0.03397893
sts,tur_Latn,229227,▁emniyet,2,0.06795787
sts,tur_Latn,229880,▁Kuvvetleri,3,0.10193680
sts,tur_Latn,230230,gerçekleştirildi,1,0.03397893
sts,tur_Latn,231858,▁sürücüsü,1,0.03397893
sts,tur_Latn,233215,▁tartışıl,1,0.03397893
sts,tur_Latn,234032,▁düzenledi,1,0.03397893
sts,tur_Latn,235430,▁esnasında,1,0.03397893
sts,tur_Latn,235556,▁açtığı,1,0.03397893
sts,tur_Latn,238093,▁şahıs,1,0.03397893
sts,tur_Latn,238234,▁müthiş,1,0.03397893
sts,tur_Latn,238256,▁İnşallah,1,0.03397893
sts,arb_Arab,5,.,36,1.23161136
sts,arb_Arab,6,▁,65,2.22374273
sts,arb_Arab,9,-,2,0.06842285
sts,arb_Arab,12,:,4,0.13684571
sts,arb_Arab,15,▁(,2,0.06842285
sts,arb_Arab,20,▁-,8,0.27369141
sts,arb_Arab,44,"▁""",5,0.17105713
sts,arb_Arab,46,▁–,1,0.03421143
sts,arb_Arab,50,،,95,3.25008553
sts,arb_Arab,58,"""",3,0.10263428
sts,arb_Arab,65,▁و,20,0.68422853
sts,arb_Arab,94,▁«,16,0.54738283
sts,arb_Arab,106,▁1,1,0.03421143
sts,arb_Arab,116,▁2,1,0.03421143
sts,arb_Arab,138,▁3,2,0.06842285
sts,arb_Arab,152,▁:,1,0.03421143
sts,arb_Arab,167,»,5,0.17105713
sts,arb_Arab,176,ه,27,0.92370852
sts,arb_Arab,178,▁به,1,0.03421143
sts,arb_Arab,179,ي,14,0.47895997
sts,arb_Arab,181,▁د,4,0.13684571
sts,arb_Arab,190,▁5,2,0.06842285
sts,arb_Arab,194,).,1,0.03421143
sts,arb_Arab,201,▁4,1,0.03421143
sts,arb_Arab,230,▁من,37,1.26582278
sts,arb_Arab,240,▁في,37,1.26582278
sts,arb_Arab,250,ة,56,1.91583989
sts,arb_Arab,258,ا,25,0.85528567
sts,arb_Arab,305,▁6,2,0.06842285
sts,arb_Arab,323,ن,4,0.13684571
sts,arb_Arab,359,▁ال,33,1.12897708
sts,arb_Arab,361,▁7,4,0.13684571
sts,arb_Arab,368,ت,16,0.54738283
sts,arb_Arab,376,م,8,0.27369141
sts,arb_Arab,382,▁8,1,0.03421143
sts,arb_Arab,387,▁20,1,0.03421143
sts,arb_Arab,396,ات,26,0.88949709
sts,arb_Arab,406,▁را,1,0.03421143
sts,arb_Arab,412,▁با,2,0.06842285
sts,arb_Arab,431,و,7,0.23947999
sts,arb_Arab,477,▁است,11,0.37632569
sts,arb_Arab,488,ِ,2,0.06842285
sts,arb_Arab,496,▁30,1,0.03421143
sts,arb_Arab,556,▁على,23,0.78686281
sts,arb_Arab,577,ُ,3,0.10263428
sts,arb_Arab,593,ل,2,0.06842285
sts,arb_Arab,608,ها,21,0.71843996
sts,arb_Arab,616,▁14,1,0.03421143
sts,arb_Arab,648,ية,22,0.75265139
sts,arb_Arab,665,▁م,5,0.17105713
sts,arb_Arab,676,▁ب,22,0.75265139
sts,arb_Arab,703,ً,17,0.58159425
sts,arb_Arab,715,▁جو,2,0.06842285
sts,arb_Arab,744,▁24,2,0.06842285
sts,arb_Arab,746,▁ت,8,0.27369141
sts,arb_Arab,755,ين,16,0.54738283
sts,arb_Arab,767,▁ي,12,0.41053712
sts,arb_Arab,785,ان,4,0.13684571
sts,arb_Arab,795,▁ل,17,0.58159425
sts,arb_Arab,826,د,2,0.06842285
sts,arb_Arab,835,ر,2,0.06842285
sts,arb_Arab,862,▁أن,9,0.30790284
sts,arb_Arab,870,ش,4,0.13684571
sts,arb_Arab,877,▁ما,5,0.17105713
sts,arb_Arab,878,▁ا,2,0.06842285
sts,arb_Arab,900,ون,12,0.41053712
sts,arb_Arab,902,ى,9,0.30790284
sts,arb_Arab,906,▁الم,40,1.36845706
sts,arb_Arab,917,▁ها,1,0.03421143
sts,arb_Arab,926,س,2,0.06842285
sts,arb_Arab,953,▁19,1,0.03421143
sts,arb_Arab,972,ك,4,0.13684571
sts,arb_Arab,1101,▁وال,26,0.88949709
sts,arb_Arab,1168,ّ,3,0.10263428
sts,arb_Arab,1195,ع,8,0.27369141
sts,arb_Arab,1237,▁لل,12,0.41053712
sts,arb_Arab,1251,».,6,0.20526856
sts,arb_Arab,1282,ال,8,0.27369141
sts,arb_Arab,1325,ب,3,0.10263428
sts,arb_Arab,1327,▁لا,1,0.03421143
sts,arb_Arab,1333,▁أ,6,0.20526856
sts,arb_Arab,1335,▁إلى,14,0.47895997
sts,arb_Arab,1359,▁بر,1,0.03421143
sts,arb_Arab,1365,▁عن,8,0.27369141
sts,arb_Arab,1423,▁الله,1,0.03421143
sts,arb_Arab,1469,ز,3,0.10263428
sts,arb_Arab,1496,▁60,1,0.03421143
sts,arb_Arab,1533,▁بعد,3,0.10263428
sts,arb_Arab,1546,▁مع,5,0.17105713
sts,arb_Arab,1638,▁هو,1,0.03421143
sts,arb_Arab,1692,هم,4,0.13684571
sts,arb_Arab,1705,▁بال,15,0.51317140
sts,arb_Arab,1706,▁ن,3,0.10263428
sts,arb_Arab,1737,▁(2),1,0.03421143
sts,arb_Arab,1761,▁التي,2,0.06842285
sts,arb_Arab,1778,وا,3,0.10263428
sts,arb_Arab,1855,نى,1,0.03421143
sts,arb_Arab,2000,▁أو,18,0.61580568
sts,arb_Arab,2044,ـ,12,0.41053712
sts,arb_Arab,2048,ج,1,0.03421143
sts,arb_Arab,2103,▁ف,4,0.13684571
sts,arb_Arab,2231,▁وي,6,0.20526856
sts,arb_Arab,2433,▁هذا,5,0.17105713
sts,arb_Arab,2444,▁سان,1,0.03421143
sts,arb_Arab,2567,▁بن,2,0.06842285
sts,arb_Arab,2592,14,1,0.03421143
sts,arb_Arab,2689,اء,5,0.17105713
sts,arb_Arab,2796,يا,6,0.20526856
sts,arb_Arab,2862,ته,4,0.13684571
sts,arb_Arab,2889,ما,1,0.03421143
sts,arb_Arab,2977,▁محمد,1,0.03421143
sts,arb_Arab,3047,▁كل,5,0.17105713
sts,arb_Arab,3067,تا,1,0.03421143
sts,arb_Arab,3070,▁هذه,2,0.06842285
sts,arb_Arab,3092,ص,2,0.06842285
sts,arb_Arab,3108,▁لم,5,0.17105713
sts,arb_Arab,3202,▁الت,2,0.06842285
sts,arb_Arab,3212,▁إ,11,0.37632569
sts,arb_Arab,3234,▁الذي,3,0.10263428
sts,arb_Arab,3239,ئ,1,0.03421143
sts,arb_Arab,3247,ح,1,0.03421143
sts,arb_Arab,3341,خ,3,0.10263428
sts,arb_Arab,3363,▁الأ,8,0.27369141
sts,arb_Arab,3392,▁قرار,1,0.03421143
sts,arb_Arab,3426,▁وت,5,0.17105713
sts,arb_Arab,3484,▁الا,2,0.06842285
sts,arb_Arab,3485,▁وقت,1,0.03421143
sts,arb_Arab,3503,ست,1,0.03421143
sts,arb_Arab,3518,▁سي,1,0.03421143
sts,arb_Arab,3640,▁2019,1,0.03421143
sts,arb_Arab,3832,▁نا,1,0.03421143
sts,arb_Arab,3979,بر,2,0.06842285
sts,arb_Arab,4003,▁كان,1,0.03421143
sts,arb_Arab,4012,▁مي,3,0.10263428
sts,arb_Arab,4040,▁بين,4,0.13684571
sts,arb_Arab,4064,غا,1,0.03421143
sts,arb_Arab,4141,▁بي,1,0.03421143
sts,arb_Arab,4297,ور,2,0.06842285
sts,arb_Arab,4298,أ,2,0.06842285
sts,arb_Arab,4320,ير,3,0.10263428
sts,arb_Arab,4333,لو,1,0.03421143
sts,arb_Arab,4351,▁عمل,2,0.06842285
sts,arb_Arab,4392,▁شهر,1,0.03421143
sts,arb_Arab,4399,ذ,6,0.20526856
sts,arb_Arab,4472,▁عليه,9,0.30790284
sts,arb_Arab,4569,▁ج,1,0.03421143
sts,arb_Arab,4587,▁وم,9,0.30790284
sts,arb_Arab,4754,«,3,0.10263428
sts,arb_Arab,4761,▁حال,1,0.03421143
sts,arb_Arab,4790,وي,2,0.06842285
sts,arb_Arab,4832,▁ذلك,7,0.23947999
sts,arb_Arab,4840,دى,1,0.03421143
sts,arb_Arab,4967,▁فى,21,0.71843996
sts,arb_Arab,4973,يات,3,0.10263428
sts,arb_Arab,4982,يت,2,0.06842285
sts,arb_Arab,4995,ض,4,0.13684571
sts,arb_Arab,5035,▁12.,1,0.03421143
sts,arb_Arab,5049,▁عام,1,0.03421143
sts,arb_Arab,5069,تر,3,0.10263428
sts,arb_Arab,5081,▁ق,1,0.03421143
sts,arb_Arab,5116,ث,2,0.06842285
sts,arb_Arab,5202,▁إن,5,0.17105713
sts,arb_Arab,5247,▁والم,4,0.13684571
sts,arb_Arab,5273,يل,1,0.03421143
sts,arb_Arab,5354,▁وأ,5,0.17105713
sts,arb_Arab,5393,مان,3,0.10263428
sts,arb_Arab,5537,▁الع,2,0.06842285
sts,arb_Arab,5668,▁ص,2,0.06842285
sts,arb_Arab,5703,لي,2,0.06842285
sts,arb_Arab,5717,▁كما,2,0.06842285
sts,arb_Arab,5749,من,5,0.17105713
sts,arb_Arab,5784,▁خلال,9,0.30790284
sts,arb_Arab,5818,▁سب,1,0.03421143
sts,arb_Arab,5843,35,1,0.03421143
sts,arb_Arab,5867,▁جن,1,0.03421143
sts,arb_Arab,6008,يم,2,0.06842285
sts,arb_Arab,6094,▁الإ,3,0.10263428
sts,arb_Arab,6160,جي,3,0.10263428
sts,arb_Arab,6164,▁مت,1,0.03421143
sts,arb_Arab,6225,▁قد,3,0.10263428
sts,arb_Arab,6227,اد,2,0.06842285
sts,arb_Arab,6257,▁ح,3,0.10263428
sts,arb_Arab,6268,▁وب,2,0.06842285
sts,arb_Arab,6410,تى,1,0.03421143
sts,arb_Arab,6413,يد,1,0.03421143
sts,arb_Arab,6415,نه,1,0.03421143
sts,arb_Arab,6420,▁غير,1,0.03421143
sts,arb_Arab,6466,تها,4,0.13684571
sts,arb_Arab,6472,اق,4,0.13684571
sts,arb_Arab,6625,▁قال,2,0.06842285
sts,arb_Arab,6708,▁سن,2,0.06842285
sts,arb_Arab,6779,با,2,0.06842285
sts,arb_Arab,7024,قا,1,0.03421143
sts,arb_Arab,7089,▁اليوم,4,0.13684571
sts,arb_Arab,7181,دي,2,0.06842285
sts,arb_Arab,7221,▁52,1,0.03421143
sts,arb_Arab,7578,▁حيث,2,0.06842285
sts,arb_Arab,7649,ود,2,0.06842285
sts,arb_Arab,7690,▁حتى,2,0.06842285
sts,arb_Arab,7782,وب,3,0.10263428
sts,arb_Arab,7795,▁بم,1,0.03421143
sts,arb_Arab,7938,▁ولا,1,0.03421143
sts,arb_Arab,7989,▁آب,1,0.03421143
sts,arb_Arab,8039,دو,1,0.03421143
sts,arb_Arab,8045,▁الس,8,0.27369141
sts,arb_Arab,8150,▁انسان,1,0.03421143
sts,arb_Arab,8238,مر,2,0.06842285
sts,arb_Arab,8328,▁موقع,2,0.06842285
sts,arb_Arab,8383,▁قانون,2,0.06842285
sts,arb_Arab,8413,▁حل,1,0.03421143
sts,arb_Arab,8428,از,1,0.03421143
sts,arb_Arab,8468,▁دولت,1,0.03421143
sts,arb_Arab,8519,▁داخل,2,0.06842285
sts,arb_Arab,8704,ؤ,1,0.03421143
sts,arb_Arab,8755,▁بد,1,0.03421143
sts,arb_Arab,8777,▁صرف,1,0.03421143
sts,arb_Arab,8841,▁الر,1,0.03421143
sts,arb_Arab,9101,▁ومن,1,0.03421143
sts,arb_Arab,9123,▁نظام,1,0.03421143
sts,arb_Arab,9140,اف,2,0.06842285
sts,arb_Arab,9294,▁ثم,1,0.03421143
sts,arb_Arab,9394,▁لت,2,0.06842285
sts,arb_Arab,9419,ٍ,1,0.03421143
sts,arb_Arab,9475,▁غ,2,0.06842285
sts,arb_Arab,9642,▁كانت,1,0.03421143
sts,arb_Arab,9650,وار,1,0.03421143
sts,arb_Arab,9787,▁للم,4,0.13684571
sts,arb_Arab,9793,انو,1,0.03421143
sts,arb_Arab,9835,اني,3,0.10263428
sts,arb_Arab,9980,سر,2,0.06842285
sts,arb_Arab,10102,▁مصر,3,0.10263428
sts,arb_Arab,10227,▁جانب,2,0.06842285
sts,arb_Arab,10268,▁أنه,1,0.03421143
sts,arb_Arab,10286,اط,1,0.03421143
sts,arb_Arab,10488,فت,1,0.03421143
sts,arb_Arab,10651,▁وفي,1,0.03421143
sts,arb_Arab,10691,ستان,2,0.06842285
sts,arb_Arab,10731,▁العام,4,0.13684571
sts,arb_Arab,10754,▁الخ,3,0.10263428
sts,arb_Arab,10817,▁رئيس,1,0.03421143
sts,arb_Arab,10876,▁علم,2,0.06842285
sts,arb_Arab,10913,مل,2,0.06842285
sts,arb_Arab,11075,▁2020,1,0.03421143
sts,arb_Arab,11130,في,4,0.13684571
sts,arb_Arab,11386,▁والا,1,0.03421143
sts,arb_Arab,11396,▁صدر,1,0.03421143
sts,arb_Arab,11429,عت,2,0.06842285
sts,arb_Arab,11516,▁(5,1,0.03421143
sts,arb_Arab,11574,▁واحد,1,0.03421143
sts,arb_Arab,11577,▁بها,1,0.03421143
sts,arb_Arab,11917,رت,1,0.03421143
sts,arb_Arab,11924,▁مش,1,0.03421143
sts,arb_Arab,11987,▁آخر,1,0.03421143
sts,arb_Arab,12011,▁الح,2,0.06842285
sts,arb_Arab,12037,▁حد,1,0.03421143
sts,arb_Arab,12193,▁عبد,1,0.03421143
sts,arb_Arab,12310,▁آل,1,0.03421143
sts,arb_Arab,12363,▁نقل,1,0.03421143
sts,arb_Arab,12572,▁العالم,1,0.03421143
sts,arb_Arab,12581,▁عدد,2,0.06842285
sts,arb_Arab,12584,▁أكثر,1,0.03421143
sts,arb_Arab,12589,لة,2,0.06842285
sts,arb_Arab,12705,▁العمل,3,0.10263428
sts,arb_Arab,12880,وان,2,0.06842285
sts,arb_Arab,12902,▁الق,1,0.03421143
sts,arb_Arab,12985,▁نوع,1,0.03421143
sts,arb_Arab,13029,▁الج,1,0.03421143
sts,arb_Arab,13032,عد,2,0.06842285
sts,arb_Arab,13061,▁فيها,3,0.10263428
sts,arb_Arab,13142,شت,1,0.03421143
sts,arb_Arab,13231,▁إذا,1,0.03421143
sts,arb_Arab,13352,اك,1,0.03421143
sts,arb_Arab,13488,هن,1,0.03421143
sts,arb_Arab,13502,▁وزير,5,0.17105713
sts,arb_Arab,13517,▁الو,4,0.13684571
sts,arb_Arab,13620,يف,1,0.03421143
sts,arb_Arab,13759,دان,3,0.10263428
sts,arb_Arab,13767,يق,2,0.06842285
sts,arb_Arab,14272,جر,4,0.13684571
sts,arb_Arab,14370,فة,2,0.06842285
sts,arb_Arab,14409,▁فيه,1,0.03421143
sts,arb_Arab,14447,▁محل,1,0.03421143
sts,arb_Arab,14500,اور,1,0.03421143
sts,arb_Arab,14603,▁يت,1,0.03421143
sts,arb_Arab,14626,▁حول,1,0.03421143
sts,arb_Arab,14648,▁ون,1,0.03421143
sts,arb_Arab,14731,▁مد,1,0.03421143
sts,arb_Arab,14733,زم,1,0.03421143
sts,arb_Arab,14800,وز,1,0.03421143
sts,arb_Arab,14871,▁والأ,4,0.13684571
sts,arb_Arab,15073,▁العربية,1,0.03421143
sts,arb_Arab,15088,▁هناك,1,0.03421143
sts,arb_Arab,15162,سي,2,0.06842285
sts,arb_Arab,15186,جن,2,0.06842285
sts,arb_Arab,15216,يش,2,0.06842285
sts,arb_Arab,15330,▁المت,2,0.06842285
sts,arb_Arab,15493,يين,1,0.03421143
sts,arb_Arab,15737,دل,1,0.03421143
sts,arb_Arab,15780,عة,2,0.06842285
sts,arb_Arab,15814,عي,2,0.06842285
sts,arb_Arab,16009,▁واقع,1,0.03421143
sts,arb_Arab,16156,▁(6,1,0.03421143
sts,arb_Arab,16657,لام,1,0.03421143
sts,arb_Arab,16813,▁ابن,1,0.03421143
sts,arb_Arab,16830,شا,1,0.03421143
sts,arb_Arab,16946,▁دون,1,0.03421143
sts,arb_Arab,16947,▁عليها,3,0.10263428
sts,arb_Arab,17082,▁ط,7,0.23947999
sts,arb_Arab,17113,زا,2,0.06842285
sts,arb_Arab,17187,لت,1,0.03421143
sts,arb_Arab,17211,كا,1,0.03421143
sts,arb_Arab,17286,▁أحد,1,0.03421143
sts,arb_Arab,17440,غل,1,0.03421143
sts,arb_Arab,17625,▁الذين,2,0.06842285
sts,arb_Arab,17638,▁ـ,11,0.37632569
sts,arb_Arab,17725,▁مست,2,0.06842285
sts,arb_Arab,17782,تين,1,0.03421143
sts,arb_Arab,17916,الم,1,0.03421143
sts,arb_Arab,17939,▁الأول,1,0.03421143
sts,arb_Arab,17941,▁بحث,1,0.03421143
sts,arb_Arab,18004,▁منذ,1,0.03421143
sts,arb_Arab,18061,قة,2,0.06842285
sts,arb_Arab,18170,هما,1,0.03421143
sts,arb_Arab,18173,▁يتم,1,0.03421143
sts,arb_Arab,18185,بة,1,0.03421143
sts,arb_Arab,18296,ائر,1,0.03421143
sts,arb_Arab,18306,▁لأ,3,0.10263428
sts,arb_Arab,18740,▁عبر,2,0.06842285
sts,arb_Arab,18789,▁وقال,1,0.03421143
sts,arb_Arab,18943,جد,5,0.17105713
sts,arb_Arab,19068,▁منها,1,0.03421143
sts,arb_Arab,19194,دة,3,0.10263428
sts,arb_Arab,19272,مال,1,0.03421143
sts,arb_Arab,19280,تل,1,0.03421143
sts,arb_Arab,19304,▁استخدام,1,0.03421143
sts,arb_Arab,19478,رة,1,0.03421143
sts,arb_Arab,19494,▁الغ,2,0.06842285
sts,arb_Arab,19573,▁قدر,1,0.03421143
sts,arb_Arab,19636,▁أم,1,0.03421143
sts,arb_Arab,19707,▁تلك,1,0.03421143
sts,arb_Arab,19809,رك,3,0.10263428
sts,arb_Arab,19907,شي,1,0.03421143
sts,arb_Arab,20096,▁عالم,1,0.03421143
sts,arb_Arab,20121,▁رقم,1,0.03421143
sts,arb_Arab,20164,▁سابق,1,0.03421143
sts,arb_Arab,20223,▁بأ,3,0.10263428
sts,arb_Arab,20258,▁المن,4,0.13684571
sts,arb_Arab,20272,▁أيضا,2,0.06842285
sts,arb_Arab,20353,▁المتحدة,4,0.13684571
sts,arb_Arab,20512,وات,4,0.13684571
sts,arb_Arab,20573,صار,1,0.03421143
sts,arb_Arab,20621,▁يجب,1,0.03421143
sts,arb_Arab,20730,▁تاريخ,1,0.03421143
sts,arb_Arab,20877,▁قول,1,0.03421143
sts,arb_Arab,20910,▁وذلك,2,0.06842285
sts,arb_Arab,21016,لان,1,0.03421143
sts,arb_Arab,21148,زل,1,0.03421143
sts,arb_Arab,21157,▁مدد,2,0.06842285
sts,arb_Arab,21188,▁بالم,1,0.03421143
sts,arb_Arab,21192,▁وجه,3,0.10263428
sts,arb_Arab,21205,▁تع,1,0.03421143
sts,arb_Arab,21213,▁105,1,0.03421143
sts,arb_Arab,21542,▁جر,2,0.06842285
sts,arb_Arab,21643,داد,1,0.03421143
sts,arb_Arab,22035,دن,4,0.13684571
sts,arb_Arab,22327,▁اله,2,0.06842285
sts,arb_Arab,22371,▁أخرى,1,0.03421143
sts,arb_Arab,22650,حت,1,0.03421143
sts,arb_Arab,22868,نة,2,0.06842285
sts,arb_Arab,22977,صاب,4,0.13684571
sts,arb_Arab,23132,إ,1,0.03421143
sts,arb_Arab,23164,▁رب,1,0.03421143
sts,arb_Arab,23198,)،,1,0.03421143
sts,arb_Arab,23372,▁الث,3,0.10263428
sts,arb_Arab,24196,ادي,1,0.03421143
sts,arb_Arab,24832,تهم,2,0.06842285
sts,arb_Arab,25071,▁بما,1,0.03421143
sts,arb_Arab,25198,▁مما,1,0.03421143
sts,arb_Arab,25460,وية,1,0.03421143
sts,arb_Arab,25504,زار,1,0.03421143
sts,arb_Arab,25533,ادة,1,0.03421143
sts,arb_Arab,25566,▁مج,1,0.03421143
sts,arb_Arab,25715,▁ث,2,0.06842285
sts,arb_Arab,25947,خر,1,0.03421143
sts,arb_Arab,25985,صب,1,0.03421143
sts,arb_Arab,26039,▁ولم,2,0.06842285
sts,arb_Arab,26059,جمع,1,0.03421143
sts,arb_Arab,26290,▁أس,1,0.03421143
sts,arb_Arab,26351,▁أول,3,0.10263428
sts,arb_Arab,26426,▁والتي,1,0.03421143
sts,arb_Arab,26430,ئة,3,0.10263428
sts,arb_Arab,26610,ارة,1,0.03421143
sts,arb_Arab,26760,زن,1,0.03421143
sts,arb_Arab,26894,قت,2,0.06842285
sts,arb_Arab,27310,ائية,4,0.13684571
sts,arb_Arab,27527,▁ض,1,0.03421143
sts,arb_Arab,27661,وق,2,0.06842285
sts,arb_Arab,27682,▁خاصة,2,0.06842285
sts,arb_Arab,27975,حد,2,0.06842285
sts,arb_Arab,28091,يج,2,0.06842285
sts,arb_Arab,28157,▁ملا,2,0.06842285
sts,arb_Arab,28187,▁وكان,1,0.03421143
sts,arb_Arab,28250,▁السعودية,1,0.03421143
sts,arb_Arab,28287,▁تس,3,0.10263428
sts,arb_Arab,28321,دد,1,0.03421143
sts,arb_Arab,28361,▁الدين,1,0.03421143
sts,arb_Arab,28373,▁عنه,1,0.03421143
sts,arb_Arab,28547,جل,2,0.06842285
sts,arb_Arab,28715,جاب,2,0.06842285
sts,arb_Arab,28760,تاب,1,0.03421143
sts,arb_Arab,28761,راف,1,0.03421143
sts,arb_Arab,28771,▁للت,1,0.03421143
sts,arb_Arab,28774,▁للأ,3,0.10263428
sts,arb_Arab,29061,▁الآ,2,0.06842285
sts,arb_Arab,29205,▁كو,1,0.03421143
sts,arb_Arab,29347,▁شن,2,0.06842285
sts,arb_Arab,29455,▁انتشار,1,0.03421143
sts,arb_Arab,29664,▁المع,1,0.03421143
sts,arb_Arab,29675,▁الخاصة,2,0.06842285
sts,arb_Arab,30034,▁الدولة,1,0.03421143
sts,arb_Arab,30039,▁كبير,1,0.03421143
sts,arb_Arab,30042,▁محمود,1,0.03421143
sts,arb_Arab,30048,▁بإ,2,0.06842285
sts,arb_Arab,30231,بند,1,0.03421143
sts,arb_Arab,30522,▁مدينة,1,0.03421143
sts,arb_Arab,30723,▁بيان,2,0.06842285
sts,arb_Arab,30728,طة,1,0.03421143
sts,arb_Arab,30920,راب,8,0.27369141
sts,arb_Arab,30933,▁أجل,2,0.06842285
sts,arb_Arab,30961,»،,8,0.27369141
sts,arb_Arab,30970,▁الأولى,1,0.03421143
sts,arb_Arab,31008,"""،",1,0.03421143
sts,arb_Arab,31140,▁15%,1,0.03421143
sts,arb_Arab,31245,▁سنة,1,0.03421143
sts,arb_Arab,31388,▁جز,1,0.03421143
sts,arb_Arab,31518,▁شعب,1,0.03421143
sts,arb_Arab,31788,طلب,1,0.03421143
sts,arb_Arab,31824,▁والع,2,0.06842285
sts,arb_Arab,32350,كان,6,0.20526856
sts,arb_Arab,32698,ائم,1,0.03421143
sts,arb_Arab,32859,▁فيما,1,0.03421143
sts,arb_Arab,33174,لس,8,0.27369141
sts,arb_Arab,33216,▁رشد,1,0.03421143
sts,arb_Arab,33367,▁الإنسان,1,0.03421143
sts,arb_Arab,33389,حي,2,0.06842285
sts,arb_Arab,33746,▁الماضي,1,0.03421143
sts,arb_Arab,34208,وى,3,0.10263428
sts,arb_Arab,34345,▁المست,4,0.13684571
sts,arb_Arab,34405,▁مناطق,2,0.06842285
sts,arb_Arab,34548,▁زا,1,0.03421143
sts,arb_Arab,34631,▁لهم,1,0.03421143
sts,arb_Arab,34708,▁مكان,1,0.03421143
sts,arb_Arab,34779,هار,1,0.03421143
sts,arb_Arab,34829,طن,2,0.06842285
sts,arb_Arab,35313,▁العديد,1,0.03421143
sts,arb_Arab,35316,▁المجتمع,1,0.03421143
sts,arb_Arab,35493,▁قطع,2,0.06842285
sts,arb_Arab,35508,▁الوطني,6,0.20526856
sts,arb_Arab,35800,▁الدولي,3,0.10263428
sts,arb_Arab,36364,ادر,1,0.03421143
sts,arb_Arab,36375,حق,3,0.10263428
sts,arb_Arab,36435,الة,2,0.06842285
sts,arb_Arab,36477,▁وسي,2,0.06842285
sts,arb_Arab,36500,▁الدول,1,0.03421143
sts,arb_Arab,36874,وك,1,0.03421143
sts,arb_Arab,36890,▁التى,2,0.06842285
sts,arb_Arab,37114,▁معا,2,0.06842285
sts,arb_Arab,37160,▁عملية,4,0.13684571
sts,arb_Arab,37426,▁فأ,2,0.06842285
sts,arb_Arab,37558,سته,1,0.03421143
sts,arb_Arab,37811,حال,1,0.03421143
sts,arb_Arab,37885,باط,1,0.03421143
sts,arb_Arab,37952,▁منا,1,0.03421143
sts,arb_Arab,38126,▁وزارة,4,0.13684571
sts,arb_Arab,38180,▁يست,1,0.03421143
sts,arb_Arab,38208,▁خير,1,0.03421143
sts,arb_Arab,38287,▁الدكتور,3,0.10263428
sts,arb_Arab,38345,اتها,2,0.06842285
sts,arb_Arab,38444,▁حم,1,0.03421143
sts,arb_Arab,38449,ضاف,1,0.03421143
sts,arb_Arab,38463,▁الجديد,2,0.06842285
sts,arb_Arab,38700,▁الحر,1,0.03421143
sts,arb_Arab,39042,▁حالة,2,0.06842285
sts,arb_Arab,39141,▁أبو,1,0.03421143
sts,arb_Arab,39232,شير,3,0.10263428
sts,arb_Arab,39521,▁الحل,1,0.03421143
sts,arb_Arab,39620,▁حالات,1,0.03421143
sts,arb_Arab,39690,▁مركز,1,0.03421143
sts,arb_Arab,39728,▁المنطقة,1,0.03421143
sts,arb_Arab,39978,▁الشيخ,5,0.17105713
sts,arb_Arab,40233,فاق,6,0.20526856
sts,arb_Arab,40270,دية,1,0.03421143
sts,arb_Arab,40374,خا,3,0.10263428
sts,arb_Arab,40476,▁دولار,1,0.03421143
sts,arb_Arab,40605,ئى,2,0.06842285
sts,arb_Arab,40632,ايل,1,0.03421143
sts,arb_Arab,40672,مين,1,0.03421143
sts,arb_Arab,40792,روس,9,0.30790284
sts,arb_Arab,40826,رق,1,0.03421143
sts,arb_Arab,40996,ائد,1,0.03421143
sts,arb_Arab,41008,▁ذكر,1,0.03421143
sts,arb_Arab,41022,▁جهاز,1,0.03421143
sts,arb_Arab,41080,▁والس,3,0.10263428
sts,arb_Arab,41127,قيم,1,0.03421143
sts,arb_Arab,41211,وث,3,0.10263428
sts,arb_Arab,41334,▁سواء,1,0.03421143
sts,arb_Arab,41350,▁مقرر,1,0.03421143
sts,arb_Arab,41381,قبل,1,0.03421143
sts,arb_Arab,41572,ولة,1,0.03421143
sts,arb_Arab,41769,▁الخاص,2,0.06842285
sts,arb_Arab,41882,لين,1,0.03421143
sts,arb_Arab,41970,▁لكل,1,0.03421143
sts,arb_Arab,42361,▁سنوات,1,0.03421143
sts,arb_Arab,42364,▁إليه,2,0.06842285
sts,arb_Arab,42490,تار,1,0.03421143
sts,arb_Arab,42498,▁نش,1,0.03421143
sts,arb_Arab,42571,▁صور,1,0.03421143
sts,arb_Arab,42667,هدف,1,0.03421143
sts,arb_Arab,43071,▁منطقة,1,0.03421143
sts,arb_Arab,43088,▁فريق,1,0.03421143
sts,arb_Arab,43193,▁دول,3,0.10263428
sts,arb_Arab,43226,▁الشر,1,0.03421143
sts,arb_Arab,43467,انية,1,0.03421143
sts,arb_Arab,43596,▁سل,1,0.03421143
sts,arb_Arab,43662,▁أد,1,0.03421143
sts,arb_Arab,43720,▁لب,1,0.03421143
sts,arb_Arab,43831,▁بالت,1,0.03421143
sts,arb_Arab,44005,زان,1,0.03421143
sts,arb_Arab,44132,قاب,1,0.03421143
sts,arb_Arab,44180,يني,1,0.03421143
sts,arb_Arab,44226,▁غرب,3,0.10263428
sts,arb_Arab,44435,ظهر,1,0.03421143
sts,arb_Arab,44475,▁الاتحاد,1,0.03421143
sts,arb_Arab,44703,وط,2,0.06842285
sts,arb_Arab,44781,خط,1,0.03421143
sts,arb_Arab,45241,▁سلمان,2,0.06842285
sts,arb_Arab,45787,▁تطبيق,3,0.10263428
sts,arb_Arab,45788,واز,1,0.03421143
sts,arb_Arab,46135,▁السل,2,0.06842285
sts,arb_Arab,46164,ليل,1,0.03421143
sts,arb_Arab,46416,▁القانون,2,0.06842285
sts,arb_Arab,46573,▁السابق,1,0.03421143
sts,arb_Arab,46600,▁إذ,1,0.03421143
sts,arb_Arab,46669,داء,1,0.03421143
sts,arb_Arab,46776,بع,1,0.03421143
sts,arb_Arab,46789,▁عبدالله,1,0.03421143
sts,arb_Arab,46901,▁الشعب,2,0.06842285
sts,arb_Arab,46915,▁حديث,1,0.03421143
sts,arb_Arab,47115,▁لدى,2,0.06842285
sts,arb_Arab,47563,نيا,1,0.03421143
sts,arb_Arab,47724,راج,6,0.20526856
sts,arb_Arab,48006,دخل,1,0.03421143
sts,arb_Arab,48169,▁بق,1,0.03421143
sts,arb_Arab,48236,ائز,2,0.06842285
sts,arb_Arab,48386,فى,2,0.06842285
sts,arb_Arab,48483,▁الأمن,2,0.06842285
sts,arb_Arab,48602,طالب,1,0.03421143
sts,arb_Arab,48633,حاول,1,0.03421143
sts,arb_Arab,48713,اشت,1,0.03421143
sts,arb_Arab,48933,▁قام,2,0.06842285
sts,arb_Arab,49018,لاف,2,0.06842285
sts,arb_Arab,49285,طار,1,0.03421143
sts,arb_Arab,49373,حم,1,0.03421143
sts,arb_Arab,49608,▁حي,1,0.03421143
sts,arb_Arab,49781,▁سج,1,0.03421143
sts,arb_Arab,49885,▁حسين,1,0.03421143
sts,arb_Arab,50221,▁بالأ,2,0.06842285
sts,arb_Arab,50333,نظم,2,0.06842285
sts,arb_Arab,50512,ابت,1,0.03421143
sts,arb_Arab,50538,عمار,1,0.03421143
sts,arb_Arab,50977,▁عز,1,0.03421143
sts,arb_Arab,50982,لية,1,0.03421143
sts,arb_Arab,51163,▁الدولية,2,0.06842285
sts,arb_Arab,51350,▁الحرب,1,0.03421143
sts,arb_Arab,51382,أس,1,0.03421143
sts,arb_Arab,51416,▁الجو,1,0.03421143
sts,arb_Arab,51436,اتهم,1,0.03421143
sts,arb_Arab,51523,قال,1,0.03421143
sts,arb_Arab,51960,▁الملك,2,0.06842285
sts,arb_Arab,52177,▁مايو,1,0.03421143
sts,arb_Arab,52229,▁الأخيرة,1,0.03421143
sts,arb_Arab,52381,خير,1,0.03421143
sts,arb_Arab,52690,▁الموقع,2,0.06842285
sts,arb_Arab,52793,لاء,1,0.03421143
sts,arb_Arab,52955,شرف,1,0.03421143
sts,arb_Arab,52966,صيب,2,0.06842285
sts,arb_Arab,53411,▁عدة,1,0.03421143
sts,arb_Arab,53771,▁بص,2,0.06842285
sts,arb_Arab,53826,▁المدينة,1,0.03421143
sts,arb_Arab,53838,خل,1,0.03421143
sts,arb_Arab,53907,▁شرط,1,0.03421143
sts,arb_Arab,53971,يقة,1,0.03421143
sts,arb_Arab,54067,دعم,1,0.03421143
sts,arb_Arab,54116,▁تك,1,0.03421143
sts,arb_Arab,54191,▁الصف,1,0.03421143
sts,arb_Arab,54273,▁يناير,1,0.03421143
sts,arb_Arab,54295,موز,1,0.03421143
sts,arb_Arab,54477,▁المجلس,1,0.03421143
sts,arb_Arab,54610,▁وسط,1,0.03421143
sts,arb_Arab,54771,مير,1,0.03421143
sts,arb_Arab,54897,راض,2,0.06842285
sts,arb_Arab,54986,▁طب,1,0.03421143
sts,arb_Arab,55086,▁بالنسبة,1,0.03421143
sts,arb_Arab,55317,▁الخارجية,2,0.06842285
sts,arb_Arab,55608,▁المنا,1,0.03421143
sts,arb_Arab,56106,▁احترام,1,0.03421143
sts,arb_Arab,56306,▁ميل,1,0.03421143
sts,arb_Arab,56326,مم,1,0.03421143
sts,arb_Arab,56482,▁منهم,1,0.03421143
sts,arb_Arab,56653,إعادة,1,0.03421143
sts,arb_Arab,56719,▁رغم,4,0.13684571
sts,arb_Arab,57778,▁كامل,1,0.03421143
sts,arb_Arab,57784,▁النبي,1,0.03421143
sts,arb_Arab,57829,واد,1,0.03421143
sts,arb_Arab,57899,ائف,2,0.06842285
sts,arb_Arab,57984,▁الواقع,1,0.03421143
sts,arb_Arab,58109,▁البلد,1,0.03421143
sts,arb_Arab,58185,▁الام,1,0.03421143
sts,arb_Arab,58444,صة,1,0.03421143
sts,arb_Arab,58785,▁إنه,1,0.03421143
sts,arb_Arab,58791,▁يس,1,0.03421143
sts,arb_Arab,59270,مش,1,0.03421143
sts,arb_Arab,59307,ثار,1,0.03421143
sts,arb_Arab,59341,▁موقف,1,0.03421143
sts,arb_Arab,59536,مكان,1,0.03421143
sts,arb_Arab,59750,▁البلاد,1,0.03421143
sts,arb_Arab,60081,▁الجن,1,0.03421143
sts,arb_Arab,60137,▁التح,1,0.03421143
sts,arb_Arab,60294,يض,1,0.03421143
sts,arb_Arab,60586,▁فترة,1,0.03421143
sts,arb_Arab,60721,▁أيام,1,0.03421143
sts,arb_Arab,60981,ادات,1,0.03421143
sts,arb_Arab,61050,▁المصري,1,0.03421143
sts,arb_Arab,61364,▁سير,2,0.06842285
sts,arb_Arab,61481,إن,1,0.03421143
sts,arb_Arab,61501,الات,1,0.03421143
sts,arb_Arab,61539,بلغ,2,0.06842285
sts,arb_Arab,61657,ضغط,1,0.03421143
sts,arb_Arab,61731,▁أع,1,0.03421143
sts,arb_Arab,61825,حافظ,1,0.03421143
sts,arb_Arab,61931,▁لمن,1,0.03421143
sts,arb_Arab,62031,داع,1,0.03421143
sts,arb_Arab,62041,▁يوجد,2,0.06842285
sts,arb_Arab,62055,▁ترك,3,0.10263428
sts,arb_Arab,62221,غي,1,0.03421143
sts,arb_Arab,62292,▁شرق,1,0.03421143
sts,arb_Arab,62331,احت,1,0.03421143
sts,arb_Arab,62577,امي,2,0.06842285
sts,arb_Arab,62646,▁العالمية,2,0.06842285
sts,arb_Arab,62791,راز,1,0.03421143
sts,arb_Arab,62869,تابع,2,0.06842285
sts,arb_Arab,62909,▁كافة,1,0.03421143
sts,arb_Arab,63011,يخ,3,0.10263428
sts,arb_Arab,63776,▁السياسي,1,0.03421143
sts,arb_Arab,63949,▁عليهم,3,0.10263428
sts,arb_Arab,64189,▁عمليات,2,0.06842285
sts,arb_Arab,64938,▁يعمل,1,0.03421143
sts,arb_Arab,65034,▁8),2,0.06842285
sts,arb_Arab,65306,علن,3,0.10263428
sts,arb_Arab,65631,▁نهاية,3,0.10263428
sts,arb_Arab,66422,▁حكم,1,0.03421143
sts,arb_Arab,66427,▁طريقة,1,0.03421143
sts,arb_Arab,66504,ريف,1,0.03421143
sts,arb_Arab,66734,▁توافق,1,0.03421143
sts,arb_Arab,66860,▁الجيش,3,0.10263428
sts,arb_Arab,66940,خن,1,0.03421143
sts,arb_Arab,67374,بث,1,0.03421143
sts,arb_Arab,67542,عكس,1,0.03421143
sts,arb_Arab,67593,ريب,1,0.03421143
sts,arb_Arab,67941,▁المصرية,1,0.03421143
sts,arb_Arab,68203,▁عناصر,1,0.03421143
sts,arb_Arab,68323,▁التواصل,3,0.10263428
sts,arb_Arab,68513,▁مغ,1,0.03421143
sts,arb_Arab,68832,▁الاجتماعي,2,0.06842285
sts,arb_Arab,69050,ائه,1,0.03421143
sts,arb_Arab,69170,▁وصف,2,0.06842285
sts,arb_Arab,69300,▁متوسط,1,0.03421143
sts,arb_Arab,69580,▁بالإضافة,1,0.03421143
sts,arb_Arab,69744,▁اللغة,2,0.06842285
sts,arb_Arab,69814,طاق,1,0.03421143
sts,arb_Arab,70153,▁للن,1,0.03421143
sts,arb_Arab,70230,فكر,1,0.03421143
sts,arb_Arab,70509,▁لح,1,0.03421143
sts,arb_Arab,70638,▁الحكم,1,0.03421143
sts,arb_Arab,71218,صرف,3,0.10263428
sts,arb_Arab,71240,▁كور,9,0.30790284
sts,arb_Arab,71309,استمرار,2,0.06842285
sts,arb_Arab,71633,▁وكانت,1,0.03421143
sts,arb_Arab,71818,كثر,2,0.06842285
sts,arb_Arab,72017,بول,3,0.10263428
sts,arb_Arab,72051,▁بداية,1,0.03421143
sts,arb_Arab,72133,سط,1,0.03421143
sts,arb_Arab,72170,▁قوات,7,0.23947999
sts,arb_Arab,72481,ارى,1,0.03421143
sts,arb_Arab,72647,▁الشرق,1,0.03421143
sts,arb_Arab,72712,طق,1,0.03421143
sts,arb_Arab,73077,▁امتحان,2,0.06842285
sts,arb_Arab,73190,▁وتم,2,0.06842285
sts,arb_Arab,73255,▁والق,1,0.03421143
sts,arb_Arab,73443,▁بط,1,0.03421143
sts,arb_Arab,73491,▁مالي,1,0.03421143
sts,arb_Arab,73492,▁الشهر,2,0.06842285
sts,arb_Arab,73554,▁أمس,5,0.17105713
sts,arb_Arab,73599,مية,1,0.03421143
sts,arb_Arab,73645,▁تعرض,2,0.06842285
sts,arb_Arab,73752,▁لق,3,0.10263428
sts,arb_Arab,73942,▁للإ,2,0.06842285
sts,arb_Arab,73953,حف,3,0.10263428
sts,arb_Arab,74013,▁دعم,2,0.06842285
sts,arb_Arab,74023,▁رسمي,1,0.03421143
sts,arb_Arab,74309,▁خدمة,4,0.13684571
sts,arb_Arab,74337,▁النظر,1,0.03421143
sts,arb_Arab,74415,إجراء,3,0.10263428
sts,arb_Arab,74469,▁حدث,1,0.03421143
sts,arb_Arab,74909,▁المخ,1,0.03421143
sts,arb_Arab,75078,بك,3,0.10263428
sts,arb_Arab,75304,▁للع,1,0.03421143
sts,arb_Arab,75758,صحة,1,0.03421143
sts,arb_Arab,76277,▁148,1,0.03421143
sts,arb_Arab,76365,شين,1,0.03421143
sts,arb_Arab,76450,بق,1,0.03421143
sts,arb_Arab,76466,▁إيران,1,0.03421143
sts,arb_Arab,76522,طال,1,0.03421143
sts,arb_Arab,76620,ايات,1,0.03421143
sts,arb_Arab,76822,ساب,1,0.03421143
sts,arb_Arab,76827,▁انتظام,1,0.03421143
sts,arb_Arab,76855,وخ,5,0.17105713
sts,arb_Arab,77285,▁وفق,1,0.03421143
sts,arb_Arab,77370,قود,1,0.03421143
sts,arb_Arab,77453,بعث,2,0.06842285
sts,arb_Arab,77676,▁نتيجة,2,0.06842285
sts,arb_Arab,77787,▁مختلفة,2,0.06842285
sts,arb_Arab,78199,▁بينما,1,0.03421143
sts,arb_Arab,78271,▁سقوط,2,0.06842285
sts,arb_Arab,78393,▁إضافة,1,0.03421143
sts,arb_Arab,78525,▁يد,1,0.03421143
sts,arb_Arab,78710,▁دعو,1,0.03421143
sts,arb_Arab,78890,▁تحديد,1,0.03421143
sts,arb_Arab,78921,دفع,1,0.03421143
sts,arb_Arab,79547,تكون,1,0.03421143
sts,arb_Arab,79568,▁الجز,1,0.03421143
sts,arb_Arab,79582,يست,1,0.03421143
sts,arb_Arab,79745,انى,1,0.03421143
sts,arb_Arab,79777,▁نعم,1,0.03421143
sts,arb_Arab,80057,▁المياه,2,0.06842285
sts,arb_Arab,80261,قبال,1,0.03421143
sts,arb_Arab,80901,ائح,1,0.03421143
sts,arb_Arab,80942,حرص,2,0.06842285
sts,arb_Arab,80958,▁مبلغ,3,0.10263428
sts,arb_Arab,80975,كور,1,0.03421143
sts,arb_Arab,81039,▁التع,6,0.20526856
sts,arb_Arab,81137,▁الداخلية,1,0.03421143
sts,arb_Arab,81326,درس,1,0.03421143
sts,arb_Arab,81531,▁دخل,1,0.03421143
sts,arb_Arab,81901,▁طبي,5,0.17105713
sts,arb_Arab,81972,▁البا,1,0.03421143
sts,arb_Arab,82104,قوا,1,0.03421143
sts,arb_Arab,82170,صاد,1,0.03421143
sts,arb_Arab,82388,مؤسس,1,0.03421143
sts,arb_Arab,82547,▁الدفاع,1,0.03421143
sts,arb_Arab,82959,▁حركة,1,0.03421143
sts,arb_Arab,83078,الو,3,0.10263428
sts,arb_Arab,83107,قرب,1,0.03421143
sts,arb_Arab,83208,يغ,1,0.03421143
sts,arb_Arab,83489,▁2020.,1,0.03421143
sts,arb_Arab,83588,▁الاجتماعية,4,0.13684571
sts,arb_Arab,83619,كاف,1,0.03421143
sts,arb_Arab,83707,▁وهم,1,0.03421143
sts,arb_Arab,83821,سيد,1,0.03421143
sts,arb_Arab,83839,باع,2,0.06842285
sts,arb_Arab,84020,▁دائم,1,0.03421143
sts,arb_Arab,84157,فيد,1,0.03421143
sts,arb_Arab,84353,رحل,1,0.03421143
sts,arb_Arab,84932,▁أكد,1,0.03421143
sts,arb_Arab,85121,اسم,1,0.03421143
sts,arb_Arab,85139,▁الإعلام,1,0.03421143
sts,arb_Arab,85323,رصد,2,0.06842285
sts,arb_Arab,85639,▁كتب,1,0.03421143
sts,arb_Arab,85755,▁الأمم,2,0.06842285
sts,arb_Arab,86015,قانون,1,0.03421143
sts,arb_Arab,86033,رضا,1,0.03421143
sts,arb_Arab,86062,▁ظ,1,0.03421143
sts,arb_Arab,86505,قية,2,0.06842285
sts,arb_Arab,86549,229,1,0.03421143
sts,arb_Arab,87002,▁القوات,1,0.03421143
sts,arb_Arab,87036,▁بالس,1,0.03421143
sts,arb_Arab,87576,▁صفح,1,0.03421143
sts,arb_Arab,87642,▁التو,1,0.03421143
sts,arb_Arab,87733,▁تحقق,1,0.03421143
sts,arb_Arab,87762,غه,1,0.03421143
sts,arb_Arab,87767,مطار,2,0.06842285
sts,arb_Arab,87822,▁سيكون,1,0.03421143
sts,arb_Arab,87975,▁سعر,1,0.03421143
sts,arb_Arab,88132,▁معتبر,1,0.03421143
sts,arb_Arab,88236,اختبار,1,0.03421143
sts,arb_Arab,88266,▁الذى,1,0.03421143
sts,arb_Arab,88508,▁الجر,1,0.03421143
sts,arb_Arab,88937,أربع,2,0.06842285
sts,arb_Arab,89181,ؤمن,10,0.34211427
sts,arb_Arab,89193,▁الفكر,1,0.03421143
sts,arb_Arab,89334,تجار,1,0.03421143
sts,arb_Arab,89380,▁الجهاز,1,0.03421143
sts,arb_Arab,89626,▁سف,1,0.03421143
sts,arb_Arab,89738,▁السن,4,0.13684571
sts,arb_Arab,90286,لها,1,0.03421143
sts,arb_Arab,90376,ثة,2,0.06842285
sts,arb_Arab,90383,▁كانوا,1,0.03421143
sts,arb_Arab,90621,▁قالت,1,0.03421143
sts,arb_Arab,90763,▁ساعة,1,0.03421143
sts,arb_Arab,91159,جسد,1,0.03421143
sts,arb_Arab,91207,▁إطار,2,0.06842285
sts,arb_Arab,91216,▁الخدمات,1,0.03421143
sts,arb_Arab,91247,▁مجتمع,1,0.03421143
sts,arb_Arab,91826,حيل,1,0.03421143
sts,arb_Arab,92180,▁وقالت,2,0.06842285
sts,arb_Arab,92564,وفا,3,0.10263428
sts,arb_Arab,92622,ميد,1,0.03421143
sts,arb_Arab,93259,▁التربية,3,0.10263428
sts,arb_Arab,93319,حكام,2,0.06842285
sts,arb_Arab,93883,متابعة,1,0.03421143
sts,arb_Arab,93895,▁التعاون,1,0.03421143
sts,arb_Arab,93944,ونا,11,0.37632569
sts,arb_Arab,94275,▁للج,1,0.03421143
sts,arb_Arab,94382,تداول,2,0.06842285
sts,arb_Arab,94576,▁وز,1,0.03421143
sts,arb_Arab,94991,▁يعد,1,0.03421143
sts,arb_Arab,95434,مكافحة,3,0.10263428
sts,arb_Arab,95477,▁والر,1,0.03421143
sts,arb_Arab,96294,نص,1,0.03421143
sts,arb_Arab,96680,خارج,1,0.03421143
sts,arb_Arab,96849,▁وحتى,1,0.03421143
sts,arb_Arab,96894,ضرب,1,0.03421143
sts,arb_Arab,96934,سليم,1,0.03421143
sts,arb_Arab,96956,جاد,1,0.03421143
sts,arb_Arab,97018,▁غذائي,1,0.03421143
sts,arb_Arab,97347,▁العاصمة,5,0.17105713
sts,arb_Arab,97500,التزام,2,0.06842285
sts,arb_Arab,97896,غرض,1,0.03421143
sts,arb_Arab,98037,إعلام,1,0.03421143
sts,arb_Arab,98426,غضب,2,0.06842285
sts,arb_Arab,98588,▁بالح,1,0.03421143
sts,arb_Arab,99005,▁محافظة,1,0.03421143
sts,arb_Arab,99325,▁المادة,1,0.03421143
sts,arb_Arab,99763,▁البن,1,0.03421143
sts,arb_Arab,99769,▁قامت,1,0.03421143
sts,arb_Arab,100029,▁الصحة,4,0.13684571
sts,arb_Arab,100030,حسب,2,0.06842285
sts,arb_Arab,100083,عني,1,0.03421143
sts,arb_Arab,100273,تصرف,1,0.03421143
sts,arb_Arab,100278,قيل,1,0.03421143
sts,arb_Arab,100370,▁العلاج,2,0.06842285
sts,arb_Arab,100622,▁الدور,2,0.06842285
sts,arb_Arab,100856,▁السا,1,0.03421143
sts,arb_Arab,101383,▁العلاقات,1,0.03421143
sts,arb_Arab,101817,▁أسر,1,0.03421143
sts,arb_Arab,102002,جائزة,1,0.03421143
sts,arb_Arab,102480,سيطر,1,0.03421143
sts,arb_Arab,102878,عاش,8,0.27369141
sts,arb_Arab,103547,كرا,1,0.03421143
sts,arb_Arab,104042,▁العسكرية,4,0.13684571
sts,arb_Arab,104214,▁يحتاج,1,0.03421143
sts,arb_Arab,104223,▁للب,1,0.03421143
sts,arb_Arab,104392,▁الحد,1,0.03421143
sts,arb_Arab,104396,▁الجانب,1,0.03421143
sts,arb_Arab,104498,عجز,6,0.20526856
sts,arb_Arab,104607,▁غرفة,3,0.10263428
sts,arb_Arab,104690,▁سوى,1,0.03421143
sts,arb_Arab,104815,لقي,1,0.03421143
sts,arb_Arab,104986,ابه,1,0.03421143
sts,arb_Arab,105010,ضمن,1,0.03421143
sts,arb_Arab,105243,مدني,1,0.03421143
sts,arb_Arab,105909,أماكن,1,0.03421143
sts,arb_Arab,106433,▁المواطنين,2,0.06842285
sts,arb_Arab,106454,▁الوضع,1,0.03421143
sts,arb_Arab,106735,داف,5,0.17105713
sts,arb_Arab,106867,▁أعلنت,3,0.10263428
sts,arb_Arab,106909,سبق,1,0.03421143
sts,arb_Arab,107329,▁يأتي,2,0.06842285
sts,arb_Arab,107634,▁أهمية,2,0.06842285
sts,arb_Arab,108458,إنجليزي,1,0.03421143
sts,arb_Arab,108562,تبادل,2,0.06842285
sts,arb_Arab,109102,▁الاتفاق,1,0.03421143
sts,arb_Arab,109213,شعب,1,0.03421143
sts,arb_Arab,109426,▁والاست,2,0.06842285
sts,arb_Arab,109583,أم,1,0.03421143
sts,arb_Arab,110285,▁توقف,2,0.06842285
sts,arb_Arab,110351,حذر,2,0.06842285
sts,arb_Arab,111004,▁وتق,1,0.03421143
sts,arb_Arab,111755,الق,1,0.03421143
sts,arb_Arab,111762,▁الأع,1,0.03421143
sts,arb_Arab,112508,صوص,3,0.10263428
sts,arb_Arab,112790,▁الخارج,1,0.03421143
sts,arb_Arab,113409,▁بحسب,1,0.03421143
sts,arb_Arab,113474,موقع,1,0.03421143
sts,arb_Arab,113602,▁بنسبة,3,0.10263428
sts,arb_Arab,113763,عدة,1,0.03421143
sts,arb_Arab,114021,▁التس,1,0.03421143
sts,arb_Arab,114036,▁مؤتمر,1,0.03421143
sts,arb_Arab,114053,▁وكالة,2,0.06842285
sts,arb_Arab,114078,▁الصحية,1,0.03421143
sts,arb_Arab,114268,▁شأن,2,0.06842285
sts,arb_Arab,114274,وبي,1,0.03421143
sts,arb_Arab,114370,ستمر,2,0.06842285
sts,arb_Arab,114383,روف,2,0.06842285
sts,arb_Arab,114559,خضر,2,0.06842285
sts,arb_Arab,114690,▁المدني,1,0.03421143
sts,arb_Arab,115382,▁شوق,1,0.03421143
sts,arb_Arab,115757,شرب,1,0.03421143
sts,arb_Arab,115989,▁الأوروبي,1,0.03421143
sts,arb_Arab,116107,▁وفقا,1,0.03421143
sts,arb_Arab,116168,توجه,1,0.03421143
sts,arb_Arab,116358,طرق,1,0.03421143
sts,arb_Arab,116365,هب,1,0.03421143
sts,arb_Arab,116832,▁وغير,1,0.03421143
sts,arb_Arab,116982,نود,1,0.03421143
sts,arb_Arab,117480,▁بدأ,1,0.03421143
sts,arb_Arab,117710,ديو,1,0.03421143
sts,arb_Arab,117770,كمل,1,0.03421143
sts,arb_Arab,117982,▁المعا,2,0.06842285
sts,arb_Arab,118114,▁التالية,1,0.03421143
sts,arb_Arab,118133,▁تحرير,1,0.03421143
sts,arb_Arab,118379,مجلس,1,0.03421143
sts,arb_Arab,118422,لاد,1,0.03421143
sts,arb_Arab,118648,تحرك,1,0.03421143
sts,arb_Arab,118922,صحاب,1,0.03421143
sts,arb_Arab,119142,▁ولل,1,0.03421143
sts,arb_Arab,120191,▁معها,1,0.03421143
sts,arb_Arab,120300,▁العدو,1,0.03421143
sts,arb_Arab,120305,▁منظمة,1,0.03421143
sts,arb_Arab,120417,ارية,1,0.03421143
sts,arb_Arab,120559,▁نشاط,2,0.06842285
sts,arb_Arab,120655,▁نهائي,2,0.06842285
sts,arb_Arab,121547,تعامل,1,0.03421143
sts,arb_Arab,121613,▁الخدمة,1,0.03421143
sts,arb_Arab,121662,لسنة,1,0.03421143
sts,arb_Arab,121712,▁الشام,1,0.03421143
sts,arb_Arab,122210,▁تضم,1,0.03421143
sts,arb_Arab,122842,▁فورا,1,0.03421143
sts,arb_Arab,122935,▁قرب,1,0.03421143
sts,arb_Arab,123282,سق,1,0.03421143
sts,arb_Arab,123549,▁يوما,1,0.03421143
sts,arb_Arab,123855,▁بدور,1,0.03421143
sts,arb_Arab,123980,▁والط,1,0.03421143
sts,arb_Arab,124033,▁حكومة,2,0.06842285
sts,arb_Arab,124262,واري,2,0.06842285
sts,arb_Arab,124589,▁الغربية,2,0.06842285
sts,arb_Arab,124854,وضح,1,0.03421143
sts,arb_Arab,125524,▁اشتغال,1,0.03421143
sts,arb_Arab,125635,نظ,1,0.03421143
sts,arb_Arab,125986,▁الاتصال,1,0.03421143
sts,arb_Arab,126192,▁مغل,1,0.03421143
sts,arb_Arab,126249,حتياجات,1,0.03421143
sts,arb_Arab,126331,▁سورية,3,0.10263428
sts,arb_Arab,126364,▁غار,1,0.03421143
sts,arb_Arab,126450,▁العسكري,1,0.03421143
sts,arb_Arab,126582,▁عش,1,0.03421143
sts,arb_Arab,126719,▁إس,2,0.06842285
sts,arb_Arab,127002,▁الواحد,2,0.06842285
sts,arb_Arab,127140,▁بالق,1,0.03421143
sts,arb_Arab,127171,▁تعليق,1,0.03421143
sts,arb_Arab,127458,▁لاست,1,0.03421143
sts,arb_Arab,127657,جنب,1,0.03421143
sts,arb_Arab,128245,▁الرب,1,0.03421143
sts,arb_Arab,128469,▁ضرورة,1,0.03421143
sts,arb_Arab,128502,▁الإلكتروني,1,0.03421143
sts,arb_Arab,128932,عالج,1,0.03421143
sts,arb_Arab,129201,▁مادة,1,0.03421143
sts,arb_Arab,129382,دعي,1,0.03421143
sts,arb_Arab,129567,▁اتخاذ,2,0.06842285
sts,arb_Arab,129648,▁الحالة,1,0.03421143
sts,arb_Arab,129928,حية,1,0.03421143
sts,arb_Arab,129989,▁تجاه,1,0.03421143
sts,arb_Arab,130433,فحص,1,0.03421143
sts,arb_Arab,130484,▁العقار,1,0.03421143
sts,arb_Arab,130491,▁هجر,1,0.03421143
sts,arb_Arab,130670,▁الحوار,2,0.06842285
sts,arb_Arab,130871,▁الشريف,1,0.03421143
sts,arb_Arab,130959,حياة,1,0.03421143
sts,arb_Arab,130979,شارة,1,0.03421143
sts,arb_Arab,131165,ائهم,1,0.03421143
sts,arb_Arab,131339,رافق,3,0.10263428
sts,arb_Arab,131938,▁غالب,1,0.03421143
sts,arb_Arab,131954,▁الفني,2,0.06842285
sts,arb_Arab,132301,▁وجل,1,0.03421143
sts,arb_Arab,132305,أتي,1,0.03421143
sts,arb_Arab,132355,▁القادم,1,0.03421143
sts,arb_Arab,132619,▁الكامل,1,0.03421143
sts,arb_Arab,132980,▁الطرف,1,0.03421143
sts,arb_Arab,133139,إصابة,1,0.03421143
sts,arb_Arab,133470,▁خادم,1,0.03421143
sts,arb_Arab,133729,▁المواطن,2,0.06842285
sts,arb_Arab,133966,محكمة,1,0.03421143
sts,arb_Arab,134008,▁طارق,1,0.03421143
sts,arb_Arab,134789,▁الدخول,1,0.03421143
sts,arb_Arab,135040,▁المسلحة,2,0.06842285
sts,arb_Arab,135627,▁جرائم,1,0.03421143
sts,arb_Arab,136013,بشر,1,0.03421143
sts,arb_Arab,136169,▁النووي,1,0.03421143
sts,arb_Arab,136747,▁التنظيم,1,0.03421143
sts,arb_Arab,136829,▁عشرة,1,0.03421143
sts,arb_Arab,137112,ثقافة,1,0.03421143
sts,arb_Arab,137811,▁والتعليم,5,0.17105713
sts,arb_Arab,137962,مراقبة,1,0.03421143
sts,arb_Arab,138196,▁الدراسي,1,0.03421143
sts,arb_Arab,138284,مناسب,1,0.03421143
sts,arb_Arab,138519,▁مواطن,1,0.03421143
sts,arb_Arab,138836,أزمة,2,0.06842285
sts,arb_Arab,139165,▁المشكلة,1,0.03421143
sts,arb_Arab,139837,▁الطبية,5,0.17105713
sts,arb_Arab,139908,قون,1,0.03421143
sts,arb_Arab,139997,حفاظ,1,0.03421143
sts,arb_Arab,140244,قصد,1,0.03421143
sts,arb_Arab,140252,▁هجوم,1,0.03421143
sts,arb_Arab,140362,▁فإذا,2,0.06842285
sts,arb_Arab,141471,مستشار,1,0.03421143
sts,arb_Arab,141677,▁مسير,1,0.03421143
sts,arb_Arab,141788,▁أطلق,1,0.03421143
sts,arb_Arab,141924,▁هى,1,0.03421143
sts,arb_Arab,142152,▁أجر,1,0.03421143
sts,arb_Arab,142273,▁أجهزة,2,0.06842285
sts,arb_Arab,143428,مجتمع,1,0.03421143
sts,arb_Arab,143609,اعتماد,1,0.03421143
sts,arb_Arab,143799,أسلحة,2,0.06842285
sts,arb_Arab,143974,▁والشر,1,0.03421143
sts,arb_Arab,144450,▁مقتل,1,0.03421143
sts,arb_Arab,144824,▁بعدما,1,0.03421143
sts,arb_Arab,145129,عراض,1,0.03421143
sts,arb_Arab,145335,ويض,8,0.27369141
sts,arb_Arab,145490,يعة,1,0.03421143
sts,arb_Arab,145905,▁سعود,1,0.03421143
sts,arb_Arab,146252,▁مزا,1,0.03421143
sts,arb_Arab,146405,▁الخامس,1,0.03421143
sts,arb_Arab,146471,▁أيض,1,0.03421143
sts,arb_Arab,146671,جرة,1,0.03421143
sts,arb_Arab,146678,▁الرئيسي,1,0.03421143
sts,arb_Arab,147428,▁سكان,1,0.03421143
sts,arb_Arab,147514,▁السو,1,0.03421143
sts,arb_Arab,147529,حكومة,5,0.17105713
sts,arb_Arab,147538,اتحاد,1,0.03421143
sts,arb_Arab,147557,حمل,1,0.03421143
sts,arb_Arab,148299,ثنائية,1,0.03421143
sts,arb_Arab,148548,-2019,1,0.03421143
sts,arb_Arab,148929,▁ليبيا,4,0.13684571
sts,arb_Arab,149837,▁الصادر,1,0.03421143
sts,arb_Arab,150504,▁لجميع,1,0.03421143
sts,arb_Arab,151603,▁جواد,1,0.03421143
sts,arb_Arab,152053,▁الأزمة,1,0.03421143
sts,arb_Arab,152224,وزارة,1,0.03421143
sts,arb_Arab,152283,▁التابعة,3,0.10263428
sts,arb_Arab,152638,▁المقرر,1,0.03421143
sts,arb_Arab,152830,153,1,0.03421143
sts,arb_Arab,153027,▁الإنسانية,4,0.13684571
sts,arb_Arab,153701,▁وبعض,1,0.03421143
sts,arb_Arab,153778,وارد,1,0.03421143
sts,arb_Arab,153806,وسط,1,0.03421143
sts,arb_Arab,153965,▁الوزير,2,0.06842285
sts,arb_Arab,154295,▁التركية,2,0.06842285
sts,arb_Arab,154829,▁الروسي,1,0.03421143
sts,arb_Arab,154895,ضت,1,0.03421143
sts,arb_Arab,155983,▁إح,1,0.03421143
sts,arb_Arab,156216,عترف,1,0.03421143
sts,arb_Arab,156430,مستشفى,7,0.23947999
sts,arb_Arab,157220,▁الإلكترونية,1,0.03421143
sts,arb_Arab,157222,▁مدة,2,0.06842285
sts,arb_Arab,157416,متحان,2,0.06842285
sts,arb_Arab,157709,تدخل,1,0.03421143
sts,arb_Arab,157927,قامت,2,0.06842285
sts,arb_Arab,158251,▁المنتج,1,0.03421143
sts,arb_Arab,158560,▁جراح,2,0.06842285
sts,arb_Arab,158829,▁الغذائية,1,0.03421143
sts,arb_Arab,159230,لتنسيق,1,0.03421143
sts,arb_Arab,159555,▁مشيرا,1,0.03421143
sts,arb_Arab,160201,طائرات,1,0.03421143
sts,arb_Arab,160603,فارق,1,0.03421143
sts,arb_Arab,160809,▁الإيراني,1,0.03421143
sts,arb_Arab,161498,▁إنسان,1,0.03421143
sts,arb_Arab,162618,▁لتحقيق,1,0.03421143
sts,arb_Arab,162938,▁شروط,2,0.06842285
sts,arb_Arab,163199,مملكة,1,0.03421143
sts,arb_Arab,163267,▁الإنتاج,1,0.03421143
sts,arb_Arab,164152,▁ممن,1,0.03421143
sts,arb_Arab,165342,▁المباشر,1,0.03421143
sts,arb_Arab,165375,▁أمريكي,1,0.03421143
sts,arb_Arab,165521,ضرار,1,0.03421143
sts,arb_Arab,165566,▁شخصا,1,0.03421143
sts,arb_Arab,165813,▁القانونية,1,0.03421143
sts,arb_Arab,166543,▁الحالات,3,0.10263428
sts,arb_Arab,166551,▁خطة,1,0.03421143
sts,arb_Arab,167591,قراط,1,0.03421143
sts,arb_Arab,167792,عاصمة,1,0.03421143
sts,arb_Arab,168461,▁طلاب,1,0.03421143
sts,arb_Arab,169036,خوض,1,0.03421143
sts,arb_Arab,169593,أنباء,2,0.06842285
sts,arb_Arab,169744,▁النائب,1,0.03421143
sts,arb_Arab,169821,▁العدل,1,0.03421143
sts,arb_Arab,170697,ــــــــــــــــ,1,0.03421143
sts,arb_Arab,170775,فيسبوك,1,0.03421143
sts,arb_Arab,171317,▁العمليات,3,0.10263428
sts,arb_Arab,171915,اكتشاف,1,0.03421143
sts,arb_Arab,172042,مرض,1,0.03421143
sts,arb_Arab,172810,▁بقدر,1,0.03421143
sts,arb_Arab,173118,▁الليبي,3,0.10263428
sts,arb_Arab,173708,▁يقل,1,0.03421143
sts,arb_Arab,173846,▁ملايين,1,0.03421143
sts,arb_Arab,173875,اعتداء,1,0.03421143
sts,arb_Arab,173896,▁عسكرية,2,0.06842285
sts,arb_Arab,174030,يشيا,1,0.03421143
sts,arb_Arab,174504,▁اشتر,1,0.03421143
sts,arb_Arab,175130,▁يبلغ,1,0.03421143
sts,arb_Arab,175138,مجموعة,1,0.03421143
sts,arb_Arab,175528,▁قطب,1,0.03421143
sts,arb_Arab,175735,▁قدمت,1,0.03421143
sts,arb_Arab,176421,اوى,1,0.03421143
sts,arb_Arab,176782,▁جمعية,1,0.03421143
sts,arb_Arab,177421,▁الجنوبية,1,0.03421143
sts,arb_Arab,177635,جمهورية,1,0.03421143
sts,arb_Arab,177914,حارب,1,0.03421143
sts,arb_Arab,178246,▁للجميع,1,0.03421143
sts,arb_Arab,178278,▁القضايا,1,0.03421143
sts,arb_Arab,178848,جهاز,1,0.03421143
sts,arb_Arab,179780,▁وفاة,1,0.03421143
sts,arb_Arab,180314,فترض,1,0.03421143
sts,arb_Arab,180630,▁كبار,1,0.03421143
sts,arb_Arab,181351,▁الإجراءات,2,0.06842285
sts,arb_Arab,181538,مسؤول,1,0.03421143
sts,arb_Arab,181590,تلقى,1,0.03421143
sts,arb_Arab,181874,▁مؤكدا,1,0.03421143
sts,arb_Arab,182120,بالغ,2,0.06842285
sts,arb_Arab,182501,▁سيما,1,0.03421143
sts,arb_Arab,182850,عشر,2,0.06842285
sts,arb_Arab,184574,▁عبدالعزيز,2,0.06842285
sts,arb_Arab,185195,يتهم,1,0.03421143
sts,arb_Arab,185295,خضع,1,0.03421143
sts,arb_Arab,185307,▁مالك,1,0.03421143
sts,arb_Arab,185312,▁الملكي,1,0.03421143
sts,arb_Arab,185492,▁بالتعاون,1,0.03421143
sts,arb_Arab,185495,▁إجراءات,1,0.03421143
sts,arb_Arab,185635,بنية,1,0.03421143
sts,arb_Arab,186378,▁النشاط,1,0.03421143
sts,arb_Arab,186660,دبلوماسي,1,0.03421143
sts,arb_Arab,187185,▁الأمراض,2,0.06842285
sts,arb_Arab,187245,▁الأسرة,1,0.03421143
sts,arb_Arab,187788,حظر,1,0.03421143
sts,arb_Arab,188509,▁انتهاء,4,0.13684571
sts,arb_Arab,188851,▁بالكامل,1,0.03421143
sts,arb_Arab,189006,▁الإصابة,1,0.03421143
sts,arb_Arab,189009,▁قاعدة,2,0.06842285
sts,arb_Arab,189238,▁الصحي,2,0.06842285
sts,arb_Arab,189890,▁الحرية,1,0.03421143
sts,arb_Arab,190005,▁مريض,1,0.03421143
sts,arb_Arab,190304,▁الدفع,2,0.06842285
sts,arb_Arab,191112,▁الهجوم,2,0.06842285
sts,arb_Arab,191123,لزيادة,1,0.03421143
sts,arb_Arab,192490,خاذ,1,0.03421143
sts,arb_Arab,192761,استقلال,1,0.03421143
sts,arb_Arab,193345,حساب,1,0.03421143
sts,arb_Arab,193462,جرام,1,0.03421143
sts,arb_Arab,193687,▁الشعور,1,0.03421143
sts,arb_Arab,194054,▁جلسة,1,0.03421143
sts,arb_Arab,194071,▁الأكبر,1,0.03421143
sts,arb_Arab,194719,مداد,1,0.03421143
sts,arb_Arab,195442,وحدة,1,0.03421143
sts,arb_Arab,196710,وائل,1,0.03421143
sts,arb_Arab,197687,▁مضر,1,0.03421143
sts,arb_Arab,199029,▁امتحانات,1,0.03421143
sts,arb_Arab,200684,تراك,1,0.03421143
sts,arb_Arab,201320,▁أنفسهم,1,0.03421143
sts,arb_Arab,201676,كمبيوتر,1,0.03421143
sts,arb_Arab,201904,▁المستشفى,2,0.06842285
sts,arb_Arab,202190,▁تقارير,1,0.03421143
sts,arb_Arab,202267,▁السلاح,1,0.03421143
sts,arb_Arab,202400,648,1,0.03421143
sts,arb_Arab,202458,▁مستحق,3,0.10263428
sts,arb_Arab,202861,طريق,1,0.03421143
sts,arb_Arab,203479,▁الاشتراك,4,0.13684571
sts,arb_Arab,204875,▁تنمية,1,0.03421143
sts,arb_Arab,205398,▁أكدت,1,0.03421143
sts,arb_Arab,206263,▁الإرهابية,1,0.03421143
sts,arb_Arab,206957,▁بتقديم,1,0.03421143
sts,arb_Arab,208197,قصف,4,0.13684571
sts,arb_Arab,208389,▁مساحت,2,0.06842285
sts,arb_Arab,208496,▁المركزية,1,0.03421143
sts,arb_Arab,208962,توافر,2,0.06842285
sts,arb_Arab,209203,▁إيجابي,1,0.03421143
sts,arb_Arab,209320,▁الأجنبية,1,0.03421143
sts,arb_Arab,210154,▁المحمول,1,0.03421143
sts,arb_Arab,210235,▁الألمانية,1,0.03421143
sts,arb_Arab,210237,▁النتيجة,1,0.03421143
sts,arb_Arab,210525,▁طائرة,2,0.06842285
sts,arb_Arab,212140,▁الحجر,1,0.03421143
sts,arb_Arab,212280,▁يمنع,2,0.06842285
sts,arb_Arab,212355,▁يستحق,1,0.03421143
sts,arb_Arab,212496,ستحق,4,0.13684571
sts,arb_Arab,212795,▁لمواجهة,1,0.03421143
sts,arb_Arab,213520,▁مؤكد,1,0.03421143
sts,arb_Arab,216202,▁الاستفادة,1,0.03421143
sts,arb_Arab,216340,▁بلوغ,1,0.03421143
sts,arb_Arab,216838,▁المحدد,1,0.03421143
sts,arb_Arab,217084,▁الأطباء,2,0.06842285
sts,arb_Arab,217678,▁يسمى,1,0.03421143
sts,arb_Arab,218503,مواصلة,1,0.03421143
sts,arb_Arab,218565,تطوع,1,0.03421143
sts,arb_Arab,218816,▁خليفة,2,0.06842285
sts,arb_Arab,219253,▁تجهيز,1,0.03421143
sts,arb_Arab,219359,▁المرضى,2,0.06842285
sts,arb_Arab,221496,مفاهيم,1,0.03421143
sts,arb_Arab,221504,تبرع,1,0.03421143
sts,arb_Arab,221617,مناطق,1,0.03421143
sts,arb_Arab,222042,تصدير,1,0.03421143
sts,arb_Arab,222082,لمطالبة,1,0.03421143
sts,arb_Arab,222400,▁الجهود,1,0.03421143
sts,arb_Arab,222784,▁تأمين,3,0.10263428
sts,arb_Arab,223968,▁وتقديم,1,0.03421143
sts,arb_Arab,224396,▁الزراعية,2,0.06842285
sts,arb_Arab,224607,▁سيناء,1,0.03421143
sts,arb_Arab,224748,فلسفة,1,0.03421143
sts,arb_Arab,225176,عمليات,1,0.03421143
sts,arb_Arab,225881,▁أراضي,1,0.03421143
sts,arb_Arab,225997,إيقاف,1,0.03421143
sts,arb_Arab,228732,إسقاط,2,0.06842285
sts,arb_Arab,229120,▁بقيادة,2,0.06842285
sts,arb_Arab,229428,خاطب,1,0.03421143
sts,arb_Arab,230530,▁الحرمين,1,0.03421143
sts,arb_Arab,235403,▁التمويل,1,0.03421143
sts,arb_Arab,236089,▁التأمين,3,0.10263428
sts,arb_Arab,237420,ديمقراطية,1,0.03421143
sts,arb_Arab,237524,▁للقوات,1,0.03421143
sts,arb_Arab,240083,مستشفي,4,0.13684571
sts,arb_Arab,240316,▁الإفطار,1,0.03421143
sts,arb_Arab,242528,لمناقشة,1,0.03421143
sts,hin_Deva,4,",",24,0.81328363
sts,hin_Deva,6,▁,24,0.81328363
sts,hin_Deva,9,-,5,0.16943409
sts,hin_Deva,12,:,1,0.03388682
sts,hin_Deva,15,▁(,1,0.03388682
sts,hin_Deva,16,),1,0.03388682
sts,hin_Deva,20,▁-,3,0.10166045
sts,hin_Deva,25,',4,0.13554727
sts,hin_Deva,44,"▁""",134,4.54083362
sts,hin_Deva,58,"""",127,4.30362589
sts,hin_Deva,116,▁2,1,0.03388682
sts,hin_Deva,125,।,110,3.72754998
sts,hin_Deva,190,▁5,1,0.03388682
sts,hin_Deva,201,▁4,1,0.03388682
sts,hin_Deva,207,▁।,1,0.03388682
sts,hin_Deva,242,▁',2,0.06777364
sts,hin_Deva,268,],1,0.03388682
sts,hin_Deva,287,▁के,75,2.54151135
sts,hin_Deva,305,▁6,1,0.03388682
sts,hin_Deva,356,को,3,0.10166045
sts,hin_Deva,361,▁7,2,0.06777364
sts,hin_Deva,382,▁8,1,0.03388682
sts,hin_Deva,387,▁20,2,0.06777364
sts,hin_Deva,411,मा,4,0.13554727
sts,hin_Deva,421,▁में,58,1.96543545
sts,hin_Deva,460,▁है,60,2.03320908
sts,hin_Deva,471,▁की,61,2.06709590
sts,hin_Deva,483,▁9,2,0.06777364
sts,hin_Deva,535,ले,5,0.16943409
sts,hin_Deva,543,▁18,1,0.03388682
sts,hin_Deva,629,▁को,39,1.32158590
sts,hin_Deva,641,▁का,35,1.18603863
sts,hin_Deva,646,▁से,36,1.21992545
sts,hin_Deva,656,का,2,0.06777364
sts,hin_Deva,659,ी,23,0.77939681
sts,hin_Deva,702,▁13,1,0.03388682
sts,hin_Deva,705,▁?,1,0.03388682
sts,hin_Deva,714,▁25,1,0.03388682
sts,hin_Deva,729,▁17,1,0.03388682
sts,hin_Deva,836,▁50,1,0.03388682
sts,hin_Deva,838,ं,6,0.20332091
sts,hin_Deva,848,▁छ,2,0.06777364
sts,hin_Deva,871,▁और,29,0.98271772
sts,hin_Deva,952,▁21,1,0.03388682
sts,hin_Deva,953,▁19,1,0.03388682
sts,hin_Deva,966,7,1,0.03388682
sts,hin_Deva,967,▁एक,15,0.50830227
sts,hin_Deva,968,▁पर,18,0.60996272
sts,hin_Deva,976,े,11,0.37275500
sts,hin_Deva,996,त,10,0.33886818
sts,hin_Deva,998,न,5,0.16943409
sts,hin_Deva,1026,ा,8,0.27109454
sts,hin_Deva,1065,[,1,0.03388682
sts,hin_Deva,1105,▁23,1,0.03388682
sts,hin_Deva,1142,▁ने,30,1.01660454
sts,hin_Deva,1187,ने,10,0.33886818
sts,hin_Deva,1223,क,12,0.40664182
sts,hin_Deva,1242,".""",3,0.10166045
sts,hin_Deva,1253,▁हो,7,0.23720773
sts,hin_Deva,1293,▁हैं,31,1.05049136
sts,hin_Deva,1302,ों,26,0.88105727
sts,hin_Deva,1356,च,1,0.03388682
sts,hin_Deva,1381,▁26,1,0.03388682
sts,hin_Deva,1393,र,7,0.23720773
sts,hin_Deva,1404,ला,3,0.10166045
sts,hin_Deva,1471,ल,7,0.23720773
sts,hin_Deva,1472,स,12,0.40664182
sts,hin_Deva,1480,ता,9,0.30498136
sts,hin_Deva,1549,20,1,0.03388682
sts,hin_Deva,1591,▁या,3,0.10166045
sts,hin_Deva,1618,▁न,8,0.27109454
sts,hin_Deva,1682,▁कि,19,0.64384954
sts,hin_Deva,1748,ना,1,0.03388682
sts,hin_Deva,1780,▁भी,10,0.33886818
sts,hin_Deva,1812,▁लिए,9,0.30498136
sts,hin_Deva,1896,▁कर,17,0.57607591
sts,hin_Deva,1920,म,3,0.10166045
sts,hin_Deva,1964,व,4,0.13554727
sts,hin_Deva,2021,▁2008,2,0.06777364
sts,hin_Deva,2073,▁तो,3,0.10166045
sts,hin_Deva,2093,▁ही,8,0.27109454
sts,hin_Deva,2138,प,4,0.13554727
sts,hin_Deva,2139,▁अ,5,0.16943409
sts,hin_Deva,2191,▁नहीं,14,0.47441545
sts,hin_Deva,2218,▁स,1,0.03388682
sts,hin_Deva,2220,▁आ,4,0.13554727
sts,hin_Deva,2284,ो,1,0.03388682
sts,hin_Deva,2410,ज,5,0.16943409
sts,hin_Deva,2416,ली,3,0.10166045
sts,hin_Deva,2435,ड,2,0.06777364
sts,hin_Deva,2534,▁इस,8,0.27109454
sts,hin_Deva,2535,ात,2,0.06777364
sts,hin_Deva,2588,25,1,0.03388682
sts,hin_Deva,2602,▁व,2,0.06777364
sts,hin_Deva,2617,ते,4,0.13554727
sts,hin_Deva,2629,म्,1,0.03388682
sts,hin_Deva,2653,ट,5,0.16943409
sts,hin_Deva,2815,रा,7,0.23720773
sts,hin_Deva,2922,▁च,1,0.03388682
sts,hin_Deva,2953,"?""",3,0.10166045
sts,hin_Deva,3044,द,3,0.10166045
sts,hin_Deva,3045,ै,3,0.10166045
sts,hin_Deva,3054,ही,2,0.06777364
sts,hin_Deva,3097,वा,1,0.03388682
sts,hin_Deva,3130,कर,2,0.06777364
sts,hin_Deva,3241,ग,2,0.06777364
sts,hin_Deva,3264,▁आज,1,0.03388682
sts,hin_Deva,3277,ब,6,0.20332091
sts,hin_Deva,3282,ित,5,0.16943409
sts,hin_Deva,3313,▁काम,2,0.06777364
sts,hin_Deva,3346,य,3,0.10166045
sts,hin_Deva,3360,चे,1,0.03388682
sts,hin_Deva,3396,▁म,1,0.03388682
sts,hin_Deva,3511,▁तथा,1,0.03388682
sts,hin_Deva,3517,वि,2,0.06777364
sts,hin_Deva,3554,▁वि,3,0.10166045
sts,hin_Deva,3631,चा,1,0.03388682
sts,hin_Deva,3673,ची,1,0.03388682
sts,hin_Deva,3690,▁प्र,2,0.06777364
sts,hin_Deva,3742,23,1,0.03388682
sts,hin_Deva,3765,▁साथ,6,0.20332091
sts,hin_Deva,3801,ती,3,0.10166045
sts,hin_Deva,3813,▁था,14,0.47441545
sts,hin_Deva,3849,ह,6,0.20332091
sts,hin_Deva,3889,या,4,0.13554727
sts,hin_Deva,3927,▁दिन,2,0.06777364
sts,hin_Deva,3946,▁भारत,1,0.03388682
sts,hin_Deva,4010,री,3,0.10166045
sts,hin_Deva,4029,▁किया,6,0.20332091
sts,hin_Deva,4037,श,6,0.20332091
sts,hin_Deva,4050,▁करने,7,0.23720773
sts,hin_Deva,4149,▁ये,1,0.03388682
sts,hin_Deva,4239,▁यह,6,0.20332091
sts,hin_Deva,4283,500,1,0.03388682
sts,hin_Deva,4322,▁आप,2,0.06777364
sts,hin_Deva,4377,्,4,0.13554727
sts,hin_Deva,4623,▁प,1,0.03388682
sts,hin_Deva,4721,सी,1,0.03388682
sts,hin_Deva,4846,ण,1,0.03388682
sts,hin_Deva,4849,▁अब,2,0.06777364
sts,hin_Deva,4862,ून,1,0.03388682
sts,hin_Deva,4978,ु,1,0.03388682
sts,hin_Deva,4993,▁जो,4,0.13554727
sts,hin_Deva,5006,▁जा,8,0.27109454
sts,hin_Deva,5011,की,1,0.03388682
sts,hin_Deva,5082,▁सरकार,1,0.03388682
sts,hin_Deva,5167,▁ग,2,0.06777364
sts,hin_Deva,5195,▁ब,1,0.03388682
sts,hin_Deva,5199,▁करें,2,0.06777364
sts,hin_Deva,5278,ई,2,0.06777364
sts,hin_Deva,5349,▁गया,5,0.16943409
sts,hin_Deva,5366,▁नि,3,0.10166045
sts,hin_Deva,5564,▁अपने,6,0.20332091
sts,hin_Deva,5602,▁हा,2,0.06777364
sts,hin_Deva,5673,ू,1,0.03388682
sts,hin_Deva,5725,िक,4,0.13554727
sts,hin_Deva,5843,35,1,0.03388682
sts,hin_Deva,5948,▁बि,2,0.06777364
sts,hin_Deva,5988,▁घर,2,0.06777364
sts,hin_Deva,6004,▁क्या,1,0.03388682
sts,hin_Deva,6018,▁कहा,7,0.23720773
sts,hin_Deva,6036,अ,7,0.23720773
sts,hin_Deva,6041,्य,1,0.03388682
sts,hin_Deva,6109,उ,6,0.20332091
sts,hin_Deva,6113,स्,4,0.13554727
sts,hin_Deva,6125,सा,1,0.03388682
sts,hin_Deva,6143,▁देश,1,0.03388682
sts,hin_Deva,6270,्या,1,0.03388682
sts,hin_Deva,6377,के,6,0.20332091
sts,hin_Deva,6435,▁बाद,5,0.16943409
sts,hin_Deva,6558,▁रहे,8,0.27109454
sts,hin_Deva,6690,ए,3,0.10166045
sts,hin_Deva,6698,▁इ,1,0.03388682
sts,hin_Deva,6701,▁कारण,2,0.06777364
sts,hin_Deva,6754,▁ना,1,0.03388682
sts,hin_Deva,6887,दा,2,0.06777364
sts,hin_Deva,6911,टी,3,0.10166045
sts,hin_Deva,6927,▁समय,6,0.20332091
sts,hin_Deva,6945,नि,2,0.06777364
sts,hin_Deva,6960,▁ज,1,0.03388682
sts,hin_Deva,7172,▁रहा,4,0.13554727
sts,hin_Deva,7186,कार,2,0.06777364
sts,hin_Deva,7231,▁तक,2,0.06777364
sts,hin_Deva,7258,ाने,3,0.10166045
sts,hin_Deva,7321,▁मन,1,0.03388682
sts,hin_Deva,7388,जी,2,0.06777364
sts,hin_Deva,7407,र्,3,0.10166045
sts,hin_Deva,7505,ख,2,0.06777364
sts,hin_Deva,7513,फ,3,0.10166045
sts,hin_Deva,7517,▁हजार,1,0.03388682
sts,hin_Deva,7549,ियों,6,0.20332091
sts,hin_Deva,7607,▁800,1,0.03388682
sts,hin_Deva,7673,"...""",1,0.03388682
sts,hin_Deva,7810,ें,5,0.16943409
sts,hin_Deva,7957,छ,1,0.03388682
sts,hin_Deva,8029,▁होता,2,0.06777364
sts,hin_Deva,8062,▁नाम,1,0.03388682
sts,hin_Deva,8188,ीय,4,0.13554727
sts,hin_Deva,8389,ौ,3,0.10166045
sts,hin_Deva,8528,क्,1,0.03388682
sts,hin_Deva,8531,थ,1,0.03388682
sts,hin_Deva,8663,▁कम,3,0.10166045
sts,hin_Deva,8683,वे,3,0.10166045
sts,hin_Deva,8761,▁पा,2,0.06777364
sts,hin_Deva,8785,▁दिया,3,0.10166045
sts,hin_Deva,8906,▁रही,11,0.37275500
sts,hin_Deva,8933,▁श,1,0.03388682
sts,hin_Deva,9043,से,3,0.10166045
sts,hin_Deva,9100,सं,2,0.06777364
sts,hin_Deva,9155,शी,2,0.06777364
sts,hin_Deva,9163,▁मे,1,0.03388682
sts,hin_Deva,9179,▁हुए,2,0.06777364
sts,hin_Deva,9188,▁बस,1,0.03388682
sts,hin_Deva,9203,वी,3,0.10166045
sts,hin_Deva,9214,▁ह,1,0.03388682
sts,hin_Deva,9236,▁महिला,3,0.10166045
sts,hin_Deva,9261,▁भारतीय,1,0.03388682
sts,hin_Deva,9337,पी,1,0.03388682
sts,hin_Deva,9359,▁बन,1,0.03388682
sts,hin_Deva,9376,लो,1,0.03388682
sts,hin_Deva,9443,▁तीन,3,0.10166045
sts,hin_Deva,9489,▁ए,1,0.03388682
sts,hin_Deva,9512,▁साल,3,0.10166045
sts,hin_Deva,9584,▁दे,2,0.06777364
sts,hin_Deva,9623,▁विकास,1,0.03388682
sts,hin_Deva,9673,रो,2,0.06777364
sts,hin_Deva,9729,ाई,1,0.03388682
sts,hin_Deva,9894,ठ,2,0.06777364
sts,hin_Deva,9917,▁थी,5,0.16943409
sts,hin_Deva,9933,▁अध्यक्ष,1,0.03388682
sts,hin_Deva,9941,इ,2,0.06777364
sts,hin_Deva,9974,▁प्रति,4,0.13554727
sts,hin_Deva,10025,▁दी,5,0.16943409
sts,hin_Deva,10093,▁ख,1,0.03388682
sts,hin_Deva,10131,▁पहले,3,0.10166045
sts,hin_Deva,10141,▁मु,3,0.10166045
sts,hin_Deva,10195,▁सि,3,0.10166045
sts,hin_Deva,10207,▁कोई,2,0.06777364
sts,hin_Deva,10215,▁हम,4,0.13554727
sts,hin_Deva,10259,लि,2,0.06777364
sts,hin_Deva,10307,गा,1,0.03388682
sts,hin_Deva,10345,▁उप,1,0.03388682
sts,hin_Deva,10373,▁महा,1,0.03388682
sts,hin_Deva,10399,▁मैं,1,0.03388682
sts,hin_Deva,10419,शा,1,0.03388682
sts,hin_Deva,10423,▁इन,1,0.03388682
sts,hin_Deva,10426,▁जानकारी,1,0.03388682
sts,hin_Deva,10427,▁भ,1,0.03388682
sts,hin_Deva,10550,▁कार्यक्रम,1,0.03388682
sts,hin_Deva,10619,▁हर,3,0.10166045
sts,hin_Deva,10664,ंड,4,0.13554727
sts,hin_Deva,10665,▁राज्य,3,0.10166045
sts,hin_Deva,10850,▁दो,4,0.13554727
sts,hin_Deva,10886,जा,1,0.03388682
sts,hin_Deva,10903,▁मोदी,1,0.03388682
sts,hin_Deva,10924,ॉ,3,0.10166045
sts,hin_Deva,10949,आ,1,0.03388682
sts,hin_Deva,11026,▁ला,1,0.03388682
sts,hin_Deva,11047,▁अपनी,2,0.06777364
sts,hin_Deva,11091,▁होती,2,0.06777364
sts,hin_Deva,11109,▁ती,2,0.06777364
sts,hin_Deva,11132,▁सेवा,1,0.03388682
sts,hin_Deva,11172,▁करते,2,0.06777364
sts,hin_Deva,11247,▁पार्टी,1,0.03388682
sts,hin_Deva,11376,▁जब,2,0.06777364
sts,hin_Deva,11502,▁वे,3,0.10166045
sts,hin_Deva,11515,▁जीवन,1,0.03388682
sts,hin_Deva,11526,▁थे,3,0.10166045
sts,hin_Deva,11639,दार,1,0.03388682
sts,hin_Deva,11645,▁हुआ,5,0.16943409
sts,hin_Deva,11681,लं,3,0.10166045
sts,hin_Deva,11692,▁वह,6,0.20332091
sts,hin_Deva,11846,ओं,1,0.03388682
sts,hin_Deva,11926,▁कु,1,0.03388682
sts,hin_Deva,11990,▁राज,4,0.13554727
sts,hin_Deva,12005,▁गई,2,0.06777364
sts,hin_Deva,12046,डा,2,0.06777364
sts,hin_Deva,12125,▁फिल्म,7,0.23720773
sts,hin_Deva,12189,▁खेल,1,0.03388682
sts,hin_Deva,12262,▁फिर,2,0.06777364
sts,hin_Deva,12372,ड़,4,0.13554727
sts,hin_Deva,12428,▁गए,4,0.13554727
sts,hin_Deva,12432,▁बारे,5,0.16943409
sts,hin_Deva,12509,▁होने,5,0.16943409
sts,hin_Deva,12533,▁भर,2,0.06777364
sts,hin_Deva,12557,▁सकते,3,0.10166045
sts,hin_Deva,12579,▁पूर्व,1,0.03388682
sts,hin_Deva,12644,टा,1,0.03388682
sts,hin_Deva,12686,दी,4,0.13554727
sts,hin_Deva,12688,बी,1,0.03388682
sts,hin_Deva,12797,▁बार,2,0.06777364
sts,hin_Deva,12820,▁किसी,2,0.06777364
sts,hin_Deva,12829,▁वाले,1,0.03388682
sts,hin_Deva,13056,ल्,1,0.03388682
sts,hin_Deva,13073,▁बात,1,0.03388682
sts,hin_Deva,13284,▁लेकिन,2,0.06777364
sts,hin_Deva,13430,▁आई,2,0.06777364
sts,hin_Deva,13535,घ,1,0.03388682
sts,hin_Deva,13551,दि,2,0.06777364
sts,hin_Deva,13743,▁विश्व,1,0.03388682
sts,hin_Deva,13815,▁रूप,1,0.03388682
sts,hin_Deva,14025,▁बे,1,0.03388682
sts,hin_Deva,14061,▁पि,2,0.06777364
sts,hin_Deva,14205,▁भाग,1,0.03388682
sts,hin_Deva,14512,▁बदल,1,0.03388682
sts,hin_Deva,14910,शन,1,0.03388682
sts,hin_Deva,14983,खा,4,0.13554727
sts,hin_Deva,15001,▁चार,2,0.06777364
sts,hin_Deva,15029,र्थ,2,0.06777364
sts,hin_Deva,15048,▁चल,3,0.10166045
sts,hin_Deva,15107,▁तरह,2,0.06777364
sts,hin_Deva,15149,▁अनुसार,2,0.06777364
sts,hin_Deva,15392,▁देख,2,0.06777364
sts,hin_Deva,15499,▁सुन,2,0.06777364
sts,hin_Deva,15525,गी,3,0.10166045
sts,hin_Deva,15579,▁नेता,2,0.06777364
sts,hin_Deva,15652,▁सिंह,1,0.03388682
sts,hin_Deva,15667,▁वो,1,0.03388682
sts,hin_Deva,15679,मि,3,0.10166045
sts,hin_Deva,15728,▁लोगों,5,0.16943409
sts,hin_Deva,15772,▁:-,1,0.03388682
sts,hin_Deva,15774,▁जान,1,0.03388682
sts,hin_Deva,15848,▁हि,3,0.10166045
sts,hin_Deva,15936,▁सदस्य,1,0.03388682
sts,hin_Deva,15955,▁योजना,2,0.06777364
sts,hin_Deva,16061,▁विशेष,1,0.03388682
sts,hin_Deva,16179,▁स्,2,0.06777364
sts,hin_Deva,16439,▁मान,2,0.06777364
sts,hin_Deva,16478,▁जे,1,0.03388682
sts,hin_Deva,16492,▁होगा,2,0.06777364
sts,hin_Deva,16497,▁मुख्य,1,0.03388682
sts,hin_Deva,16644,▁खा,1,0.03388682
sts,hin_Deva,16790,▁मिल,5,0.16943409
sts,hin_Deva,16793,टर,1,0.03388682
sts,hin_Deva,16822,▁दा,2,0.06777364
sts,hin_Deva,16835,▁करना,1,0.03388682
sts,hin_Deva,16894,▁जाता,2,0.06777364
sts,hin_Deva,16945,▁बैंक,1,0.03388682
sts,hin_Deva,17035,▁हुई,2,0.06777364
sts,hin_Deva,17049,▁गा,2,0.06777364
sts,hin_Deva,17139,▁ई,3,0.10166045
sts,hin_Deva,17317,▁जि,2,0.06777364
sts,hin_Deva,17402,वार,2,0.06777364
sts,hin_Deva,17415,▁सभी,1,0.03388682
sts,hin_Deva,17433,स्ट,3,0.10166045
sts,hin_Deva,17609,सि,1,0.03388682
sts,hin_Deva,17631,▁स्थानीय,1,0.03388682
sts,hin_Deva,17760,▁सकता,2,0.06777364
sts,hin_Deva,18010,▁चि,1,0.03388682
sts,hin_Deva,18017,▁रा,1,0.03388682
sts,hin_Deva,18224,▁करता,3,0.10166045
sts,hin_Deva,18349,▁तु,1,0.03388682
sts,hin_Deva,18576,▁नगर,1,0.03388682
sts,hin_Deva,18600,ज़,1,0.03388682
sts,hin_Deva,18804,डे,1,0.03388682
sts,hin_Deva,18992,रि,1,0.03388682
sts,hin_Deva,19028,▁जारी,2,0.06777364
sts,hin_Deva,19181,▁लोग,4,0.13554727
sts,hin_Deva,19237,बि,1,0.03388682
sts,hin_Deva,19344,▁सूचना,1,0.03388682
sts,hin_Deva,19352,मु,4,0.13554727
sts,hin_Deva,19354,एं,1,0.03388682
sts,hin_Deva,19403,्यो,1,0.03388682
sts,hin_Deva,19440,▁प्रकार,1,0.03388682
sts,hin_Deva,19487,▁लगा,3,0.10166045
sts,hin_Deva,19697,▁लेकर,3,0.10166045
sts,hin_Deva,19843,▁कई,1,0.03388682
sts,hin_Deva,19978,▁पास,2,0.06777364
sts,hin_Deva,20005,▁विभिन्न,1,0.03388682
sts,hin_Deva,20030,▁व्यक्ति,1,0.03388682
sts,hin_Deva,20075,तु,2,0.06777364
sts,hin_Deva,20368,ाव,1,0.03388682
sts,hin_Deva,20422,▁दु,1,0.03388682
sts,hin_Deva,20488,▁सम,1,0.03388682
sts,hin_Deva,20562,▁पुलिस,9,0.30498136
sts,hin_Deva,20785,भर,1,0.03388682
sts,hin_Deva,20823,▁राष्ट्र,1,0.03388682
sts,hin_Deva,21191,▁उन्होंने,3,0.10166045
sts,hin_Deva,21447,▁ध,2,0.06777364
sts,hin_Deva,21480,▁अपना,3,0.10166045
sts,hin_Deva,21517,▁संस्था,2,0.06777364
sts,hin_Deva,21536,▁उस,2,0.06777364
sts,hin_Deva,21707,कि,1,0.03388682
sts,hin_Deva,21744,िर,1,0.03388682
sts,hin_Deva,21908,▁दिए,1,0.03388682
sts,hin_Deva,22009,▁मि,1,0.03388682
sts,hin_Deva,22176,▁खान,1,0.03388682
sts,hin_Deva,22203,▁परिवार,2,0.06777364
sts,hin_Deva,22257,र्क,2,0.06777364
sts,hin_Deva,22300,▁मार,2,0.06777364
sts,hin_Deva,22369,▁बीच,1,0.03388682
sts,hin_Deva,22511,▁खबर,1,0.03388682
sts,hin_Deva,22580,▁सुरक्षा,3,0.10166045
sts,hin_Deva,22734,▁हत्या,2,0.06777364
sts,hin_Deva,22770,▁शहर,1,0.03388682
sts,hin_Deva,22785,▁कैसे,2,0.06777364
sts,hin_Deva,22837,ान,1,0.03388682
sts,hin_Deva,22840,▁प्रतिशत,1,0.03388682
sts,hin_Deva,23163,फा,1,0.03388682
sts,hin_Deva,23217,▁डे,3,0.10166045
sts,hin_Deva,23263,▁चीन,1,0.03388682
sts,hin_Deva,23320,-0,1,0.03388682
sts,hin_Deva,23391,िए,1,0.03388682
sts,hin_Deva,23430,देश,2,0.06777364
sts,hin_Deva,23508,▁चाहिए,1,0.03388682
sts,hin_Deva,23626,एस,1,0.03388682
sts,hin_Deva,23649,ांत,1,0.03388682
sts,hin_Deva,23781,▁आरोप,3,0.10166045
sts,hin_Deva,23787,▁स्थान,3,0.10166045
sts,hin_Deva,23840,▁बंद,1,0.03388682
sts,hin_Deva,23926,हे,1,0.03388682
sts,hin_Deva,24167,द्ध,1,0.03388682
sts,hin_Deva,24203,▁पार,1,0.03388682
sts,hin_Deva,24701,▁अमेरिका,1,0.03388682
sts,hin_Deva,24704,सन,1,0.03388682
sts,hin_Deva,24743,ंक,3,0.10166045
sts,hin_Deva,24761,ंत,2,0.06777364
sts,hin_Deva,24939,▁उनके,6,0.20332091
sts,hin_Deva,25196,▁बढ़,3,0.10166045
sts,hin_Deva,25368,▁आवश्यक,1,0.03388682
sts,hin_Deva,25410,▁हमारे,1,0.03388682
sts,hin_Deva,25466,▁वाली,1,0.03388682
sts,hin_Deva,25524,▁नव,1,0.03388682
sts,hin_Deva,25537,▁बाल,1,0.03388682
sts,hin_Deva,25784,ंस,1,0.03388682
sts,hin_Deva,25972,▁शर्मा,2,0.06777364
sts,hin_Deva,26046,▁आम,1,0.03388682
sts,hin_Deva,26078,▁ज्यादा,1,0.03388682
sts,hin_Deva,26225,वत,1,0.03388682
sts,hin_Deva,26252,▁शुरू,5,0.16943409
sts,hin_Deva,26460,▁यू,1,0.03388682
sts,hin_Deva,26609,मन,1,0.03388682
sts,hin_Deva,26663,ियो,1,0.03388682
sts,hin_Deva,26801,▁उच्च,1,0.03388682
sts,hin_Deva,26956,▁बता,1,0.03388682
sts,hin_Deva,27018,▁कविता,1,0.03388682
sts,hin_Deva,27030,▁राष्ट्रपति,1,0.03388682
sts,hin_Deva,27109,▁प्रतिक्रिया,1,0.03388682
sts,hin_Deva,27122,वाद,1,0.03388682
sts,hin_Deva,27151,जि,1,0.03388682
sts,hin_Deva,27458,▁उत्पादन,2,0.06777364
sts,hin_Deva,27629,▁क्रिकेट,1,0.03388682
sts,hin_Deva,27709,▁घोषणा,2,0.06777364
sts,hin_Deva,27728,▁365,1,0.03388682
sts,hin_Deva,27785,▁टीम,3,0.10166045
sts,hin_Deva,27797,▁कै,2,0.06777364
sts,hin_Deva,27885,़,1,0.03388682
sts,hin_Deva,28080,▁जाते,1,0.03388682
sts,hin_Deva,28291,▁फोटो,1,0.03388682
sts,hin_Deva,28416,पन,1,0.03388682
sts,hin_Deva,28656,▁कभी,1,0.03388682
sts,hin_Deva,28793,▁पो,1,0.03388682
sts,hin_Deva,29035,▁ध्यान,1,0.03388682
sts,hin_Deva,29249,▁इन्,1,0.03388682
sts,hin_Deva,29273,▁उन्हें,2,0.06777364
sts,hin_Deva,29405,▁दुनिया,1,0.03388682
sts,hin_Deva,29775,बल,1,0.03388682
sts,hin_Deva,29825,▁परीक्षा,2,0.06777364
sts,hin_Deva,29856,राम,1,0.03388682
sts,hin_Deva,30143,सो,1,0.03388682
sts,hin_Deva,30169,हो,1,0.03388682
sts,hin_Deva,30215,नगर,1,0.03388682
sts,hin_Deva,30237,▁उसके,2,0.06777364
sts,hin_Deva,30314,▁आए,2,0.06777364
sts,hin_Deva,30445,र्ड,1,0.03388682
sts,hin_Deva,30454,▁सोच,1,0.03388682
sts,hin_Deva,30716,▁लिया,1,0.03388682
sts,hin_Deva,30774,िने,1,0.03388682
sts,hin_Deva,30850,र्ट,1,0.03388682
sts,hin_Deva,30856,ठा,2,0.06777364
sts,hin_Deva,30990,▁पत्र,1,0.03388682
sts,hin_Deva,31015,हर,1,0.03388682
sts,hin_Deva,31092,▁प्रदर्शन,1,0.03388682
sts,hin_Deva,31135,बहादुर,1,0.03388682
sts,hin_Deva,31162,▁फोन,1,0.03388682
sts,hin_Deva,31190,▁यहां,1,0.03388682
sts,hin_Deva,31378,पे,1,0.03388682
sts,hin_Deva,31755,गर,1,0.03388682
sts,hin_Deva,31813,▁घट,1,0.03388682
sts,hin_Deva,32154,ीन,1,0.03388682
sts,hin_Deva,32194,ोर,1,0.03388682
sts,hin_Deva,32243,▁कह,2,0.06777364
sts,hin_Deva,32411,आर,1,0.03388682
sts,hin_Deva,32416,दु,1,0.03388682
sts,hin_Deva,32482,भव,1,0.03388682
sts,hin_Deva,32534,▁सात,1,0.03388682
sts,hin_Deva,32700,त्त,1,0.03388682
sts,hin_Deva,32769,▁निकाल,1,0.03388682
sts,hin_Deva,32776,पो,2,0.06777364
sts,hin_Deva,33017,▁सू,1,0.03388682
sts,hin_Deva,33088,▁रुपये,3,0.10166045
sts,hin_Deva,33109,▁आयोग,2,0.06777364
sts,hin_Deva,33171,▁यही,1,0.03388682
sts,hin_Deva,33248,▁उपयोग,1,0.03388682
sts,hin_Deva,33354,▁क्लिक,1,0.03388682
sts,hin_Deva,33441,▁हु,1,0.03388682
sts,hin_Deva,33561,▁जाती,2,0.06777364
sts,hin_Deva,33575,▁चाह,1,0.03388682
sts,hin_Deva,33717,▁दक्षिण,2,0.06777364
sts,hin_Deva,33719,▁मंत्री,1,0.03388682
sts,hin_Deva,33753,▁बड़ी,1,0.03388682
sts,hin_Deva,33858,▁करोड़,1,0.03388682
sts,hin_Deva,33948,▁फे,1,0.03388682
sts,hin_Deva,33956,ड़ी,1,0.03388682
sts,hin_Deva,33989,▁मौत,3,0.10166045
sts,hin_Deva,34222,▁उद्योग,1,0.03388682
sts,hin_Deva,34445,ोप,2,0.06777364
sts,hin_Deva,34593,▁कं,1,0.03388682
sts,hin_Deva,34842,रूप,1,0.03388682
sts,hin_Deva,34886,▁देने,1,0.03388682
sts,hin_Deva,34910,्व,2,0.06777364
sts,hin_Deva,35056,▁उनकी,1,0.03388682
sts,hin_Deva,35149,बू,2,0.06777364
sts,hin_Deva,35175,▁आठ,1,0.03388682
sts,hin_Deva,35227,▁अस्पताल,2,0.06777364
sts,hin_Deva,35288,एन,1,0.03388682
sts,hin_Deva,35430,▁टी,1,0.03388682
sts,hin_Deva,35597,▁विरोध,2,0.06777364
sts,hin_Deva,35689,▁शो,1,0.03388682
sts,hin_Deva,35702,▁नियम,1,0.03388682
sts,hin_Deva,35870,▁जु,1,0.03388682
sts,hin_Deva,36170,▁केंद्र,2,0.06777364
sts,hin_Deva,36521,▁कंपनी,1,0.03388682
sts,hin_Deva,36600,ाया,2,0.06777364
sts,hin_Deva,36678,▁वीडियो,1,0.03388682
sts,hin_Deva,36754,द्र,1,0.03388682
sts,hin_Deva,36860,ंज,2,0.06777364
sts,hin_Deva,36995,युक्त,2,0.06777364
sts,hin_Deva,37237,▁सेना,3,0.10166045
sts,hin_Deva,37535,▁मानव,2,0.06777364
sts,hin_Deva,37665,▁बताया,1,0.03388682
sts,hin_Deva,37726,ियां,2,0.06777364
sts,hin_Deva,38159,▁अभी,2,0.06777364
sts,hin_Deva,38380,▁जैसे,1,0.03388682
sts,hin_Deva,38697,▁खिलाफ,2,0.06777364
sts,hin_Deva,38754,▁विश्वास,3,0.10166045
sts,hin_Deva,38762,▁स्ट,2,0.06777364
sts,hin_Deva,38780,ध्या,1,0.03388682
sts,hin_Deva,39093,▁मीडिया,1,0.03388682
sts,hin_Deva,39257,▁ओर,1,0.03388682
sts,hin_Deva,39398,▁पता,2,0.06777364
sts,hin_Deva,39625,▁शा,1,0.03388682
sts,hin_Deva,39661,▁अलग,2,0.06777364
sts,hin_Deva,39792,▁सामने,1,0.03388682
sts,hin_Deva,40074,र्म,1,0.03388682
sts,hin_Deva,40106,▁मोबाइल,1,0.03388682
sts,hin_Deva,40412,▁इंडिया,2,0.06777364
sts,hin_Deva,40470,च्च,1,0.03388682
sts,hin_Deva,40531,▁ली,1,0.03388682
sts,hin_Deva,40563,▁तब,1,0.03388682
sts,hin_Deva,40706,▁करे,1,0.03388682
sts,hin_Deva,41019,▁ऑ,1,0.03388682
sts,hin_Deva,41108,▁उनका,2,0.06777364
sts,hin_Deva,41126,▁समझ,2,0.06777364
sts,hin_Deva,41209,▁विद्यालय,1,0.03388682
sts,hin_Deva,41397,▁खोल,3,0.10166045
sts,hin_Deva,41438,▁गृह,1,0.03388682
sts,hin_Deva,41657,▁जीत,1,0.03388682
sts,hin_Deva,41715,वान,1,0.03388682
sts,hin_Deva,41954,▁दौरान,2,0.06777364
sts,hin_Deva,42120,क्क,1,0.03388682
sts,hin_Deva,42235,ालय,1,0.03388682
sts,hin_Deva,42278,क्र,3,0.10166045
sts,hin_Deva,42359,▁मामले,5,0.16943409
sts,hin_Deva,42472,▁मंदिर,1,0.03388682
sts,hin_Deva,42568,्यू,2,0.06777364
sts,hin_Deva,42745,ंदा,1,0.03388682
sts,hin_Deva,43122,▁सही,3,0.10166045
sts,hin_Deva,43146,▁कोर्ट,1,0.03388682
sts,hin_Deva,43327,▁बाहर,1,0.03388682
sts,hin_Deva,43445,िस,5,0.16943409
sts,hin_Deva,43451,▁आग,1,0.03388682
sts,hin_Deva,43494,▁कर्म,1,0.03388682
sts,hin_Deva,43541,श्व,1,0.03388682
sts,hin_Deva,43733,▁अध्ययन,2,0.06777364
sts,hin_Deva,43980,▁210,1,0.03388682
sts,hin_Deva,44186,जो,1,0.03388682
sts,hin_Deva,44248,दिन,1,0.03388682
sts,hin_Deva,44257,▁वाला,1,0.03388682
sts,hin_Deva,44729,▁चला,2,0.06777364
sts,hin_Deva,44893,▁विदेश,1,0.03388682
sts,hin_Deva,44943,▁भूमिका,1,0.03388682
sts,hin_Deva,44985,डि,1,0.03388682
sts,hin_Deva,45108,▁बने,1,0.03388682
sts,hin_Deva,45120,▁वन,1,0.03388682
sts,hin_Deva,45169,भाग,1,0.03388682
sts,hin_Deva,45276,▁वेबसाइट,3,0.10166045
sts,hin_Deva,45340,ूल,1,0.03388682
sts,hin_Deva,45352,▁प्रयास,1,0.03388682
sts,hin_Deva,45592,▁शादी,2,0.06777364
sts,hin_Deva,45718,▁हूं,3,0.10166045
sts,hin_Deva,45852,▁मांग,1,0.03388682
sts,hin_Deva,46005,▁टे,1,0.03388682
sts,hin_Deva,46101,ट्,1,0.03388682
sts,hin_Deva,46297,टन,1,0.03388682
sts,hin_Deva,46319,▁देखा,1,0.03388682
sts,hin_Deva,46361,पूर,1,0.03388682
sts,hin_Deva,46501,रू,2,0.06777364
sts,hin_Deva,46547,▁नजर,1,0.03388682
sts,hin_Deva,47278,▁खो,1,0.03388682
sts,hin_Deva,47370,बार,2,0.06777364
sts,hin_Deva,47463,▁प्रभाव,1,0.03388682
sts,hin_Deva,47603,स्ट्र,1,0.03388682
sts,hin_Deva,47619,▁आने,1,0.03388682
sts,hin_Deva,47868,▁एकता,1,0.03388682
sts,hin_Deva,48095,▁मिला,1,0.03388682
sts,hin_Deva,48113,यों,2,0.06777364
sts,hin_Deva,48436,▁एक्स,1,0.03388682
sts,hin_Deva,49013,▁सांसद,1,0.03388682
sts,hin_Deva,49088,ीम,3,0.10166045
sts,hin_Deva,49182,▁दर्ज,3,0.10166045
sts,hin_Deva,49239,फ्,1,0.03388682
sts,hin_Deva,49278,▁महत्वपूर्ण,1,0.03388682
sts,hin_Deva,49501,▁119,1,0.03388682
sts,hin_Deva,49836,सल,2,0.06777364
sts,hin_Deva,50241,ंगी,2,0.06777364
sts,hin_Deva,50308,भी,2,0.06777364
sts,hin_Deva,50486,▁दें,1,0.03388682
sts,hin_Deva,50804,िये,2,0.06777364
sts,hin_Deva,51033,वाल,1,0.03388682
sts,hin_Deva,51129,▁सिर्फ,2,0.06777364
sts,hin_Deva,51154,न्ड,1,0.03388682
sts,hin_Deva,51162,उन,3,0.10166045
sts,hin_Deva,51344,▁उन,1,0.03388682
sts,hin_Deva,51476,ियन,1,0.03388682
sts,hin_Deva,51560,▁शामिल,2,0.06777364
sts,hin_Deva,51701,दू,2,0.06777364
sts,hin_Deva,51763,▁माध्यम,1,0.03388682
sts,hin_Deva,52170,▁काफी,2,0.06777364
sts,hin_Deva,52402,▁लगाए,1,0.03388682
sts,hin_Deva,52425,▁अफ,2,0.06777364
sts,hin_Deva,52444,इन,3,0.10166045
sts,hin_Deva,53150,ेंगे,1,0.03388682
sts,hin_Deva,53272,▁डॉक्टर,1,0.03388682
sts,hin_Deva,53536,▁किए,1,0.03388682
sts,hin_Deva,53703,हरा,2,0.06777364
sts,hin_Deva,53926,वाह,2,0.06777364
sts,hin_Deva,54105,धर,1,0.03388682
sts,hin_Deva,54139,ीं,1,0.03388682
sts,hin_Deva,54249,िश,1,0.03388682
sts,hin_Deva,54522,▁रिपोर्ट,1,0.03388682
sts,hin_Deva,54691,ल्ल,1,0.03388682
sts,hin_Deva,54693,ल्ला,1,0.03388682
sts,hin_Deva,54985,▁हाथ,1,0.03388682
sts,hin_Deva,54989,▁जगह,2,0.06777364
sts,hin_Deva,55044,मय,1,0.03388682
sts,hin_Deva,55385,करण,1,0.03388682
sts,hin_Deva,55459,▁पाए,1,0.03388682
sts,hin_Deva,55624,▁उसकी,1,0.03388682
sts,hin_Deva,55804,डो,1,0.03388682
sts,hin_Deva,56063,ीर,2,0.06777364
sts,hin_Deva,56297,▁बच्चों,2,0.06777364
sts,hin_Deva,56436,▁लें,1,0.03388682
sts,hin_Deva,56615,▁नौ,1,0.03388682
sts,hin_Deva,56799,▁सुरक्षित,1,0.03388682
sts,hin_Deva,56980,▁मां,3,0.10166045
sts,hin_Deva,57162,▁सक,1,0.03388682
sts,hin_Deva,57223,ड़े,1,0.03388682
sts,hin_Deva,57604,मुख,1,0.03388682
sts,hin_Deva,57608,रस,1,0.03388682
sts,hin_Deva,57708,▁बाजार,3,0.10166045
sts,hin_Deva,57779,▁शुरु,1,0.03388682
sts,hin_Deva,57795,▁जम,1,0.03388682
sts,hin_Deva,58011,▁ठीक,1,0.03388682
sts,hin_Deva,58252,एक,1,0.03388682
sts,hin_Deva,58337,▁इस्तेमाल,1,0.03388682
sts,hin_Deva,58425,क्या,1,0.03388682
sts,hin_Deva,58498,▁बनाए,1,0.03388682
sts,hin_Deva,58561,▁टि,1,0.03388682
sts,hin_Deva,58898,▁करेंगे,1,0.03388682
sts,hin_Deva,58939,तम,2,0.06777364
sts,hin_Deva,59101,▁ग्र,1,0.03388682
sts,hin_Deva,59221,इट,1,0.03388682
sts,hin_Deva,59308,▁कॉ,1,0.03388682
sts,hin_Deva,59525,▁अल,2,0.06777364
sts,hin_Deva,60476,दो,1,0.03388682
sts,hin_Deva,60606,धे,1,0.03388682
sts,hin_Deva,60753,र्व,1,0.03388682
sts,hin_Deva,61009,▁विकेट,1,0.03388682
sts,hin_Deva,61205,▁इसका,1,0.03388682
sts,hin_Deva,61346,▁मदद,3,0.10166045
sts,hin_Deva,61473,▁कब,1,0.03388682
sts,hin_Deva,62023,▁जर,1,0.03388682
sts,hin_Deva,62286,▁उठा,1,0.03388682
sts,hin_Deva,62445,▁भर्ती,1,0.03388682
sts,hin_Deva,62591,▁विधानसभा,1,0.03388682
sts,hin_Deva,62660,लै,1,0.03388682
sts,hin_Deva,62681,▁गयी,2,0.06777364
sts,hin_Deva,62790,▁साम,1,0.03388682
sts,hin_Deva,62835,▁क्योंकि,1,0.03388682
sts,hin_Deva,62962,कृ,3,0.10166045
sts,hin_Deva,63634,▁सोशल,1,0.03388682
sts,hin_Deva,63824,▁आवश्यकता,1,0.03388682
sts,hin_Deva,63933,नर,1,0.03388682
sts,hin_Deva,64239,घात,1,0.03388682
sts,hin_Deva,64591,वै,1,0.03388682
sts,hin_Deva,64781,▁प्रो,1,0.03388682
sts,hin_Deva,65108,▁होंगे,1,0.03388682
sts,hin_Deva,65574,▁मूल,1,0.03388682
sts,hin_Deva,65800,▁लगी,1,0.03388682
sts,hin_Deva,66321,▁प्या,1,0.03388682
sts,hin_Deva,66830,▁अमेरिकी,1,0.03388682
sts,hin_Deva,66997,▁हिन्दी,1,0.03388682
sts,hin_Deva,67068,िप,1,0.03388682
sts,hin_Deva,67427,▁मैच,3,0.10166045
sts,hin_Deva,67495,ेंद्र,1,0.03388682
sts,hin_Deva,67691,▁जाना,1,0.03388682
sts,hin_Deva,67721,▁स्वयं,1,0.03388682
sts,hin_Deva,67810,▁जवाब,1,0.03388682
sts,hin_Deva,68422,िव,1,0.03388682
sts,hin_Deva,68505,भय,1,0.03388682
sts,hin_Deva,68755,तिर,1,0.03388682
sts,hin_Deva,68800,▁जेल,2,0.06777364
sts,hin_Deva,69006,इस,17,0.57607591
sts,hin_Deva,69084,▁मिली,1,0.03388682
sts,hin_Deva,69168,लर,1,0.03388682
sts,hin_Deva,69447,ाब,1,0.03388682
sts,hin_Deva,69503,चक,1,0.03388682
sts,hin_Deva,69671,▁कस,1,0.03388682
sts,hin_Deva,70229,▁कीमत,2,0.06777364
sts,hin_Deva,70399,▁बयान,3,0.10166045
sts,hin_Deva,70554,खर,1,0.03388682
sts,hin_Deva,70688,हरी,1,0.03388682
sts,hin_Deva,70915,▁लगता,2,0.06777364
sts,hin_Deva,71288,▁युवक,1,0.03388682
sts,hin_Deva,71383,▁पिछले,1,0.03388682
sts,hin_Deva,71384,▁पांच,1,0.03388682
sts,hin_Deva,71732,▁समर्थन,2,0.06777364
sts,hin_Deva,71760,▁दिखा,1,0.03388682
sts,hin_Deva,72183,▁मिले,1,0.03388682
sts,hin_Deva,72436,▁बच्चे,1,0.03388682
sts,hin_Deva,72551,भारत,1,0.03388682
sts,hin_Deva,72556,▁राशि,1,0.03388682
sts,hin_Deva,72855,▁टो,2,0.06777364
sts,hin_Deva,73464,ठे,1,0.03388682
sts,hin_Deva,73865,▁विमान,1,0.03388682
sts,hin_Deva,73871,▁दर्शन,1,0.03388682
sts,hin_Deva,74042,▁पड़,1,0.03388682
sts,hin_Deva,74215,▁कदम,1,0.03388682
sts,hin_Deva,74864,▁लिखा,1,0.03388682
sts,hin_Deva,75380,▁अर्,1,0.03388682
sts,hin_Deva,76081,साइ,1,0.03388682
sts,hin_Deva,76112,वीं,1,0.03388682
sts,hin_Deva,76183,फि,1,0.03388682
sts,hin_Deva,76613,▁हासिल,1,0.03388682
sts,hin_Deva,77477,वस,1,0.03388682
sts,hin_Deva,77655,▁गिर,2,0.06777364
sts,hin_Deva,77666,ंप,1,0.03388682
sts,hin_Deva,77711,▁कोशिश,1,0.03388682
sts,hin_Deva,77920,▁स्टार,1,0.03388682
sts,hin_Deva,78059,▁ख़,1,0.03388682
sts,hin_Deva,78071,▁रुपए,1,0.03388682
sts,hin_Deva,78102,▁टेस्ट,1,0.03388682
sts,hin_Deva,78164,▁जांच,4,0.13554727
sts,hin_Deva,78614,▁फैसला,1,0.03388682
sts,hin_Deva,79258,▁हमारी,2,0.06777364
sts,hin_Deva,79472,▁विद्या,1,0.03388682
sts,hin_Deva,79559,पाई,1,0.03388682
sts,hin_Deva,79563,▁लड़,1,0.03388682
sts,hin_Deva,79567,दास,1,0.03388682
sts,hin_Deva,79676,▁व्ह,1,0.03388682
sts,hin_Deva,79740,▁वी,1,0.03388682
sts,hin_Deva,79974,वर्,1,0.03388682
sts,hin_Deva,80066,अप,1,0.03388682
sts,hin_Deva,80318,▁देखने,1,0.03388682
sts,hin_Deva,80405,▁जिन,1,0.03388682
sts,hin_Deva,80485,▁होना,2,0.06777364
sts,hin_Deva,80514,मौ,1,0.03388682
sts,hin_Deva,80782,▁महीने,1,0.03388682
sts,hin_Deva,80827,ख्,1,0.03388682
sts,hin_Deva,80890,▁वरिष्ठ,1,0.03388682
sts,hin_Deva,81096,▁खरीद,2,0.06777364
sts,hin_Deva,82049,त्ती,1,0.03388682
sts,hin_Deva,82275,▁शनिवार,1,0.03388682
sts,hin_Deva,82379,ंडा,1,0.03388682
sts,hin_Deva,82900,मू,1,0.03388682
sts,hin_Deva,83180,मेर,1,0.03388682
sts,hin_Deva,83363,मंत्री,1,0.03388682
sts,hin_Deva,83385,त्रा,1,0.03388682
sts,hin_Deva,84506,बद्ध,1,0.03388682
sts,hin_Deva,84806,▁आत,1,0.03388682
sts,hin_Deva,85149,ट्टा,1,0.03388682
sts,hin_Deva,85230,▁बुधवार,1,0.03388682
sts,hin_Deva,85498,हम,4,0.13554727
sts,hin_Deva,85523,▁साथी,1,0.03388682
sts,hin_Deva,85576,▁मौसम,1,0.03388682
sts,hin_Deva,85906,लाल,1,0.03388682
sts,hin_Deva,85917,बो,2,0.06777364
sts,hin_Deva,86192,▁वहीं,1,0.03388682
sts,hin_Deva,86205,रेट,1,0.03388682
sts,hin_Deva,86315,▁बॉलीवुड,1,0.03388682
sts,hin_Deva,86556,▁अंतर,1,0.03388682
sts,hin_Deva,86561,▁गि,1,0.03388682
sts,hin_Deva,86584,▁शुक्रवार,2,0.06777364
sts,hin_Deva,87539,▁कमजोर,1,0.03388682
sts,hin_Deva,87710,▁खाना,1,0.03388682
sts,hin_Deva,88153,▁इसकी,1,0.03388682
sts,hin_Deva,88304,्ह,3,0.10166045
sts,hin_Deva,88686,▁कपूर,1,0.03388682
sts,hin_Deva,88764,▁गांव,1,0.03388682
sts,hin_Deva,88778,▁निर्देश,1,0.03388682
sts,hin_Deva,88851,▁पुल,1,0.03388682
sts,hin_Deva,88929,वाय,1,0.03388682
sts,hin_Deva,88930,पक्ष,1,0.03388682
sts,hin_Deva,89332,कम्,1,0.03388682
sts,hin_Deva,89757,▁ऊर्जा,1,0.03388682
sts,hin_Deva,89792,▁बेच,1,0.03388682
sts,hin_Deva,89885,▁तस्वीर,1,0.03388682
sts,hin_Deva,89980,▁ड्र,1,0.03388682
sts,hin_Deva,90152,्ट,1,0.03388682
sts,hin_Deva,90166,▁पंजाब,1,0.03388682
sts,hin_Deva,90243,▁कक्षा,1,0.03388682
sts,hin_Deva,91172,▁आकार,1,0.03388682
sts,hin_Deva,91298,▁जोड़,1,0.03388682
sts,hin_Deva,91462,क्शन,1,0.03388682
sts,hin_Deva,91610,बाद,1,0.03388682
sts,hin_Deva,91893,▁भेज,1,0.03388682
sts,hin_Deva,91945,हाल,2,0.06777364
sts,hin_Deva,92094,▁बनाया,1,0.03388682
sts,hin_Deva,92463,वें,2,0.06777364
sts,hin_Deva,92820,खु,1,0.03388682
sts,hin_Deva,92915,▁बाबा,2,0.06777364
sts,hin_Deva,92930,▁बीमा,2,0.06777364
sts,hin_Deva,93137,▁पू,1,0.03388682
sts,hin_Deva,93171,▁सामना,1,0.03388682
sts,hin_Deva,94212,श्री,1,0.03388682
sts,hin_Deva,95268,▁निष्,2,0.06777364
sts,hin_Deva,95760,ांक,1,0.03388682
sts,hin_Deva,95959,माण,1,0.03388682
sts,hin_Deva,96310,फ्ट,1,0.03388682
sts,hin_Deva,96490,▁अरब,1,0.03388682
sts,hin_Deva,96671,▁लगभग,1,0.03388682
sts,hin_Deva,97119,▁चीज,1,0.03388682
sts,hin_Deva,97186,▁वापस,1,0.03388682
sts,hin_Deva,97255,▁वक्त,1,0.03388682
sts,hin_Deva,97536,▁आयोजन,1,0.03388682
sts,hin_Deva,97565,▁प्ल,1,0.03388682
sts,hin_Deva,98274,ांग,1,0.03388682
sts,hin_Deva,98547,ड्ड,1,0.03388682
sts,hin_Deva,98934,आप,3,0.10166045
sts,hin_Deva,99046,ंडर,1,0.03388682
sts,hin_Deva,99317,▁रद्द,1,0.03388682
sts,hin_Deva,99361,▁सुना,1,0.03388682
sts,hin_Deva,99487,▁होटल,1,0.03388682
sts,hin_Deva,99626,▁शुरुआत,1,0.03388682
sts,hin_Deva,99812,▁जिससे,1,0.03388682
sts,hin_Deva,99819,र्प,1,0.03388682
sts,hin_Deva,99832,▁महान,2,0.06777364
sts,hin_Deva,100177,▁क्षति,1,0.03388682
sts,hin_Deva,101342,▁निरा,1,0.03388682
sts,hin_Deva,101505,▁वाहन,1,0.03388682
sts,hin_Deva,101820,▁उम,1,0.03388682
sts,hin_Deva,101916,▁वहां,1,0.03388682
sts,hin_Deva,102077,▁घंटे,1,0.03388682
sts,hin_Deva,102175,गौ,1,0.03388682
sts,hin_Deva,102437,▁चुके,1,0.03388682
sts,hin_Deva,102456,▁जरूर,1,0.03388682
sts,hin_Deva,102780,▁जाएगी,1,0.03388682
sts,hin_Deva,103623,▁समीक्षा,1,0.03388682
sts,hin_Deva,103686,▁आरोपी,2,0.06777364
sts,hin_Deva,103766,▁खि,1,0.03388682
sts,hin_Deva,103805,▁अंदाज,1,0.03388682
sts,hin_Deva,104197,▁मिनट,1,0.03388682
sts,hin_Deva,104429,▁जुट,2,0.06777364
sts,hin_Deva,104923,▁जाएंगे,1,0.03388682
sts,hin_Deva,105175,▁किलो,1,0.03388682
sts,hin_Deva,105241,▁चुन,1,0.03388682
sts,hin_Deva,105318,▁जबकि,1,0.03388682
sts,hin_Deva,105456,साथ,4,0.13554727
sts,hin_Deva,105550,▁चुका,2,0.06777364
sts,hin_Deva,105554,▁कमल,1,0.03388682
sts,hin_Deva,105814,नों,1,0.03388682
sts,hin_Deva,106465,डिया,1,0.03388682
sts,hin_Deva,107023,▁चरण,1,0.03388682
sts,hin_Deva,107169,▁बॉ,1,0.03388682
sts,hin_Deva,107334,▁जानें,1,0.03388682
sts,hin_Deva,107898,▁कार्यकर्ता,1,0.03388682
sts,hin_Deva,107999,▁तप,1,0.03388682
sts,hin_Deva,109638,▁खुला,1,0.03388682
sts,hin_Deva,109729,रिक,1,0.03388682
sts,hin_Deva,109961,रोह,1,0.03388682
sts,hin_Deva,110356,पूर्व,1,0.03388682
sts,hin_Deva,110456,▁अभिनेता,1,0.03388682
sts,hin_Deva,110671,▁मनुष्य,1,0.03388682
sts,hin_Deva,111484,▁पाया,1,0.03388682
sts,hin_Deva,111704,▁अच्छे,1,0.03388682
sts,hin_Deva,111912,▁कोहली,1,0.03388682
sts,hin_Deva,113034,हिं,2,0.06777364
sts,hin_Deva,113310,मिट,1,0.03388682
sts,hin_Deva,113556,▁अगस्त,1,0.03388682
sts,hin_Deva,114117,पल,1,0.03388682
sts,hin_Deva,114377,बाह,1,0.03388682
sts,hin_Deva,114396,▁पहला,1,0.03388682
sts,hin_Deva,114400,▁नियुक्त,1,0.03388682
sts,hin_Deva,114522,▁इक,1,0.03388682
sts,hin_Deva,114611,▁खुशी,1,0.03388682
sts,hin_Deva,114760,ंश,1,0.03388682
sts,hin_Deva,114828,र्ति,1,0.03388682
sts,hin_Deva,115380,▁आधारित,1,0.03388682
sts,hin_Deva,115606,▁हवाई,1,0.03388682
sts,hin_Deva,115690,ग्रे,1,0.03388682
sts,hin_Deva,115739,▁चै,2,0.06777364
sts,hin_Deva,115869,मिल,1,0.03388682
sts,hin_Deva,116052,▁तरीके,2,0.06777364
sts,hin_Deva,116157,स्थापन,1,0.03388682
sts,hin_Deva,116348,लैंड,1,0.03388682
sts,hin_Deva,116528,▁पकड़,1,0.03388682
sts,hin_Deva,117788,वां,1,0.03388682
sts,hin_Deva,118426,बै,1,0.03388682
sts,hin_Deva,118520,▁टिकट,1,0.03388682
sts,hin_Deva,118640,स्थल,1,0.03388682
sts,hin_Deva,118689,▁बनी,1,0.03388682
sts,hin_Deva,118876,झे,4,0.13554727
sts,hin_Deva,118891,▁उड़,1,0.03388682
sts,hin_Deva,118962,▁खराब,1,0.03388682
sts,hin_Deva,118966,▁मंत्रालय,1,0.03388682
sts,hin_Deva,119196,▁मौका,1,0.03388682
sts,hin_Deva,119531,▁रखें,1,0.03388682
sts,hin_Deva,119601,पार्ट,2,0.06777364
sts,hin_Deva,119695,▁बेहद,1,0.03388682
sts,hin_Deva,119824,▁तथ्य,1,0.03388682
sts,hin_Deva,120073,▁मिलने,1,0.03388682
sts,hin_Deva,120116,▁थीं,1,0.03388682
sts,hin_Deva,120490,▁बाकी,1,0.03388682
sts,hin_Deva,121576,▁प्रवक्ता,1,0.03388682
sts,hin_Deva,122947,▁अश्लील,1,0.03388682
sts,hin_Deva,123009,▁कार्,1,0.03388682
sts,hin_Deva,123177,▁मुताबिक,1,0.03388682
sts,hin_Deva,124027,किन,2,0.06777364
sts,hin_Deva,124477,बाजी,1,0.03388682
sts,hin_Deva,124493,ट्री,1,0.03388682
sts,hin_Deva,125286,▁वायरल,2,0.06777364
sts,hin_Deva,125561,द्वितीय,1,0.03388682
sts,hin_Deva,125805,▁टीवी,1,0.03388682
sts,hin_Deva,126077,▁चलते,1,0.03388682
sts,hin_Deva,126245,▁अतिरिक्त,1,0.03388682
sts,hin_Deva,126348,▁दौर,2,0.06777364
sts,hin_Deva,126979,लौ,1,0.03388682
sts,hin_Deva,127156,संघ,1,0.03388682
sts,hin_Deva,127177,सरा,1,0.03388682
sts,hin_Deva,128470,महि,1,0.03388682
sts,hin_Deva,128852,▁कसा,1,0.03388682
sts,hin_Deva,129106,▁किये,1,0.03388682
sts,hin_Deva,129596,▁रिलीज,1,0.03388682
sts,hin_Deva,129644,पुरा,1,0.03388682
sts,hin_Deva,129880,▁लगाने,1,0.03388682
sts,hin_Deva,130005,लाइट,1,0.03388682
sts,hin_Deva,130301,▁घुस,1,0.03388682
sts,hin_Deva,130856,▁ईश्वर,1,0.03388682
sts,hin_Deva,132229,▁कौ,1,0.03388682
sts,hin_Deva,132263,ावली,1,0.03388682
sts,hin_Deva,132505,कॉ,1,0.03388682
sts,hin_Deva,134278,▁श्रद्धा,1,0.03388682
sts,hin_Deva,134714,नेट,1,0.03388682
sts,hin_Deva,135286,ुं,1,0.03388682
sts,hin_Deva,136202,▁तौर,1,0.03388682
sts,hin_Deva,137124,रिज,1,0.03388682
sts,hin_Deva,137371,ेंस,1,0.03388682
sts,hin_Deva,137437,क्रो,1,0.03388682
sts,hin_Deva,137541,▁ग्रहण,1,0.03388682
sts,hin_Deva,138187,▁दवा,1,0.03388682
sts,hin_Deva,138720,▁बनने,2,0.06777364
sts,hin_Deva,139031,मंड,1,0.03388682
sts,hin_Deva,139763,▁ऑस्ट्रेलिया,1,0.03388682
sts,hin_Deva,140400,▁सत्र,1,0.03388682
sts,hin_Deva,140695,बान,1,0.03388682
sts,hin_Deva,141857,ॉक,1,0.03388682
sts,hin_Deva,142149,▁ढि,1,0.03388682
sts,hin_Deva,142175,▁मुह,1,0.03388682
sts,hin_Deva,142217,षि,1,0.03388682
sts,hin_Deva,142889,मद,1,0.03388682
sts,hin_Deva,142962,▁सिम,1,0.03388682
sts,hin_Deva,144183,▁मई,1,0.03388682
sts,hin_Deva,146190,▁चिंता,1,0.03388682
sts,hin_Deva,146685,गढ़,1,0.03388682
sts,hin_Deva,146743,▁गतिविधि,1,0.03388682
sts,hin_Deva,146924,राज्य,1,0.03388682
sts,hin_Deva,147163,▁अली,2,0.06777364
sts,hin_Deva,147295,▁बराबर,1,0.03388682
sts,hin_Deva,147943,▁अवैध,2,0.06777364
sts,hin_Deva,148050,ारे,1,0.03388682
sts,hin_Deva,148883,▁शहीद,1,0.03388682
sts,hin_Deva,149004,जिन,1,0.03388682
sts,hin_Deva,149170,▁सप्ताह,2,0.06777364
sts,hin_Deva,149536,मैं,3,0.10166045
sts,hin_Deva,149838,▁वैसे,1,0.03388682
sts,hin_Deva,150178,▁चोर,1,0.03388682
sts,hin_Deva,150297,▁सचिन,1,0.03388682
sts,hin_Deva,150952,शिया,1,0.03388682
sts,hin_Deva,152308,▁डॉलर,2,0.06777364
sts,hin_Deva,152417,▁प्राथमिक,1,0.03388682
sts,hin_Deva,152457,▁हमले,2,0.06777364
sts,hin_Deva,153160,बुद्ध,1,0.03388682
sts,hin_Deva,153177,▁रेड,1,0.03388682
sts,hin_Deva,153399,पुल,5,0.16943409
sts,hin_Deva,153416,नियम,2,0.06777364
sts,hin_Deva,153649,आज,1,0.03388682
sts,hin_Deva,154836,▁दिव्य,1,0.03388682
sts,hin_Deva,155207,▁सलाह,1,0.03388682
sts,hin_Deva,155376,और,1,0.03388682
sts,hin_Deva,155729,तीन,1,0.03388682
sts,hin_Deva,155832,▁आधिकारिक,1,0.03388682
sts,hin_Deva,155834,▁पर्यावरण,2,0.06777364
sts,hin_Deva,155842,▁मुसलमान,1,0.03388682
sts,hin_Deva,156162,▁शिखर,1,0.03388682
sts,hin_Deva,156486,▁शराब,1,0.03388682
sts,hin_Deva,156501,▁स्मृति,1,0.03388682
sts,hin_Deva,157061,▁निवास,2,0.06777364
sts,hin_Deva,157368,त्रे,1,0.03388682
sts,hin_Deva,158371,▁जुड़,1,0.03388682
sts,hin_Deva,158389,आइ,1,0.03388682
sts,hin_Deva,159466,▁मंजूर,1,0.03388682
sts,hin_Deva,160255,▁पुराने,1,0.03388682
sts,hin_Deva,161317,▁जाकर,1,0.03388682
sts,hin_Deva,161796,चुर,1,0.03388682
sts,hin_Deva,162223,▁सुनिश्चित,1,0.03388682
sts,hin_Deva,163098,क्ल,1,0.03388682
sts,hin_Deva,163281,▁तकनीक,1,0.03388682
sts,hin_Deva,163689,▁कागज,1,0.03388682
sts,hin_Deva,165095,▁सैन्य,1,0.03388682
sts,hin_Deva,165340,▁खूब,1,0.03388682
sts,hin_Deva,165925,▁निभा,1,0.03388682
sts,hin_Deva,166077,▁संभावना,1,0.03388682
sts,hin_Deva,166166,▁आंख,1,0.03388682
sts,hin_Deva,167152,▁मौके,1,0.03388682
sts,hin_Deva,167794,▁शतक,2,0.06777364
sts,hin_Deva,167936,▁चाहती,1,0.03388682
sts,hin_Deva,170352,पेट,2,0.06777364
sts,hin_Deva,170634,▁नाका,1,0.03388682
sts,hin_Deva,171103,मंत्र,1,0.03388682
sts,hin_Deva,171172,▁दूसरा,2,0.06777364
sts,hin_Deva,171785,िस्तान,1,0.03388682
sts,hin_Deva,171931,▁साबित,1,0.03388682
sts,hin_Deva,172323,▁शपथ,1,0.03388682
sts,hin_Deva,172390,▁तेजी,2,0.06777364
sts,hin_Deva,172430,त्तम,1,0.03388682
sts,hin_Deva,172821,युद्ध,1,0.03388682
sts,hin_Deva,172833,ड़ों,1,0.03388682
sts,hin_Deva,172884,किल,1,0.03388682
sts,hin_Deva,173006,▁श्रीलंका,1,0.03388682
sts,hin_Deva,173285,इंड,1,0.03388682
sts,hin_Deva,173597,ख़,1,0.03388682
sts,hin_Deva,173666,▁व्यस्त,1,0.03388682
sts,hin_Deva,174202,▁दीपिका,1,0.03388682
sts,hin_Deva,174772,रिंग,1,0.03388682
sts,hin_Deva,175167,▁राज्यों,1,0.03388682
sts,hin_Deva,175172,▁अस्तित्व,1,0.03388682
sts,hin_Deva,175289,▁अहम,1,0.03388682
sts,hin_Deva,175455,▁अधिकारियों,1,0.03388682
sts,hin_Deva,178237,▁पेपर,2,0.06777364
sts,hin_Deva,178607,▁ओपन,1,0.03388682
sts,hin_Deva,178914,▁इंग्लैंड,1,0.03388682
sts,hin_Deva,178916,▁बरामद,2,0.06777364
sts,hin_Deva,179647,अब,1,0.03388682
sts,hin_Deva,179744,▁सिस्टम,1,0.03388682
sts,hin_Deva,180399,ट्रिक,1,0.03388682
sts,hin_Deva,181525,बेट,1,0.03388682
sts,hin_Deva,182253,▁प्रतिबंध,1,0.03388682
sts,hin_Deva,184270,▁छूट,1,0.03388682
sts,hin_Deva,185002,▁बातचीत,1,0.03388682
sts,hin_Deva,185059,▁सीरीज,1,0.03388682
sts,hin_Deva,185584,▁भीड़,1,0.03388682
sts,hin_Deva,186028,▁सफा,1,0.03388682
sts,hin_Deva,186213,▁टैक्स,1,0.03388682
sts,hin_Deva,186718,▁समर्थक,1,0.03388682
sts,hin_Deva,186802,▁गैस,1,0.03388682
sts,hin_Deva,188408,▁नेशनल,1,0.03388682
sts,hin_Deva,189466,▁पर्दा,1,0.03388682
sts,hin_Deva,190028,▁मार्क,1,0.03388682
sts,hin_Deva,190128,▁एक्ट्रेस,1,0.03388682
sts,hin_Deva,190191,▁एशियाई,1,0.03388682
sts,hin_Deva,190263,▁पढ़ने,1,0.03388682
sts,hin_Deva,190343,धरा,1,0.03388682
sts,hin_Deva,191049,▁पुष्टि,1,0.03388682
sts,hin_Deva,191592,▁फिल्मों,1,0.03388682
sts,hin_Deva,191745,▁स्टोर,1,0.03388682
sts,hin_Deva,191949,सरकार,1,0.03388682
sts,hin_Deva,192002,▁मास्टर,1,0.03388682
sts,hin_Deva,192100,▁महेश,1,0.03388682
sts,hin_Deva,192528,▁लीग,2,0.06777364
sts,hin_Deva,192589,▁खेले,1,0.03388682
sts,hin_Deva,192872,▁चली,1,0.03388682
sts,hin_Deva,193586,▁शाहरुख,1,0.03388682
sts,hin_Deva,193715,▁ख्याल,1,0.03388682
sts,hin_Deva,193822,ब्रे,1,0.03388682
sts,hin_Deva,193939,▁थाना,2,0.06777364
sts,hin_Deva,194752,शिव,1,0.03388682
sts,hin_Deva,195529,चौ,1,0.03388682
sts,hin_Deva,195730,▁लंबे,1,0.03388682
sts,hin_Deva,196723,▁गोवा,1,0.03388682
sts,hin_Deva,197009,▁कार्यकाल,1,0.03388682
sts,hin_Deva,197354,▁तमाम,1,0.03388682
sts,hin_Deva,197670,▁टोक,1,0.03388682
sts,hin_Deva,197837,गठित,1,0.03388682
sts,hin_Deva,198469,प्रभा,1,0.03388682
sts,hin_Deva,199356,ंबर,1,0.03388682
sts,hin_Deva,199616,पद्मावत,1,0.03388682
sts,hin_Deva,199971,▁कंप्यूटर,1,0.03388682
sts,hin_Deva,200024,▁ट्रंप,1,0.03388682
sts,hin_Deva,200085,लियन,1,0.03388682
sts,hin_Deva,200329,▁देखी,1,0.03388682
sts,hin_Deva,201497,▁कराया,1,0.03388682
sts,hin_Deva,201880,▁फंस,2,0.06777364
sts,hin_Deva,202226,▁गर्भवती,1,0.03388682
sts,hin_Deva,202298,▁गुप्त,1,0.03388682
sts,hin_Deva,202389,स्टा,2,0.06777364
sts,hin_Deva,202429,▁तलाश,1,0.03388682
sts,hin_Deva,202763,▁पावर,1,0.03388682
sts,hin_Deva,203166,▁मोटर,1,0.03388682
sts,hin_Deva,203956,▁आईपीएल,1,0.03388682
sts,hin_Deva,205445,▁पापा,1,0.03388682
sts,hin_Deva,206148,▁अर्थव्यवस्था,1,0.03388682
sts,hin_Deva,206246,▁रहेगी,1,0.03388682
sts,hin_Deva,206910,▁साइन,1,0.03388682
sts,hin_Deva,207359,▁रिश्ते,1,0.03388682
sts,hin_Deva,210062,▁अफगानिस्तान,2,0.06777364
sts,hin_Deva,210795,डोर,1,0.03388682
sts,hin_Deva,211138,▁आखिरी,2,0.06777364
sts,hin_Deva,211648,▁पहुंची,1,0.03388682
sts,hin_Deva,212255,▁आश्वासन,1,0.03388682
sts,hin_Deva,212638,▁मुकाबले,1,0.03388682
sts,hin_Deva,213678,▁श्रीदेवी,1,0.03388682
sts,hin_Deva,214475,▁गिरावट,1,0.03388682
sts,hin_Deva,215054,▁अन्यथा,1,0.03388682
sts,hin_Deva,216304,▁संसाधन,1,0.03388682
sts,hin_Deva,216881,तौर,1,0.03388682
sts,hin_Deva,217944,▁अनुष्का,1,0.03388682
sts,hin_Deva,217985,▁अंतरराष्ट्रीय,1,0.03388682
sts,hin_Deva,219789,▁युवाओं,1,0.03388682
sts,hin_Deva,220084,▁इलाके,1,0.03388682
sts,hin_Deva,220307,▁दादा,1,0.03388682
sts,hin_Deva,221746,▁फिट,1,0.03388682
sts,hin_Deva,221834,▁शूटिंग,1,0.03388682
sts,hin_Deva,221965,▁शिष्य,1,0.03388682
sts,hin_Deva,222885,▁गोरे,1,0.03388682
sts,hin_Deva,223463,कूट,1,0.03388682
sts,hin_Deva,223972,▁डोनाल्ड,1,0.03388682
sts,hin_Deva,224155,▁दस्त,1,0.03388682
sts,hin_Deva,225167,▁ईरान,1,0.03388682
sts,hin_Deva,226987,फिल,2,0.06777364
sts,hin_Deva,227781,▁बंधन,2,0.06777364
sts,hin_Deva,228708,▁हथियार,2,0.06777364
sts,hin_Deva,229164,▁ब्लॉक,1,0.03388682
sts,hin_Deva,230251,मुंबई,1,0.03388682
sts,hin_Deva,230772,▁सर्वश्रेष्ठ,1,0.03388682
sts,hin_Deva,231174,▁परमाणु,1,0.03388682
sts,hin_Deva,231360,▁तारीफ,1,0.03388682
sts,hin_Deva,231471,राष्ट्रीय,2,0.06777364
sts,hin_Deva,233452,▁दोपहर,1,0.03388682
sts,hin_Deva,234404,▁फौज,1,0.03388682
sts,hin_Deva,236945,▁वसूल,1,0.03388682
sts,hin_Deva,239178,▁जर्मन,1,0.03388682
sts,hin_Deva,241373,▁गुस्सा,1,0.03388682
sts,hin_Deva,242017,▁हिम्मत,1,0.03388682
sts,hin_Deva,242197,स्वास्थ्य,1,0.03388682
sts,hin_Deva,242375,▁भूकंप,1,0.03388682
sts,hin_Deva,242728,▁पूछताछ,1,0.03388682
sts,hin_Deva,243045,▁बदमाश,1,0.03388682
sts,hin_Deva,249802,ऎ,1,0.03388682
sts,guj_Gujr,4,",",58,1.96676840
sts,guj_Gujr,5,.,127,4.30654459
sts,guj_Gujr,6,▁,66,2.23804680
sts,guj_Gujr,7,s,2,0.06781960
sts,guj_Gujr,9,-,3,0.10172940
sts,guj_Gujr,10,▁a,4,0.13563920
sts,guj_Gujr,12,:,4,0.13563920
sts,guj_Gujr,15,▁(,6,0.20345880
sts,guj_Gujr,16,),8,0.27127840
sts,guj_Gujr,20,▁-,3,0.10172940
sts,guj_Gujr,25,',1,0.03390980
sts,guj_Gujr,26,’,1,0.03390980
sts,guj_Gujr,31,o,1,0.03390980
sts,guj_Gujr,32,?,9,0.30518820
sts,guj_Gujr,38,!,1,0.03390980
sts,guj_Gujr,44,"▁""",2,0.06781960
sts,guj_Gujr,46,▁–,3,0.10172940
sts,guj_Gujr,51,▁un,1,0.03390980
sts,guj_Gujr,52,▁“,4,0.13563920
sts,guj_Gujr,63,”,2,0.06781960
sts,guj_Gujr,70,▁the,3,0.10172940
sts,guj_Gujr,74,;,2,0.06781960
sts,guj_Gujr,83,▁is,2,0.06781960
sts,guj_Gujr,87,▁I,1,0.03390980
sts,guj_Gujr,100,▁for,1,0.03390980
sts,guj_Gujr,110,▁no,1,0.03390980
sts,guj_Gujr,111,▁of,1,0.03390980
sts,guj_Gujr,116,▁2,1,0.03390980
sts,guj_Gujr,132,(,2,0.06781960
sts,guj_Gujr,136,▁and,1,0.03390980
sts,guj_Gujr,138,▁3,2,0.06781960
sts,guj_Gujr,152,▁:,1,0.03390980
sts,guj_Gujr,190,▁5,2,0.06781960
sts,guj_Gujr,201,▁4,1,0.03390980
sts,guj_Gujr,204,▁‘,1,0.03390980
sts,guj_Gujr,209,▁10,2,0.06781960
sts,guj_Gujr,238,c,1,0.03390980
sts,guj_Gujr,242,▁',1,0.03390980
sts,guj_Gujr,248,▁/,1,0.03390980
sts,guj_Gujr,284,A,1,0.03390980
sts,guj_Gujr,335,▁B,2,0.06781960
sts,guj_Gujr,347,▁m,2,0.06781960
sts,guj_Gujr,357,▁En,1,0.03390980
sts,guj_Gujr,360,▁In,1,0.03390980
sts,guj_Gujr,399,ia,1,0.03390980
sts,guj_Gujr,408,ca,1,0.03390980
sts,guj_Gujr,450,▁that,1,0.03390980
sts,guj_Gujr,543,▁18,1,0.03390980
sts,guj_Gujr,571,B,1,0.03390980
sts,guj_Gujr,611,▁16,1,0.03390980
sts,guj_Gujr,621,▁are,2,0.06781960
sts,guj_Gujr,666,▁છે,80,2.71278399
sts,guj_Gujr,669,man,1,0.03390980
sts,guj_Gujr,702,▁13,1,0.03390980
sts,guj_Gujr,705,▁?,1,0.03390980
sts,guj_Gujr,707,▁or,1,0.03390980
sts,guj_Gujr,729,▁17,1,0.03390980
sts,guj_Gujr,768,▁•,1,0.03390980
sts,guj_Gujr,805,▁100,1,0.03390980
sts,guj_Gujr,836,▁50,2,0.06781960
sts,guj_Gujr,903,▁this,1,0.03390980
sts,guj_Gujr,970,▁”,1,0.03390980
sts,guj_Gujr,977,▁>,1,0.03390980
sts,guj_Gujr,1031,▁3.,1,0.03390980
sts,guj_Gujr,1074,માં,48,1.62767040
sts,guj_Gujr,1139,ના,52,1.76330960
sts,guj_Gujr,1167,ની,29,0.98338420
sts,guj_Gujr,1284,▁but,1,0.03390980
sts,guj_Gujr,1454,▁અને,31,1.05120380
sts,guj_Gujr,1475,▁આ,29,0.98338420
sts,guj_Gujr,1569,ને,23,0.77992540
sts,guj_Gujr,1781,▁200,3,0.10172940
sts,guj_Gujr,1890,iti,1,0.03390980
sts,guj_Gujr,1989,ે,13,0.44082740
sts,guj_Gujr,2046,▁get,1,0.03390980
sts,guj_Gujr,2092,ી,21,0.71210580
sts,guj_Gujr,2136,ો,26,0.88165480
sts,guj_Gujr,2174,▁if,1,0.03390980
sts,guj_Gujr,2203,▁=,1,0.03390980
sts,guj_Gujr,2222,▁જ,20,0.67819600
sts,guj_Gujr,2228,▁કે,8,0.27127840
sts,guj_Gujr,2273,▁35,1,0.03390980
sts,guj_Gujr,2342,ક,19,0.64428620
sts,guj_Gujr,2449,ties,1,0.03390980
sts,guj_Gujr,2588,25,1,0.03390980
sts,guj_Gujr,2662,નો,18,0.61037640
sts,guj_Gujr,2685,▁there,4,0.13563920
sts,guj_Gujr,2766,▁પણ,9,0.30518820
sts,guj_Gujr,2817,મ,8,0.27127840
sts,guj_Gujr,2819,▁;,1,0.03390980
sts,guj_Gujr,2883,ર,16,0.54255680
sts,guj_Gujr,2960,ન,19,0.64428620
sts,guj_Gujr,2990,થી,12,0.40691760
sts,guj_Gujr,3279,▁માટે,16,0.54255680
sts,guj_Gujr,3377,▁એક,21,0.71210580
sts,guj_Gujr,3389,તા,16,0.54255680
sts,guj_Gujr,3462,▁પર,9,0.30518820
sts,guj_Gujr,3507,લ,11,0.37300780
sts,guj_Gujr,3570,ં,11,0.37300780
sts,guj_Gujr,3583,▁તો,8,0.27127840
sts,guj_Gujr,3682,નું,3,0.10172940
sts,guj_Gujr,3724,▁એ,9,0.30518820
sts,guj_Gujr,4046,26,1,0.03390980
sts,guj_Gujr,4250,વ,5,0.16954900
sts,guj_Gujr,4263,▁If,1,0.03390980
sts,guj_Gujr,4489,સ,7,0.23736860
sts,guj_Gujr,4734,▁only,1,0.03390980
sts,guj_Gujr,4881,પ,7,0.23736860
sts,guj_Gujr,4997,▁Next,1,0.03390980
sts,guj_Gujr,5010,▁અ,7,0.23736860
sts,guj_Gujr,5041,વા,9,0.30518820
sts,guj_Gujr,5104,એ,3,0.10172940
sts,guj_Gujr,5147,ા,8,0.27127840
sts,guj_Gujr,5158,ડ,8,0.27127840
sts,guj_Gujr,5338,▁તે,19,0.64428620
sts,guj_Gujr,5448,ટ,9,0.30518820
sts,guj_Gujr,5608,▁should,1,0.03390980
sts,guj_Gujr,5754,▁કરી,9,0.30518820
sts,guj_Gujr,5847,▁13.,1,0.03390980
sts,guj_Gujr,5899,જ,10,0.33909800
sts,guj_Gujr,6274,▁ન,5,0.16954900
sts,guj_Gujr,6290,રી,10,0.33909800
sts,guj_Gujr,6370,▁14.,1,0.03390980
sts,guj_Gujr,6381,ત,4,0.13563920
sts,guj_Gujr,6519,▁સાથે,7,0.23736860
sts,guj_Gujr,6644,ture,1,0.03390980
sts,guj_Gujr,6971,ણ,7,0.23736860
sts,guj_Gujr,7068,▁then,1,0.03390980
sts,guj_Gujr,7174,▁ક,3,0.10172940
sts,guj_Gujr,7240,ગ,3,0.10172940
sts,guj_Gujr,7386,▁નથી,5,0.16954900
sts,guj_Gujr,7464,▁still,1,0.03390980
sts,guj_Gujr,7469,ઓ,7,0.23736860
sts,guj_Gujr,7476,▁સ,9,0.30518820
sts,guj_Gujr,7555,▁મ,6,0.20345880
sts,guj_Gujr,7887,બ,4,0.13563920
sts,guj_Gujr,8246,▁જે,7,0.23736860
sts,guj_Gujr,8303,▁હોય,5,0.16954900
sts,guj_Gujr,8307,દ,8,0.27127840
sts,guj_Gujr,8499,શ,5,0.16954900
sts,guj_Gujr,8572,્યા,9,0.30518820
sts,guj_Gujr,8637,ય,6,0.20345880
sts,guj_Gujr,9127,SE,2,0.06781960
sts,guj_Gujr,9328,▁કરો,8,0.27127840
sts,guj_Gujr,9550,02,1,0.03390980
sts,guj_Gujr,9583,▁જો,11,0.37300780
sts,guj_Gujr,9718,મા,9,0.30518820
sts,guj_Gujr,9725,લા,1,0.03390980
sts,guj_Gujr,9739,▁ના,1,0.03390980
sts,guj_Gujr,9754,તી,5,0.16954900
sts,guj_Gujr,9965,▁હતી,4,0.13563920
sts,guj_Gujr,10098,િ,3,0.10172940
sts,guj_Gujr,10496,▁પ્ર,3,0.10172940
sts,guj_Gujr,10602,હ,3,0.10172940
sts,guj_Gujr,10963,લી,3,0.10172940
sts,guj_Gujr,11068,▁વ,4,0.13563920
sts,guj_Gujr,11148,રા,5,0.16954900
sts,guj_Gujr,11184,ું,5,0.16954900
sts,guj_Gujr,11434,ડી,6,0.20345880
sts,guj_Gujr,11538,▁faz,1,0.03390980
sts,guj_Gujr,11616,ળ,16,0.54255680
sts,guj_Gujr,11644,ચ,4,0.13563920
sts,guj_Gujr,11649,▁વિ,6,0.20345880
sts,guj_Gujr,11702,▁ઉ,5,0.16954900
sts,guj_Gujr,12226,▁બે,2,0.06781960
sts,guj_Gujr,12260,▁હ,4,0.13563920
sts,guj_Gujr,12300,▁બ,1,0.03390980
sts,guj_Gujr,12368,▁મા,2,0.06781960
sts,guj_Gujr,12887,વી,2,0.06781960
sts,guj_Gujr,12993,▁ને,1,0.03390980
sts,guj_Gujr,13100,▁પ,7,0.23736860
sts,guj_Gujr,13257,ફ,2,0.06781960
sts,guj_Gujr,13533,ખ,5,0.16954900
sts,guj_Gujr,13602,ઝ,6,0.20345880
sts,guj_Gujr,13652,▁આવી,2,0.06781960
sts,guj_Gujr,13834,▁હતો,3,0.10172940
sts,guj_Gujr,13854,િત,8,0.27127840
sts,guj_Gujr,13905,્ય,8,0.27127840
sts,guj_Gujr,14074,▁તમે,12,0.40691760
sts,guj_Gujr,14204,જી,2,0.06781960
sts,guj_Gujr,14328,ડા,2,0.06781960
sts,guj_Gujr,14396,્,2,0.06781960
sts,guj_Gujr,14621,િક,4,0.13563920
sts,guj_Gujr,14989,▁કોઈ,6,0.20345880
sts,guj_Gujr,15079,ુ,4,0.13563920
sts,guj_Gujr,15123,try,1,0.03390980
sts,guj_Gujr,15194,ક્ષ,8,0.27127840
sts,guj_Gujr,15241,રો,3,0.10172940
sts,guj_Gujr,15417,કા,4,0.13563920
sts,guj_Gujr,15494,કો,2,0.06781960
sts,guj_Gujr,15514,ધ,1,0.03390980
sts,guj_Gujr,15723,▁ર,1,0.03390980
sts,guj_Gujr,15840,▁હતું,1,0.03390980
sts,guj_Gujr,16017,નાં,2,0.06781960
sts,guj_Gujr,16194,રે,3,0.10172940
sts,guj_Gujr,16371,▁ગ,3,0.10172940
sts,guj_Gujr,16564,ૂ,5,0.16954900
sts,guj_Gujr,16658,▁ભ,3,0.10172940
sts,guj_Gujr,16824,તો,6,0.20345880
sts,guj_Gujr,16842,▁પછી,2,0.06781960
sts,guj_Gujr,17205,ંગ,4,0.13563920
sts,guj_Gujr,17271,▁હતા,5,0.16954900
sts,guj_Gujr,17382,▁સા,1,0.03390980
sts,guj_Gujr,17521,્સ,1,0.03390980
sts,guj_Gujr,17661,યા,1,0.03390980
sts,guj_Gujr,17694,▁આપ,3,0.10172940
sts,guj_Gujr,17721,▁between,1,0.03390980
sts,guj_Gujr,18139,▁360,1,0.03390980
sts,guj_Gujr,18156,લો,2,0.06781960
sts,guj_Gujr,18272,▁વધુ,3,0.10172940
sts,guj_Gujr,18407,▁થઈ,3,0.10172940
sts,guj_Gujr,18499,▁error,1,0.03390980
sts,guj_Gujr,18541,▁કરવા,1,0.03390980
sts,guj_Gujr,18559,▁રીતે,7,0.23736860
sts,guj_Gujr,18636,▁આવે,2,0.06781960
sts,guj_Gujr,18639,સ્ટ,3,0.10172940
sts,guj_Gujr,18713,▁હું,5,0.16954900
sts,guj_Gujr,18878,▁End,1,0.03390980
sts,guj_Gujr,18903,સી,6,0.20345880
sts,guj_Gujr,19009,ાઈ,4,0.13563920
sts,guj_Gujr,19112,▁કરે,3,0.10172940
sts,guj_Gujr,19373,▁સં,10,0.33909800
sts,guj_Gujr,19472,▁થાય,3,0.10172940
sts,guj_Gujr,19615,▁BMW,1,0.03390980
sts,guj_Gujr,19746,▁શું,3,0.10172940
sts,guj_Gujr,19794,વો,5,0.16954900
sts,guj_Gujr,19879,▁million,2,0.06781960
sts,guj_Gujr,20325,▁પા,1,0.03390980
sts,guj_Gujr,20352,્યુ,3,0.10172940
sts,guj_Gujr,20367,ાય,8,0.27127840
sts,guj_Gujr,20605,ual,1,0.03390980
sts,guj_Gujr,20707,ભ,5,0.16954900
sts,guj_Gujr,20758,▁શકે,6,0.20345880
sts,guj_Gujr,20812,શે,4,0.13563920
sts,guj_Gujr,20868,▁ત,5,0.16954900
sts,guj_Gujr,20972,ત્ર,5,0.16954900
sts,guj_Gujr,21182,▁વાત,2,0.06781960
sts,guj_Gujr,21341,સા,4,0.13563920
sts,guj_Gujr,21508,▁કો,2,0.06781960
sts,guj_Gujr,21600,▁સુધી,6,0.20345880
sts,guj_Gujr,22076,▁સે,1,0.03390980
sts,guj_Gujr,22091,લે,1,0.03390980
sts,guj_Gujr,22353,▁સુ,3,0.10172940
sts,guj_Gujr,22502,મી,2,0.06781960
sts,guj_Gujr,22543,▁Word,1,0.03390980
sts,guj_Gujr,22595,▁હવે,2,0.06781960
sts,guj_Gujr,22716,ર્,4,0.13563920
sts,guj_Gujr,22870,▁મે,5,0.16954900
sts,guj_Gujr,22935,ષ,6,0.20345880
sts,guj_Gujr,23005,▁ઓ,2,0.06781960
sts,guj_Gujr,23191,▁ની,1,0.03390980
sts,guj_Gujr,23305,થ,1,0.03390980
sts,guj_Gujr,23326,▁શ,1,0.03390980
sts,guj_Gujr,23786,▁ગુજરાત,3,0.10172940
sts,guj_Gujr,23931,ન્,1,0.03390980
sts,guj_Gujr,23938,િંગ,1,0.03390980
sts,guj_Gujr,24095,▁નહીં,4,0.13563920
sts,guj_Gujr,24290,માંથી,1,0.03390980
sts,guj_Gujr,24393,▁કરવામાં,1,0.03390980
sts,guj_Gujr,24406,▁કા,4,0.13563920
sts,guj_Gujr,24442,▁રહે,1,0.03390980
sts,guj_Gujr,24485,ન્સ,2,0.06781960
sts,guj_Gujr,24691,▁લોકો,4,0.13563920
sts,guj_Gujr,25011,▁ત્યારે,1,0.03390980
sts,guj_Gujr,25140,▁લ,3,0.10172940
sts,guj_Gujr,25319,▁હો,3,0.10172940
sts,guj_Gujr,25467,▁છો,7,0.23736860
sts,guj_Gujr,25618,ઈ,1,0.03390980
sts,guj_Gujr,25817,વામાં,2,0.06781960
sts,guj_Gujr,25851,્યું,3,0.10172940
sts,guj_Gujr,25865,▁મને,4,0.13563920
sts,guj_Gujr,25958,ally,1,0.03390980
sts,guj_Gujr,26408,વે,1,0.03390980
sts,guj_Gujr,26568,▁કામ,2,0.06781960
sts,guj_Gujr,26617,વાર,2,0.06781960
sts,guj_Gujr,26669,▁રહી,2,0.06781960
sts,guj_Gujr,26950,▁means,1,0.03390980
sts,guj_Gujr,27025,ટા,6,0.20345880
sts,guj_Gujr,27320,ાઇ,4,0.13563920
sts,guj_Gujr,27368,કાર,2,0.06781960
sts,guj_Gujr,27453,▁માં,1,0.03390980
sts,guj_Gujr,27551,ણી,2,0.06781960
sts,guj_Gujr,27793,▁જાય,1,0.03390980
sts,guj_Gujr,27912,ાં,1,0.03390980
sts,guj_Gujr,27927,વિ,2,0.06781960
sts,guj_Gujr,27946,આ,1,0.03390980
sts,guj_Gujr,28336,▁નિ,5,0.16954900
sts,guj_Gujr,28465,ઠ,3,0.10172940
sts,guj_Gujr,28500,▁અન્ય,2,0.06781960
sts,guj_Gujr,28557,▁કર,2,0.06781960
sts,guj_Gujr,28592,ણા,3,0.10172940
sts,guj_Gujr,28816,▁થઇ,2,0.06781960
sts,guj_Gujr,28879,બા,1,0.03390980
sts,guj_Gujr,28906,પી,3,0.10172940
sts,guj_Gujr,29088,tral,1,0.03390980
sts,guj_Gujr,29265,▁ધ,5,0.16954900
sts,guj_Gujr,29330,▁લે,2,0.06781960
sts,guj_Gujr,29454,્ર,1,0.03390980
sts,guj_Gujr,29462,કી,7,0.23736860
sts,guj_Gujr,29478,▁ઇ,2,0.06781960
sts,guj_Gujr,29483,દા,3,0.10172940
sts,guj_Gujr,29565,▁નામ,1,0.03390980
sts,guj_Gujr,29746,▁તેના,2,0.06781960
sts,guj_Gujr,29986,ીઓ,1,0.03390980
sts,guj_Gujr,30507,બી,1,0.03390980
sts,guj_Gujr,30576,ૈ,2,0.06781960
sts,guj_Gujr,30688,▁તેને,4,0.13563920
sts,guj_Gujr,30820,▁સમય,4,0.13563920
sts,guj_Gujr,30905,અ,1,0.03390980
sts,guj_Gujr,30916,▁પરંતુ,2,0.06781960
sts,guj_Gujr,30945,િયા,5,0.16954900
sts,guj_Gujr,31220,ટર,3,0.10172940
sts,guj_Gujr,31316,તિ,2,0.06781960
sts,guj_Gujr,31491,તું,3,0.10172940
sts,guj_Gujr,31702,▁મો,1,0.03390980
sts,guj_Gujr,31876,ઃ,1,0.03390980
sts,guj_Gujr,31927,▁છું,4,0.13563920
sts,guj_Gujr,32316,▁exist,1,0.03390980
sts,guj_Gujr,32874,▁રે,2,0.06781960
sts,guj_Gujr,32925,ળા,1,0.03390980
sts,guj_Gujr,33200,ંડ,1,0.03390980
sts,guj_Gujr,33290,▁સી,3,0.10172940
sts,guj_Gujr,33517,▁સમાચાર,2,0.06781960
sts,guj_Gujr,33631,ન્ટ,2,0.06781960
sts,guj_Gujr,34006,ંદ,1,0.03390980
sts,guj_Gujr,34127,ઇ,2,0.06781960
sts,guj_Gujr,34146,▁કહે,1,0.03390980
sts,guj_Gujr,34207,▁પે,1,0.03390980
sts,guj_Gujr,34308,▁ગયા,1,0.03390980
sts,guj_Gujr,34312,ઢ,4,0.13563920
sts,guj_Gujr,34437,▁તમારા,2,0.06781960
sts,guj_Gujr,34443,▁ટ,1,0.03390980
sts,guj_Gujr,34558,▁સ્,1,0.03390980
sts,guj_Gujr,34662,▁મારી,1,0.03390980
sts,guj_Gujr,34695,down,1,0.03390980
sts,guj_Gujr,34947,▁અહીં,2,0.06781960
sts,guj_Gujr,35533,▁તેની,4,0.13563920
sts,guj_Gujr,35623,▁એમ,4,0.13563920
sts,guj_Gujr,35646,પા,2,0.06781960
sts,guj_Gujr,35761,વ્ય,1,0.03390980
sts,guj_Gujr,35832,▁સો,1,0.03390980
sts,guj_Gujr,35918,ઘ,3,0.10172940
sts,guj_Gujr,36109,▁સામે,1,0.03390980
sts,guj_Gujr,36139,સ્થ,2,0.06781960
sts,guj_Gujr,36145,▁પી,1,0.03390980
sts,guj_Gujr,36153,પ્ર,4,0.13563920
sts,guj_Gujr,36180,ેશ,2,0.06781960
sts,guj_Gujr,36346,શન,1,0.03390980
sts,guj_Gujr,36523,▁ફ,2,0.06781960
sts,guj_Gujr,36645,શ્,1,0.03390980
sts,guj_Gujr,36863,તર,1,0.03390980
sts,guj_Gujr,37137,વર,1,0.03390980
sts,guj_Gujr,37509,0.00,1,0.03390980
sts,guj_Gujr,38019,▁ભારત,3,0.10172940
sts,guj_Gujr,38045,▁સરકાર,4,0.13563920
sts,guj_Gujr,38153,▁ઘ,4,0.13563920
sts,guj_Gujr,38179,ર્સ,1,0.03390980
sts,guj_Gujr,38264,▁106,1,0.03390980
sts,guj_Gujr,38450,વાની,2,0.06781960
sts,guj_Gujr,38508,ગા,2,0.06781960
sts,guj_Gujr,38510,▁લો,2,0.06781960
sts,guj_Gujr,38622,▁બાદ,2,0.06781960
sts,guj_Gujr,38825,▁ઉપર,2,0.06781960
sts,guj_Gujr,39210,▁common,1,0.03390980
sts,guj_Gujr,39241,શો,2,0.06781960
sts,guj_Gujr,39907,ત્,5,0.16954900
sts,guj_Gujr,40031,ાન,1,0.03390980
sts,guj_Gujr,40203,▁તા,4,0.13563920
sts,guj_Gujr,40356,▁છ,4,0.13563920
sts,guj_Gujr,40381,ગી,4,0.13563920
sts,guj_Gujr,40384,ેટ,1,0.03390980
sts,guj_Gujr,41229,ાર,1,0.03390980
sts,guj_Gujr,41956,લિ,1,0.03390980
sts,guj_Gujr,42249,▁મળી,2,0.06781960
sts,guj_Gujr,42511,▁શ્રી,1,0.03390980
sts,guj_Gujr,42516,▁સ્વ,2,0.06781960
sts,guj_Gujr,42574,▁તેઓ,5,0.16954900
sts,guj_Gujr,42860,▁બધા,1,0.03390980
sts,guj_Gujr,42929,▁ખા,1,0.03390980
sts,guj_Gujr,42933,▁તમને,1,0.03390980
sts,guj_Gujr,43068,▁વા,1,0.03390980
sts,guj_Gujr,43115,▁ભાવ,1,0.03390980
sts,guj_Gujr,43397,▁શક,3,0.10172940
sts,guj_Gujr,44055,ક્સ,1,0.03390980
sts,guj_Gujr,44242,▁ઝ,1,0.03390980
sts,guj_Gujr,44268,▁કર્યો,1,0.03390980
sts,guj_Gujr,44311,ર્મ,2,0.06781960
sts,guj_Gujr,44471,▁ત્યાં,6,0.20345880
sts,guj_Gujr,44487,▁બની,1,0.03390980
sts,guj_Gujr,44516,▁જ્યારે,3,0.10172940
sts,guj_Gujr,44525,▁મિ,2,0.06781960
sts,guj_Gujr,44671,▁થ,2,0.06781960
sts,guj_Gujr,44936,▁પોતાના,1,0.03390980
sts,guj_Gujr,45208,ોને,3,0.10172940
sts,guj_Gujr,45372,▁ચો,4,0.13563920
sts,guj_Gujr,45627,માન,2,0.06781960
sts,guj_Gujr,45889,▁ગુ,1,0.03390980
sts,guj_Gujr,45922,▁આપી,2,0.06781960
sts,guj_Gujr,45931,▁રહ્યા,2,0.06781960
sts,guj_Gujr,46229,▁ભાગ,4,0.13563920
sts,guj_Gujr,46365,▁તેમ,5,0.16954900
sts,guj_Gujr,47102,મો,2,0.06781960
sts,guj_Gujr,47305,ટે,2,0.06781960
sts,guj_Gujr,48083,હિ,3,0.10172940
sts,guj_Gujr,48091,ટ્ર,3,0.10172940
sts,guj_Gujr,48155,▁દેશ,2,0.06781960
sts,guj_Gujr,48156,ધા,3,0.10172940
sts,guj_Gujr,48175,▁નો,2,0.06781960
sts,guj_Gujr,48345,note,1,0.03390980
sts,guj_Gujr,48502,▁spec,1,0.03390980
sts,guj_Gujr,48608,દી,1,0.03390980
sts,guj_Gujr,48647,ટો,4,0.13563920
sts,guj_Gujr,48736,▁ઉપયોગ,4,0.13563920
sts,guj_Gujr,48781,▁મન,1,0.03390980
sts,guj_Gujr,48799,જન,1,0.03390980
sts,guj_Gujr,48946,▁અમે,2,0.06781960
sts,guj_Gujr,49026,▁કોઇ,1,0.03390980
sts,guj_Gujr,49505,તુ,1,0.03390980
sts,guj_Gujr,49634,ર્ટ,2,0.06781960
sts,guj_Gujr,49636,▁તરીકે,1,0.03390980
sts,guj_Gujr,49847,▁જીવન,2,0.06781960
sts,guj_Gujr,50212,▁પ્રેમ,5,0.16954900
sts,guj_Gujr,50326,▁ગયો,1,0.03390980
sts,guj_Gujr,50708,ર્ડ,1,0.03390980
sts,guj_Gujr,51007,યો,2,0.06781960
sts,guj_Gujr,51067,રુ,2,0.06781960
sts,guj_Gujr,51446,▁વચ્ચે,2,0.06781960
sts,guj_Gujr,51755,▁કરતા,3,0.10172940
sts,guj_Gujr,51816,▁અથવા,3,0.10172940
sts,guj_Gujr,52505,▁કારણ,1,0.03390980
sts,guj_Gujr,52713,ંક,2,0.06781960
sts,guj_Gujr,53485,ધાર,3,0.10172940
sts,guj_Gujr,53866,ેડ,1,0.03390980
sts,guj_Gujr,54091,▁ચાલ,3,0.10172940
sts,guj_Gujr,54248,▁યુ,1,0.03390980
sts,guj_Gujr,54505,▁ટે,1,0.03390980
sts,guj_Gujr,54632,▁જેમ,1,0.03390980
sts,guj_Gujr,54787,▁પાણી,2,0.06781960
sts,guj_Gujr,55143,▁થશે,2,0.06781960
sts,guj_Gujr,55175,યોગ,1,0.03390980
sts,guj_Gujr,55243,▁અપ,1,0.03390980
sts,guj_Gujr,55402,▁વ્યક્તિ,1,0.03390980
sts,guj_Gujr,55510,▁ખૂબ,5,0.16954900
sts,guj_Gujr,55680,▁વિશે,3,0.10172940
sts,guj_Gujr,55828,▁રૂ,3,0.10172940
sts,guj_Gujr,56014,▁મોદી,1,0.03390980
sts,guj_Gujr,56132,ોની,2,0.06781960
sts,guj_Gujr,56148,ડો,2,0.06781960
sts,guj_Gujr,56259,ંચ,2,0.06781960
sts,guj_Gujr,56336,▁તેમના,2,0.06781960
sts,guj_Gujr,56801,▁થયો,1,0.03390980
sts,guj_Gujr,57032,્ટ,1,0.03390980
sts,guj_Gujr,57131,▁આપણે,3,0.10172940
sts,guj_Gujr,57142,▁કરોડ,1,0.03390980
sts,guj_Gujr,57385,▁દરેક,1,0.03390980
sts,guj_Gujr,57531,▁હાથ,1,0.03390980
sts,guj_Gujr,57532,▁દા,2,0.06781960
sts,guj_Gujr,57572,reak,1,0.03390980
sts,guj_Gujr,57644,રમ,2,0.06781960
sts,guj_Gujr,57677,▁મહા,3,0.10172940
sts,guj_Gujr,58050,▁જોઈએ,3,0.10172940
sts,guj_Gujr,58356,એસ,6,0.20345880
sts,guj_Gujr,58469,▁રહ્યો,1,0.03390980
sts,guj_Gujr,58906,પણ,1,0.03390980
sts,guj_Gujr,59035,▁તમામ,1,0.03390980
sts,guj_Gujr,59077,▁કિ,2,0.06781960
sts,guj_Gujr,59362,▁રાજ,3,0.10172940
sts,guj_Gujr,59542,▁મુખ્ય,1,0.03390980
sts,guj_Gujr,59706,▁ડે,3,0.10172940
sts,guj_Gujr,60004,▁શા,1,0.03390980
sts,guj_Gujr,60119,▁હશે,3,0.10172940
sts,guj_Gujr,60212,▁difference,1,0.03390980
sts,guj_Gujr,60250,▁ગણ,2,0.06781960
sts,guj_Gujr,60279,છ,1,0.03390980
sts,guj_Gujr,60387,▁રા,1,0.03390980
sts,guj_Gujr,60475,સર,1,0.03390980
sts,guj_Gujr,60718,▁તેમને,1,0.03390980
sts,guj_Gujr,60802,▁આવ્યા,2,0.06781960
sts,guj_Gujr,60852,ત્ત,3,0.10172940
sts,guj_Gujr,60857,▁તેમણે,1,0.03390980
sts,guj_Gujr,61249,સ્ક,3,0.10172940
sts,guj_Gujr,61337,સો,4,0.13563920
sts,guj_Gujr,61465,▁જી,2,0.06781960
sts,guj_Gujr,61613,પર,1,0.03390980
sts,guj_Gujr,61782,▁ચા,2,0.06781960
sts,guj_Gujr,62125,▁રો,1,0.03390980
sts,guj_Gujr,62530,▁આપે,1,0.03390980
sts,guj_Gujr,62550,▁ઉપ,4,0.13563920
sts,guj_Gujr,62654,પ્,1,0.03390980
sts,guj_Gujr,62750,▁એવું,2,0.06781960
sts,guj_Gujr,62783,power,1,0.03390980
sts,guj_Gujr,63005,▁હા,4,0.13563920
sts,guj_Gujr,63492,▁લા,1,0.03390980
sts,guj_Gujr,63536,ભા,1,0.03390980
sts,guj_Gujr,63667,▁Stru,1,0.03390980
sts,guj_Gujr,63678,▁રાજ્ય,5,0.16954900
sts,guj_Gujr,63739,દ્,1,0.03390980
sts,guj_Gujr,63884,▁બી,3,0.10172940
sts,guj_Gujr,63947,િટ,1,0.03390980
sts,guj_Gujr,63958,▁વધારે,1,0.03390980
sts,guj_Gujr,64340,ધી,1,0.03390980
sts,guj_Gujr,64368,િન,1,0.03390980
sts,guj_Gujr,64440,▁ગા,1,0.03390980
sts,guj_Gujr,64663,બુ,1,0.03390980
sts,guj_Gujr,64691,▁શકાય,1,0.03390980
sts,guj_Gujr,64755,▁ડિ,1,0.03390980
sts,guj_Gujr,64812,▁શેર,1,0.03390980
sts,guj_Gujr,64855,િય,2,0.06781960
sts,guj_Gujr,66271,▁1-1,1,0.03390980
sts,guj_Gujr,66346,▁ગામ,6,0.20345880
sts,guj_Gujr,66364,▁મેં,1,0.03390980
sts,guj_Gujr,66388,▁શરૂ,2,0.06781960
sts,guj_Gujr,66531,▁કર્યા,2,0.06781960
sts,guj_Gujr,66690,ગ્,1,0.03390980
sts,guj_Gujr,66691,ેલા,1,0.03390980
sts,guj_Gujr,67372,વાનું,3,0.10172940
sts,guj_Gujr,67457,ોર,1,0.03390980
sts,guj_Gujr,67798,સુ,1,0.03390980
sts,guj_Gujr,67932,ગે,1,0.03390980
sts,guj_Gujr,67970,▁બિ,2,0.06781960
sts,guj_Gujr,68063,▁આવ,2,0.06781960
sts,guj_Gujr,68258,્રો,1,0.03390980
sts,guj_Gujr,68303,▁ભાજપ,2,0.06781960
sts,guj_Gujr,68555,▁જરૂર,5,0.16954900
sts,guj_Gujr,68940,▁-1,1,0.03390980
sts,guj_Gujr,69488,▁શોધ,1,0.03390980
sts,guj_Gujr,69499,▁અમદાવાદ,2,0.06781960
sts,guj_Gujr,69702,નગર,1,0.03390980
sts,guj_Gujr,70039,▁તેમની,3,0.10172940
sts,guj_Gujr,70117,મેન્ટ,1,0.03390980
sts,guj_Gujr,70298,▁તથા,1,0.03390980
sts,guj_Gujr,70452,ાઉ,1,0.03390980
sts,guj_Gujr,70644,▁ચે,3,0.10172940
sts,guj_Gujr,70667,▁લાગે,1,0.03390980
sts,guj_Gujr,70846,ેજ,1,0.03390980
sts,guj_Gujr,70939,▁ફર,1,0.03390980
sts,guj_Gujr,71083,▁માહિતી,2,0.06781960
sts,guj_Gujr,71126,નાર,1,0.03390980
sts,guj_Gujr,71134,▁ખો,2,0.06781960
sts,guj_Gujr,71435,ીય,1,0.03390980
sts,guj_Gujr,71628,▁મોટા,1,0.03390980
sts,guj_Gujr,71845,▁ચૂંટણી,6,0.20345880
sts,guj_Gujr,71847,▁થયું,3,0.10172940
sts,guj_Gujr,71915,▁સ્ટ,4,0.13563920
sts,guj_Gujr,72754,▁રાખ,1,0.03390980
sts,guj_Gujr,72762,▁રૂપિયા,4,0.13563920
sts,guj_Gujr,73004,ેક,1,0.03390980
sts,guj_Gujr,73216,▁લેવા,1,0.03390980
sts,guj_Gujr,73367,▁ઘણા,1,0.03390980
sts,guj_Gujr,73644,▁પો,1,0.03390980
sts,guj_Gujr,73853,દેશ,2,0.06781960
sts,guj_Gujr,74201,▁જુઓ,2,0.06781960
sts,guj_Gujr,74235,પો,1,0.03390980
sts,guj_Gujr,74474,ઓને,1,0.03390980
sts,guj_Gujr,74505,▁ભારતીય,1,0.03390980
sts,guj_Gujr,74727,િલ,2,0.06781960
sts,guj_Gujr,74935,▁સૌ,1,0.03390980
sts,guj_Gujr,75118,▁બાળકો,1,0.03390980
sts,guj_Gujr,75351,▁છીએ,2,0.06781960
sts,guj_Gujr,75993,▁પુ,2,0.06781960
sts,guj_Gujr,76001,▁મી,5,0.16954900
sts,guj_Gujr,76023,▁પોલીસ,2,0.06781960
sts,guj_Gujr,76515,્રી,2,0.06781960
sts,guj_Gujr,76977,▁કેવી,4,0.13563920
sts,guj_Gujr,77297,▁હાલ,1,0.03390980
sts,guj_Gujr,77418,ામાં,1,0.03390980
sts,guj_Gujr,78172,▁મદદ,1,0.03390980
sts,guj_Gujr,78655,▁આગળ,2,0.06781960
sts,guj_Gujr,78871,▁સૂ,1,0.03390980
sts,guj_Gujr,79013,▁જન્મ,1,0.03390980
sts,guj_Gujr,79284,▁વધ,1,0.03390980
sts,guj_Gujr,79378,▁જણાવ,1,0.03390980
sts,guj_Gujr,79444,▁નવા,3,0.10172940
sts,guj_Gujr,79527,આઈ,1,0.03390980
sts,guj_Gujr,79545,▁કાર્ય,5,0.16954900
sts,guj_Gujr,79840,▁સમ,2,0.06781960
sts,guj_Gujr,80154,▁કોંગ્રેસ,3,0.10172940
sts,guj_Gujr,80290,▁ક્યાં,1,0.03390980
sts,guj_Gujr,80758,▁કુ,1,0.03390980
sts,guj_Gujr,81122,▁પ્રથમ,3,0.10172940
sts,guj_Gujr,81230,▁અવ,1,0.03390980
sts,guj_Gujr,81556,ઝા,1,0.03390980
sts,guj_Gujr,81745,▁દૂર,1,0.03390980
sts,guj_Gujr,81889,▁શકો,1,0.03390980
sts,guj_Gujr,83080,▁average,2,0.06781960
sts,guj_Gujr,83175,▁ડ,1,0.03390980
sts,guj_Gujr,83310,પુર,1,0.03390980
sts,guj_Gujr,83542,▁પ્રતિ,2,0.06781960
sts,guj_Gujr,83744,▁માંગ,4,0.13563920
sts,guj_Gujr,83893,દર્શ,1,0.03390980
sts,guj_Gujr,83910,હો,3,0.10172940
sts,guj_Gujr,84140,▁બનાવ,1,0.03390980
sts,guj_Gujr,84648,પિ,2,0.06781960
sts,guj_Gujr,84822,▁ટકા,1,0.03390980
sts,guj_Gujr,84961,▁ગાંધી,1,0.03390980
sts,guj_Gujr,84997,ંજ,2,0.06781960
sts,guj_Gujr,85027,▁truth,2,0.06781960
sts,guj_Gujr,85087,▁પહેલાં,2,0.06781960
sts,guj_Gujr,85227,▁શહેર,1,0.03390980
sts,guj_Gujr,85638,▁૩,1,0.03390980
sts,guj_Gujr,85933,▁પ્રો,1,0.03390980
sts,guj_Gujr,86888,▁અનેક,1,0.03390980
sts,guj_Gujr,87126,▁કરશે,2,0.06781960
sts,guj_Gujr,87189,બલ,1,0.03390980
sts,guj_Gujr,87266,▁કહી,2,0.06781960
sts,guj_Gujr,87886,▁વી,3,0.10172940
sts,guj_Gujr,87960,▁ખબર,1,0.03390980
sts,guj_Gujr,88156,▁એના,1,0.03390980
sts,guj_Gujr,88390,▁તરફ,2,0.06781960
sts,guj_Gujr,88461,ભર,2,0.06781960
sts,guj_Gujr,89614,▁ખુબ,1,0.03390980
sts,guj_Gujr,89678,▁0.0,1,0.03390980
sts,guj_Gujr,89846,ધિ,4,0.13563920
sts,guj_Gujr,90103,▁કાર,1,0.03390980
sts,guj_Gujr,90601,▁બંને,1,0.03390980
sts,guj_Gujr,91128,આઇ,2,0.06781960
sts,guj_Gujr,91894,ગ્રા,2,0.06781960
sts,guj_Gujr,91898,િયમ,4,0.13563920
sts,guj_Gujr,92106,ુલ,1,0.03390980
sts,guj_Gujr,92236,િકા,1,0.03390980
sts,guj_Gujr,93050,▁બને,2,0.06781960
sts,guj_Gujr,93100,▁નોંધ,2,0.06781960
sts,guj_Gujr,93177,▁વિશ્વ,1,0.03390980
sts,guj_Gujr,93251,ાવવા,1,0.03390980
sts,guj_Gujr,93442,નિક,1,0.03390980
sts,guj_Gujr,93494,▁એવા,2,0.06781960
sts,guj_Gujr,93546,્રા,2,0.06781960
sts,guj_Gujr,94038,દાન,2,0.06781960
sts,guj_Gujr,94332,▁ઉત્તર,1,0.03390980
sts,guj_Gujr,94602,▁દેવ,1,0.03390980
sts,guj_Gujr,95170,જુ,1,0.03390980
sts,guj_Gujr,95264,▁પૂર,1,0.03390980
sts,guj_Gujr,95443,▁અલગ,2,0.06781960
sts,guj_Gujr,95870,▁જવા,1,0.03390980
sts,guj_Gujr,96268,એલ,2,0.06781960
sts,guj_Gujr,96886,▁એની,1,0.03390980
sts,guj_Gujr,97077,લું,2,0.06781960
sts,guj_Gujr,97364,▁કપ,1,0.03390980
sts,guj_Gujr,97370,▁possibili,1,0.03390980
sts,guj_Gujr,97574,▁ચિ,1,0.03390980
sts,guj_Gujr,98526,કુલ,2,0.06781960
sts,guj_Gujr,99112,▁સેવા,1,0.03390980
sts,guj_Gujr,99667,ાંત,2,0.06781960
sts,guj_Gujr,99719,ાઓ,1,0.03390980
sts,guj_Gujr,99811,▁મોટી,2,0.06781960
sts,guj_Gujr,99879,▁ઘટના,2,0.06781960
sts,guj_Gujr,100107,ાયો,1,0.03390980
sts,guj_Gujr,100199,દ્ધ,1,0.03390980
sts,guj_Gujr,100336,▁મળશે,1,0.03390980
sts,guj_Gujr,100634,ચી,2,0.06781960
sts,guj_Gujr,100655,ખે,2,0.06781960
sts,guj_Gujr,100925,લ્ડ,2,0.06781960
sts,guj_Gujr,101554,▁પાંચ,6,0.20345880
sts,guj_Gujr,102139,ક્ષણ,1,0.03390980
sts,guj_Gujr,102613,▁આનંદ,2,0.06781960
sts,guj_Gujr,102715,રત,1,0.03390980
sts,guj_Gujr,102862,રામ,1,0.03390980
sts,guj_Gujr,103042,અલ,1,0.03390980
sts,guj_Gujr,103217,બાર,1,0.03390980
sts,guj_Gujr,103672,ભાવ,1,0.03390980
sts,guj_Gujr,103952,▁બ્ર,2,0.06781960
sts,guj_Gujr,104181,પૂર્ણ,1,0.03390980
sts,guj_Gujr,104189,▁મુજબ,1,0.03390980
sts,guj_Gujr,104373,▁જેવી,4,0.13563920
sts,guj_Gujr,104691,▁ડી,1,0.03390980
sts,guj_Gujr,104852,વલ,2,0.06781960
sts,guj_Gujr,105786,ચંદ,1,0.03390980
sts,guj_Gujr,106418,▁ઘણી,1,0.03390980
sts,guj_Gujr,106627,▁ફા,1,0.03390980
sts,guj_Gujr,106662,ીલ,2,0.06781960
sts,guj_Gujr,107174,▁આર,1,0.03390980
sts,guj_Gujr,107176,▁તેમજ,1,0.03390980
sts,guj_Gujr,107449,▁ટી,3,0.10172940
sts,guj_Gujr,107781,▁ઘટ,1,0.03390980
sts,guj_Gujr,107848,▁પોતા,1,0.03390980
sts,guj_Gujr,107931,▁હોવા,1,0.03390980
sts,guj_Gujr,108679,પોર્ટ,1,0.03390980
sts,guj_Gujr,109478,▁મિત્રો,1,0.03390980
sts,guj_Gujr,109999,ટ્સ,1,0.03390980
sts,guj_Gujr,110195,ાયા,2,0.06781960
sts,guj_Gujr,110341,▁રૂપ,2,0.06781960
sts,guj_Gujr,111018,ક્ક,2,0.06781960
sts,guj_Gujr,111320,▁તેણે,1,0.03390980
sts,guj_Gujr,111756,ક્રમ,1,0.03390980
sts,guj_Gujr,111839,▁૫,1,0.03390980
sts,guj_Gujr,112165,વાન,1,0.03390980
sts,guj_Gujr,112498,ગો,1,0.03390980
sts,guj_Gujr,112621,વળ,1,0.03390980
sts,guj_Gujr,112766,▁સુરત,1,0.03390980
sts,guj_Gujr,112769,▁મોકલ,1,0.03390980
sts,guj_Gujr,112929,▁પરિ,2,0.06781960
sts,guj_Gujr,112957,▁વરસાદ,1,0.03390980
sts,guj_Gujr,113243,▁એસ,1,0.03390980
sts,guj_Gujr,113347,ર્ન,2,0.06781960
sts,guj_Gujr,113384,▁શાળા,3,0.10172940
sts,guj_Gujr,113387,Microsoft,1,0.03390980
sts,guj_Gujr,114074,▁આપો,1,0.03390980
sts,guj_Gujr,114263,▁કેન્દ્ર,1,0.03390980
sts,guj_Gujr,114273,▁ક્ર,1,0.03390980
sts,guj_Gujr,114355,ઈન,1,0.03390980
sts,guj_Gujr,114519,▁ધરાવ,5,0.16954900
sts,guj_Gujr,115202,ચો,4,0.13563920
sts,guj_Gujr,115391,▁વાંચ,1,0.03390980
sts,guj_Gujr,115465,ાશે,2,0.06781960
sts,guj_Gujr,115696,ીંગ,2,0.06781960
sts,guj_Gujr,115847,▁જૂન,1,0.03390980
sts,guj_Gujr,116522,ઓમાં,1,0.03390980
sts,guj_Gujr,116900,▁જ્યાં,1,0.03390980
sts,guj_Gujr,117293,પાલ,1,0.03390980
sts,guj_Gujr,117435,વત,2,0.06781960
sts,guj_Gujr,117443,▁જરૂરી,1,0.03390980
sts,guj_Gujr,117897,▁સરળ,1,0.03390980
sts,guj_Gujr,118078,તંત્ર,1,0.03390980
sts,guj_Gujr,118131,યું,1,0.03390980
sts,guj_Gujr,118290,▁મધ્ય,2,0.06781960
sts,guj_Gujr,118711,▁વખત,1,0.03390980
sts,guj_Gujr,118887,બંધ,1,0.03390980
sts,guj_Gujr,118939,▁મોત,1,0.03390980
sts,guj_Gujr,119022,▁બનાવી,3,0.10172940
sts,guj_Gujr,119489,ન્ન,1,0.03390980
sts,guj_Gujr,119629,▁ઓળખ,1,0.03390980
sts,guj_Gujr,119704,યર,2,0.06781960
sts,guj_Gujr,119830,▁હજાર,2,0.06781960
sts,guj_Gujr,120054,▁રસ,1,0.03390980
sts,guj_Gujr,120103,▁factors,1,0.03390980
sts,guj_Gujr,120380,તમ,1,0.03390980
sts,guj_Gujr,120669,▁અમેરિકા,1,0.03390980
sts,guj_Gujr,120691,▁લઈને,1,0.03390980
sts,guj_Gujr,120738,▁રહેવા,1,0.03390980
sts,guj_Gujr,121132,▁હતાં,1,0.03390980
sts,guj_Gujr,121164,ભૂત,1,0.03390980
sts,guj_Gujr,121413,▁sample,2,0.06781960
sts,guj_Gujr,122100,▁તેથી,6,0.20345880
sts,guj_Gujr,122152,ક્ર,1,0.03390980
sts,guj_Gujr,122207,જિ,1,0.03390980
sts,guj_Gujr,122211,▁પૂર્વ,4,0.13563920
sts,guj_Gujr,122416,▁245,1,0.03390980
sts,guj_Gujr,122546,▁થયેલ,3,0.10172940
sts,guj_Gujr,122885,▁પાડ,1,0.03390980
sts,guj_Gujr,122949,▁જિલ્લા,2,0.06781960
sts,guj_Gujr,123403,▁જેના,1,0.03390980
sts,guj_Gujr,123643,▁અસર,3,0.10172940
sts,guj_Gujr,124048,▁ઈન્,1,0.03390980
sts,guj_Gujr,124081,▁યોજના,1,0.03390980
sts,guj_Gujr,124527,ડિયા,1,0.03390980
sts,guj_Gujr,124545,▁ફોટો,2,0.06781960
sts,guj_Gujr,125343,બન,1,0.03390980
sts,guj_Gujr,125714,▁સ્વા,2,0.06781960
sts,guj_Gujr,126119,કોમ,1,0.03390980
sts,guj_Gujr,126183,બ્લ,1,0.03390980
sts,guj_Gujr,126395,ંબ,4,0.13563920
sts,guj_Gujr,126412,બળ,2,0.06781960
sts,guj_Gujr,126617,મ્બ,1,0.03390980
sts,guj_Gujr,126763,▁મહત્વ,1,0.03390980
sts,guj_Gujr,126923,પલ,1,0.03390980
sts,guj_Gujr,127398,નની,2,0.06781960
sts,guj_Gujr,127509,ર્થ,1,0.03390980
sts,guj_Gujr,127851,િર,1,0.03390980
sts,guj_Gujr,128058,▁સામાન્ય,1,0.03390980
sts,guj_Gujr,128221,મન,1,0.03390980
sts,guj_Gujr,128383,▁ફોર,1,0.03390980
sts,guj_Gujr,128751,▁આં,3,0.10172940
sts,guj_Gujr,129105,▁સિંહ,1,0.03390980
sts,guj_Gujr,129855,▁પતિ,1,0.03390980
sts,guj_Gujr,130199,્તિ,1,0.03390980
sts,guj_Gujr,130408,ીત,2,0.06781960
sts,guj_Gujr,130599,▁વિકાસ,2,0.06781960
sts,guj_Gujr,130867,કરણ,1,0.03390980
sts,guj_Gujr,131014,▁યોજ,1,0.03390980
sts,guj_Gujr,131067,▁વિના,1,0.03390980
sts,guj_Gujr,131557,દે,1,0.03390980
sts,guj_Gujr,131646,▁કઈ,1,0.03390980
sts,guj_Gujr,132483,્રિ,2,0.06781960
sts,guj_Gujr,132677,▁વિભાગ,1,0.03390980
sts,guj_Gujr,132776,શુ,2,0.06781960
sts,guj_Gujr,133132,મંત્ર,3,0.10172940
sts,guj_Gujr,133445,▁દક્ષિણ,3,0.10172940
sts,guj_Gujr,133724,▁તપાસ,1,0.03390980
sts,guj_Gujr,134472,ફે,2,0.06781960
sts,guj_Gujr,134596,કુ,1,0.03390980
sts,guj_Gujr,135008,દ્ર,1,0.03390980
sts,guj_Gujr,135312,▁નરેન્દ્ર,3,0.10172940
sts,guj_Gujr,135600,▁ખર્ચ,2,0.06781960
sts,guj_Gujr,135693,નમાં,1,0.03390980
sts,guj_Gujr,136000,▁વહે,1,0.03390980
sts,guj_Gujr,136153,▁કાર્યક્રમ,1,0.03390980
sts,guj_Gujr,136155,▁વિવિધ,1,0.03390980
sts,guj_Gujr,136173,▁યોગ્ય,1,0.03390980
sts,guj_Gujr,136299,▁સુખ,1,0.03390980
sts,guj_Gujr,136369,સિંહ,2,0.06781960
sts,guj_Gujr,136853,મેર,1,0.03390980
sts,guj_Gujr,137383,માર,1,0.03390980
sts,guj_Gujr,137459,▁ચાલુ,1,0.03390980
sts,guj_Gujr,138694,▁ફ્લ,1,0.03390980
sts,guj_Gujr,139467,મેન,2,0.06781960
sts,guj_Gujr,139559,▁લાભ,1,0.03390980
sts,guj_Gujr,139740,રાષ્ટ્ર,4,0.13563920
sts,guj_Gujr,139832,ાણ,2,0.06781960
sts,guj_Gujr,139836,શિયા,1,0.03390980
sts,guj_Gujr,139912,થે,1,0.03390980
sts,guj_Gujr,140943,ઝન,1,0.03390980
sts,guj_Gujr,141007,તરી,1,0.03390980
sts,guj_Gujr,141394,▁દેખ,1,0.03390980
sts,guj_Gujr,142780,▁વર્,1,0.03390980
sts,guj_Gujr,143147,▁ભૂ,1,0.03390980
sts,guj_Gujr,143379,ચિ,1,0.03390980
sts,guj_Gujr,143659,▁આવેલ,1,0.03390980
sts,guj_Gujr,143788,▁અભિ,1,0.03390980
sts,guj_Gujr,143791,▁જાહેરાત,1,0.03390980
sts,guj_Gujr,143828,હે,1,0.03390980
sts,guj_Gujr,144087,▁પરિણામ,1,0.03390980
sts,guj_Gujr,144209,મિલ,1,0.03390980
sts,guj_Gujr,144849,▁પદ,2,0.06781960
sts,guj_Gujr,144880,નાથ,2,0.06781960
sts,guj_Gujr,144906,▁ગમે,1,0.03390980
sts,guj_Gujr,145000,▁કરવાનું,1,0.03390980
sts,guj_Gujr,145508,સ્તા,1,0.03390980
sts,guj_Gujr,145570,▁ભવિષ્ય,1,0.03390980
sts,guj_Gujr,145977,કસ,2,0.06781960
sts,guj_Gujr,146604,ેક્ટ,1,0.03390980
sts,guj_Gujr,146777,▁પક્ષ,1,0.03390980
sts,guj_Gujr,147278,ઇટ,1,0.03390980
sts,guj_Gujr,147544,▁શબ્દો,2,0.06781960
sts,guj_Gujr,147621,ત્ય,1,0.03390980
sts,guj_Gujr,148211,ક્ટર,1,0.03390980
sts,guj_Gujr,148266,▁પાકિસ્તાન,1,0.03390980
sts,guj_Gujr,148583,▁સમસ્યા,2,0.06781960
sts,guj_Gujr,148695,ધ્ધ,1,0.03390980
sts,guj_Gujr,149025,▁ભારતમાં,1,0.03390980
sts,guj_Gujr,149047,ઝી,1,0.03390980
sts,guj_Gujr,149158,▁સંપર્ક,1,0.03390980
sts,guj_Gujr,149761,ણું,2,0.06781960
sts,guj_Gujr,150147,પ્લે,1,0.03390980
sts,guj_Gujr,151565,કૂ,2,0.06781960
sts,guj_Gujr,152706,મેલ,1,0.03390980
sts,guj_Gujr,153294,▁ભારે,2,0.06781960
sts,guj_Gujr,153541,ગાર,1,0.03390980
sts,guj_Gujr,153588,▁વીડિયો,1,0.03390980
sts,guj_Gujr,154516,▁અભ્યાસ,1,0.03390980
sts,guj_Gujr,154605,▁ગરમ,2,0.06781960
sts,guj_Gujr,154714,ડું,1,0.03390980
sts,guj_Gujr,154738,▁પહોંચી,1,0.03390980
sts,guj_Gujr,155123,ફ્ર,2,0.06781960
sts,guj_Gujr,155143,▁પુત્ર,1,0.03390980
sts,guj_Gujr,155405,પ્ત,1,0.03390980
sts,guj_Gujr,156115,ડુ,2,0.06781960
sts,guj_Gujr,156368,જય,3,0.10172940
sts,guj_Gujr,156480,▁નંબર,1,0.03390980
sts,guj_Gujr,156620,▁પ્રા,2,0.06781960
sts,guj_Gujr,156825,ગ્રહ,1,0.03390980
sts,guj_Gujr,157134,▁નાના,1,0.03390980
sts,guj_Gujr,157163,▁લોક,1,0.03390980
sts,guj_Gujr,157189,આર,1,0.03390980
sts,guj_Gujr,157343,ચુ,1,0.03390980
sts,guj_Gujr,157959,▁ઘરમાં,2,0.06781960
sts,guj_Gujr,158286,ક્રો,1,0.03390980
sts,guj_Gujr,158447,▁રાહુલ,1,0.03390980
sts,guj_Gujr,158458,▁રજૂ,1,0.03390980
sts,guj_Gujr,158572,▁સંત,1,0.03390980
sts,guj_Gujr,158577,▁સારા,2,0.06781960
sts,guj_Gujr,159678,▁સાં,1,0.03390980
sts,guj_Gujr,159708,ર્ગ,8,0.27127840
sts,guj_Gujr,159726,કત,1,0.03390980
sts,guj_Gujr,160223,▁કરતી,1,0.03390980
sts,guj_Gujr,160849,▁વડાપ્રધાન,2,0.06781960
sts,guj_Gujr,160977,▁આવેલા,5,0.16954900
sts,guj_Gujr,161230,વીર,1,0.03390980
sts,guj_Gujr,161248,▁મૃત્યુ,1,0.03390980
sts,guj_Gujr,161777,▁પ્રશ્ન,1,0.03390980
sts,guj_Gujr,162053,▁આગ,1,0.03390980
sts,guj_Gujr,162111,ાક,1,0.03390980
sts,guj_Gujr,162317,▁આવું,1,0.03390980
sts,guj_Gujr,163011,▁એન્ડ,2,0.06781960
sts,guj_Gujr,163605,▁ઇચ્છ,1,0.03390980
sts,guj_Gujr,163953,▁બાજુ,2,0.06781960
sts,guj_Gujr,164066,▁જમીન,1,0.03390980
sts,guj_Gujr,164268,▁ઉત્પાદન,3,0.10172940
sts,guj_Gujr,164724,▁સત્ય,1,0.03390980
sts,guj_Gujr,164757,કથા,2,0.06781960
sts,guj_Gujr,165267,ાતા,1,0.03390980
sts,guj_Gujr,165893,ત્રિ,1,0.03390980
sts,guj_Gujr,166264,ંડા,1,0.03390980
sts,guj_Gujr,166591,પાન,1,0.03390980
sts,guj_Gujr,166645,ાલય,1,0.03390980
sts,guj_Gujr,167233,▁મૂળ,2,0.06781960
sts,guj_Gujr,167490,▁ખરેખર,1,0.03390980
sts,guj_Gujr,169301,▁થોડી,1,0.03390980
sts,guj_Gujr,169499,ઠો,2,0.06781960
sts,guj_Gujr,169803,લેટ,1,0.03390980
sts,guj_Gujr,169826,ભાગ,1,0.03390980
sts,guj_Gujr,169950,▁નોટ,2,0.06781960
sts,guj_Gujr,170095,▁વિદેશ,1,0.03390980
sts,guj_Gujr,170366,▁પ્રાપ્ત,1,0.03390980
sts,guj_Gujr,170592,▁હોત,1,0.03390980
sts,guj_Gujr,170877,પરા,1,0.03390980
sts,guj_Gujr,170889,▁કયા,2,0.06781960
sts,guj_Gujr,171398,▁કહેવાય,1,0.03390980
sts,guj_Gujr,171811,પતિ,2,0.06781960
sts,guj_Gujr,172377,▁કરીએ,2,0.06781960
sts,guj_Gujr,173010,▁મુખ્યમંત્રી,2,0.06781960
sts,guj_Gujr,173077,▁થતા,1,0.03390980
sts,guj_Gujr,173628,ગ્રી,1,0.03390980
sts,guj_Gujr,174087,સિક,1,0.03390980
sts,guj_Gujr,174556,ાયું,1,0.03390980
sts,guj_Gujr,175052,▁મોટો,1,0.03390980
sts,guj_Gujr,175946,યન,1,0.03390980
sts,guj_Gujr,176130,▁કંઈ,1,0.03390980
sts,guj_Gujr,176461,▁ટુ,2,0.06781960
sts,guj_Gujr,176587,▁માર્કેટ,1,0.03390980
sts,guj_Gujr,176715,ન્યુ,1,0.03390980
sts,guj_Gujr,177551,ગ્ન,1,0.03390980
sts,guj_Gujr,178589,▁વિશેષ,1,0.03390980
sts,guj_Gujr,178946,▁કોલેજ,1,0.03390980
sts,guj_Gujr,178962,▁હાજર,1,0.03390980
sts,guj_Gujr,179005,▁નદી,2,0.06781960
sts,guj_Gujr,179013,પ્રધાન,3,0.10172940
sts,guj_Gujr,179923,્ડ,1,0.03390980
sts,guj_Gujr,180458,કૃત,1,0.03390980
sts,guj_Gujr,180517,▁લીધે,1,0.03390980
sts,guj_Gujr,180591,▁કરું,1,0.03390980
sts,guj_Gujr,180857,પત,1,0.03390980
sts,guj_Gujr,180885,સભા,1,0.03390980
sts,guj_Gujr,181077,▁સમયમાં,1,0.03390980
sts,guj_Gujr,181359,▁તાલુકા,3,0.10172940
sts,guj_Gujr,181578,ખર,1,0.03390980
sts,guj_Gujr,181732,▁જગ્યા,1,0.03390980
sts,guj_Gujr,181777,▁આગામી,1,0.03390980
sts,guj_Gujr,181888,પણે,1,0.03390980
sts,guj_Gujr,182043,▁દેશમાં,1,0.03390980
sts,guj_Gujr,182199,▁વધારો,1,0.03390980
sts,guj_Gujr,182812,▁ચૂ,2,0.06781960
sts,guj_Gujr,182871,▁ખરીદ,1,0.03390980
sts,guj_Gujr,182916,વાળી,1,0.03390980
sts,guj_Gujr,182975,▁પરીક્ષા,1,0.03390980
sts,guj_Gujr,183369,▁રોકાણ,1,0.03390980
sts,guj_Gujr,183686,સંગ,1,0.03390980
sts,guj_Gujr,183761,▁દૂધ,2,0.06781960
sts,guj_Gujr,184286,ચલ,2,0.06781960
sts,guj_Gujr,184405,▁લડ,1,0.03390980
sts,guj_Gujr,187311,િક્સ,1,0.03390980
sts,guj_Gujr,187322,▁એનો,1,0.03390980
sts,guj_Gujr,188370,ઍ,1,0.03390980
sts,guj_Gujr,188462,▁પહેર,1,0.03390980
sts,guj_Gujr,188760,તલ,1,0.03390980
sts,guj_Gujr,188897,▁સિવાય,1,0.03390980
sts,guj_Gujr,189965,▁બિલ,2,0.06781960
sts,guj_Gujr,190144,▁સ્પષ્ટ,1,0.03390980
sts,guj_Gujr,191232,▁વિસ્તારમાં,1,0.03390980
sts,guj_Gujr,191855,▁પ્રત્યે,1,0.03390980
sts,guj_Gujr,192301,▁સ્ટેશન,1,0.03390980
sts,guj_Gujr,192794,▁પાસેથી,1,0.03390980
sts,guj_Gujr,193150,▁ઓછા,3,0.10172940
sts,guj_Gujr,193303,દાસ,1,0.03390980
sts,guj_Gujr,193475,▁તૈયારી,1,0.03390980
sts,guj_Gujr,193912,ન્દ્ર,1,0.03390980
sts,guj_Gujr,194426,▁જયારે,1,0.03390980
sts,guj_Gujr,196411,▁રાજા,1,0.03390980
sts,guj_Gujr,197277,▁સમજી,1,0.03390980
sts,guj_Gujr,197320,▁અત્યાર,1,0.03390980
sts,guj_Gujr,197375,▁ઇતિહાસ,1,0.03390980
sts,guj_Gujr,198057,▁જરા,1,0.03390980
sts,guj_Gujr,198310,▁કેટલીક,2,0.06781960
sts,guj_Gujr,198697,▁ઓછી,2,0.06781960
sts,guj_Gujr,199135,▁વિધાનસભા,2,0.06781960
sts,guj_Gujr,199160,▁દીધી,1,0.03390980
sts,guj_Gujr,199600,▁પ્રસંગ,1,0.03390980
sts,guj_Gujr,199897,ગઢ,2,0.06781960
sts,guj_Gujr,199906,▁હાઈ,1,0.03390980
sts,guj_Gujr,199994,▁ઉલ્લેખ,1,0.03390980
sts,guj_Gujr,200871,▁સ્વીકાર,1,0.03390980
sts,guj_Gujr,200889,▁ઉચ્ચ,1,0.03390980
sts,guj_Gujr,201021,ગણ,2,0.06781960
sts,guj_Gujr,201477,સર્જન,1,0.03390980
sts,guj_Gujr,201749,▁હોસ્પિટલ,1,0.03390980
sts,guj_Gujr,201848,▁હોવાથી,2,0.06781960
sts,guj_Gujr,202218,▁વેપાર,2,0.06781960
sts,guj_Gujr,202556,ખંડ,2,0.06781960
sts,guj_Gujr,203388,થો,1,0.03390980
sts,guj_Gujr,203908,▁સલાહ,1,0.03390980
sts,guj_Gujr,205252,▁ઉમેદવાર,2,0.06781960
sts,guj_Gujr,205455,▁કાઢી,1,0.03390980
sts,guj_Gujr,205490,રૂપે,2,0.06781960
sts,guj_Gujr,205577,▁કંપનીઓ,2,0.06781960
sts,guj_Gujr,205684,▁મિનિટ,1,0.03390980
sts,guj_Gujr,205780,▁ફિલ્મો,1,0.03390980
sts,guj_Gujr,205978,▁ભારતના,1,0.03390980
sts,guj_Gujr,206033,▁આત્મ,1,0.03390980
sts,guj_Gujr,206481,▁ચીન,1,0.03390980
sts,guj_Gujr,206536,▁દિશા,2,0.06781960
sts,guj_Gujr,206799,▁તેલ,2,0.06781960
sts,guj_Gujr,206896,▁શુભ,1,0.03390980
sts,guj_Gujr,206970,▁ઉદ્યોગ,2,0.06781960
sts,guj_Gujr,207446,▁ઘણું,1,0.03390980
sts,guj_Gujr,209165,▁માધ્યમ,1,0.03390980
sts,guj_Gujr,209334,▁કરવાથી,1,0.03390980
sts,guj_Gujr,209850,કારક,1,0.03390980
sts,guj_Gujr,211827,▁દર્દ,2,0.06781960
sts,guj_Gujr,212264,▁વિશ્વાસ,1,0.03390980
sts,guj_Gujr,212337,▁પ્રજા,1,0.03390980
sts,guj_Gujr,213485,▁અર્,2,0.06781960
sts,guj_Gujr,213744,▁જોઈને,1,0.03390980
sts,guj_Gujr,214057,▁અંદાજ,3,0.10172940
sts,guj_Gujr,214177,▁મોદીએ,1,0.03390980
sts,guj_Gujr,214697,લિયા,1,0.03390980
sts,guj_Gujr,214920,▁રાષ્ટ્રીય,1,0.03390980
sts,guj_Gujr,215015,▁દેશો,1,0.03390980
sts,guj_Gujr,215182,▁પ્રકારના,1,0.03390980
sts,guj_Gujr,215504,▁દસ,2,0.06781960
sts,guj_Gujr,215842,▁પંચાયત,2,0.06781960
sts,guj_Gujr,215971,મંડળ,1,0.03390980
sts,guj_Gujr,216214,▁હૃદય,2,0.06781960
sts,guj_Gujr,216330,▁વજન,1,0.03390980
sts,guj_Gujr,216771,▁હોવાનું,1,0.03390980
sts,guj_Gujr,217095,▁સારવાર,1,0.03390980
sts,guj_Gujr,217262,▁તેવું,1,0.03390980
sts,guj_Gujr,217500,▁રકમ,1,0.03390980
sts,guj_Gujr,217654,જીવન,1,0.03390980
sts,guj_Gujr,217733,▁મંત્રી,1,0.03390980
sts,guj_Gujr,218039,▁પસાર,2,0.06781960
sts,guj_Gujr,218450,▁મળ્યું,1,0.03390980
sts,guj_Gujr,218727,▁અહી,1,0.03390980
sts,guj_Gujr,220191,▁કોઈપણ,1,0.03390980
sts,guj_Gujr,220235,▁પ્રકારની,2,0.06781960
sts,guj_Gujr,220545,▁પ્રાથમિક,2,0.06781960
sts,guj_Gujr,221174,▁દેવામાં,1,0.03390980
sts,guj_Gujr,221293,સ્સા,1,0.03390980
sts,guj_Gujr,222278,▁એકદમ,1,0.03390980
sts,guj_Gujr,222279,▁પ્રક્રિયા,1,0.03390980
sts,guj_Gujr,223554,▁આપણને,1,0.03390980
sts,guj_Gujr,224414,▁દુઃખ,1,0.03390980
sts,guj_Gujr,224563,▁કંઈક,2,0.06781960
sts,guj_Gujr,224650,▁બનાવે,1,0.03390980
sts,guj_Gujr,225445,▁ગર્ભ,1,0.03390980
sts,guj_Gujr,225597,▁સ્પે,1,0.03390980
sts,guj_Gujr,225844,▁કામગીરી,1,0.03390980
sts,guj_Gujr,226258,▁આસપાસ,1,0.03390980
sts,guj_Gujr,226549,▁વેબ,1,0.03390980
sts,guj_Gujr,227521,▁પ્રોજેક્ટ,1,0.03390980
sts,guj_Gujr,227578,▁ઉજવણી,1,0.03390980
sts,guj_Gujr,228538,્ચર,1,0.03390980
sts,guj_Gujr,229012,ભાગ્ય,1,0.03390980
sts,guj_Gujr,229546,▁ધરપકડ,1,0.03390980
sts,guj_Gujr,229548,▁ભટ્ટ,1,0.03390980
sts,guj_Gujr,229686,▁પડ્યો,1,0.03390980
sts,guj_Gujr,230159,ભેદ,1,0.03390980
sts,guj_Gujr,230435,▁બિઝનેસ,1,0.03390980
sts,guj_Gujr,230436,▁રાજસ્થાન,2,0.06781960
sts,guj_Gujr,230777,▁ત્યારબાદ,1,0.03390980
sts,guj_Gujr,230779,▁વપરાશકર્તા,1,0.03390980
sts,guj_Gujr,231266,▁ઉકેલ,1,0.03390980
sts,guj_Gujr,231967,▁ચોક્કસ,2,0.06781960
sts,guj_Gujr,232939,યુક્ત,2,0.06781960
sts,guj_Gujr,234646,▁અંતિમ,2,0.06781960
sts,guj_Gujr,234647,▁નવગુજરાત,1,0.03390980
sts,guj_Gujr,234710,▁સંબંધિત,1,0.03390980
sts,guj_Gujr,235386,▁લોકસભા,2,0.06781960
sts,guj_Gujr,235404,▁પ્રતિબંધ,1,0.03390980
sts,guj_Gujr,235929,▁સમજાવ,1,0.03390980
sts,guj_Gujr,236463,▁પરિસ્થિતિ,1,0.03390980
sts,guj_Gujr,236489,▁દિવ્ય,1,0.03390980
sts,guj_Gujr,236660,▁દુર્,1,0.03390980
sts,guj_Gujr,236835,▁નુકસાન,1,0.03390980
sts,guj_Gujr,237182,▁હુમલા,1,0.03390980
sts,guj_Gujr,237759,▁રમવા,1,0.03390980
sts,guj_Gujr,237823,ઋ,1,0.03390980
sts,guj_Gujr,238294,▁અભિયાન,1,0.03390980
sts,guj_Gujr,238296,▁સંચાલિત,1,0.03390980
sts,guj_Gujr,238486,રંભ,1,0.03390980
sts,guj_Gujr,238607,▁વર્તમાન,1,0.03390980
sts,guj_Gujr,239173,▁ગેર,2,0.06781960
sts,guj_Gujr,240034,▁મજબૂત,1,0.03390980
sts,guj_Gujr,240089,શ્રદ્ધા,1,0.03390980
sts,guj_Gujr,240441,▁ડોલર,1,0.03390980
sts,guj_Gujr,241108,▁ગુમાવ,1,0.03390980
sts,guj_Gujr,241323,▁વાતાવરણ,1,0.03390980
sts,guj_Gujr,241374,▁મૂલ્ય,1,0.03390980
sts,guj_Gujr,241397,થ્થ,2,0.06781960
sts,guj_Gujr,242022,▁કુટુંબ,1,0.03390980
sts,guj_Gujr,242161,▁systematic,1,0.03390980
sts,guj_Gujr,242383,▁આધુનિક,1,0.03390980
sts,guj_Gujr,242457,▁પ્રગટ,1,0.03390980
sts,guj_Gujr,242735,▁અત્યંત,1,0.03390980
sts,guj_Gujr,242793,▁અમિત,1,0.03390980
sts,guj_Gujr,243060,▁પશ્ચિમ,2,0.06781960
sts,guj_Gujr,243061,▁વ્યવસાય,1,0.03390980
sts,rus_Cyrl,4,",",136,4.63689056
sts,rus_Cyrl,5,.,112,3.81861575
sts,rus_Cyrl,6,▁,25,0.85236959
sts,rus_Cyrl,9,-,9,0.30685305
sts,rus_Cyrl,12,:,6,0.20456870
sts,rus_Cyrl,15,▁(,4,0.13637913
sts,rus_Cyrl,16,),3,0.10228435
sts,rus_Cyrl,20,▁-,9,0.30685305
sts,rus_Cyrl,27,...,2,0.06818957
sts,rus_Cyrl,29,▁на,31,1.05693829
sts,rus_Cyrl,32,?,12,0.40913740
sts,rus_Cyrl,35,▁и,33,1.12512786
sts,rus_Cyrl,44,"▁""",9,0.30685305
sts,rus_Cyrl,49,▁в,73,2.48891920
sts,rus_Cyrl,58,"""",5,0.17047392
sts,rus_Cyrl,59,а,19,0.64780089
sts,rus_Cyrl,61,▁за,12,0.40913740
sts,rus_Cyrl,62,▁A,2,0.06818957
sts,rus_Cyrl,69,▁да,1,0.03409478
sts,rus_Cyrl,77,▁не,35,1.19331742
sts,rus_Cyrl,84,▁у,14,0.47732697
sts,rus_Cyrl,89,и,15,0.51142175
sts,rus_Cyrl,94,▁«,7,0.23866348
sts,rus_Cyrl,103,е,22,0.75008524
sts,rus_Cyrl,105,у,10,0.34094783
sts,rus_Cyrl,106,▁1,2,0.06818957
sts,rus_Cyrl,114,▁се,2,0.06818957
sts,rus_Cyrl,116,▁2,1,0.03409478
sts,rus_Cyrl,129,▁по,16,0.54551654
sts,rus_Cyrl,130,м,7,0.23866348
sts,rus_Cyrl,135,▁с,27,0.92055915
sts,rus_Cyrl,167,»,5,0.17047392
sts,rus_Cyrl,183,▁от,15,0.51142175
sts,rus_Cyrl,194,).,2,0.06818957
sts,rus_Cyrl,197,о,4,0.13637913
sts,rus_Cyrl,201,▁4,4,0.13637913
sts,rus_Cyrl,205,та,3,0.10228435
sts,rus_Cyrl,209,▁10,4,0.13637913
sts,rus_Cyrl,210,▁з,1,0.03409478
sts,rus_Cyrl,212,на,7,0.23866348
sts,rus_Cyrl,222,т,8,0.27275827
sts,rus_Cyrl,227,ы,22,0.75008524
sts,rus_Cyrl,244,х,5,0.17047392
sts,rus_Cyrl,245,я,6,0.20456870
sts,rus_Cyrl,248,▁/,1,0.03409478
sts,rus_Cyrl,252,▁а,9,0.30685305
sts,rus_Cyrl,255,▁до,11,0.37504262
sts,rus_Cyrl,292,▁—,26,0.88646437
sts,rus_Cyrl,303,н,2,0.06818957
sts,rus_Cyrl,312,й,7,0.23866348
sts,rus_Cyrl,326,▁во,4,0.13637913
sts,rus_Cyrl,328,то,1,0.03409478
sts,rus_Cyrl,336,не,1,0.03409478
sts,rus_Cyrl,338,▁од,1,0.03409478
sts,rus_Cyrl,358,ни,2,0.06818957
sts,rus_Cyrl,361,▁7,2,0.06818957
sts,rus_Cyrl,380,но,3,0.10228435
sts,rus_Cyrl,382,▁8,2,0.06818957
sts,rus_Cyrl,387,▁20,2,0.06818957
sts,rus_Cyrl,407,▁о,11,0.37504262
sts,rus_Cyrl,414,▁что,14,0.47732697
sts,rus_Cyrl,415,ка,9,0.30685305
sts,rus_Cyrl,417,▁В,11,0.37504262
sts,rus_Cyrl,419,ом,5,0.17047392
sts,rus_Cyrl,423,▁15,1,0.03409478
sts,rus_Cyrl,424,▁из,10,0.34094783
sts,rus_Cyrl,427,▁12,4,0.13637913
sts,rus_Cyrl,440,▁при,2,0.06818957
sts,rus_Cyrl,447,▁У,4,0.13637913
sts,rus_Cyrl,483,▁9,1,0.03409478
sts,rus_Cyrl,496,▁30,1,0.03409478
sts,rus_Cyrl,518,▁для,2,0.06818957
sts,rus_Cyrl,526,д,1,0.03409478
sts,rus_Cyrl,529,▁со,5,0.17047392
sts,rus_Cyrl,546,ли,7,0.23866348
sts,rus_Cyrl,547,л,1,0.03409478
sts,rus_Cyrl,551,ла,2,0.06818957
sts,rus_Cyrl,559,ов,15,0.51142175
sts,rus_Cyrl,589,▁С,1,0.03409478
sts,rus_Cyrl,591,▁про,7,0.23866348
sts,rus_Cyrl,618,T,1,0.03409478
sts,rus_Cyrl,637,▁или,4,0.13637913
sts,rus_Cyrl,640,ти,2,0.06818957
sts,rus_Cyrl,649,▁су,2,0.06818957
sts,rus_Cyrl,650,с,1,0.03409478
sts,rus_Cyrl,672,▁На,7,0.23866348
sts,rus_Cyrl,677,да,1,0.03409478
sts,rus_Cyrl,690,▁то,4,0.13637913
sts,rus_Cyrl,695,го,3,0.10228435
sts,rus_Cyrl,698,к,4,0.13637913
sts,rus_Cyrl,718,▁к,10,0.34094783
sts,rus_Cyrl,740,""".",2,0.06818957
sts,rus_Cyrl,742,ите,1,0.03409478
sts,rus_Cyrl,743,ю,2,0.06818957
sts,rus_Cyrl,744,▁24,1,0.03409478
sts,rus_Cyrl,751,ки,6,0.20456870
sts,rus_Cyrl,779,▁но,8,0.27275827
sts,rus_Cyrl,784,▁я,2,0.06818957
sts,rus_Cyrl,800,р,3,0.10228435
sts,rus_Cyrl,804,▁И,2,0.06818957
sts,rus_Cyrl,805,▁100,1,0.03409478
sts,rus_Cyrl,811,▁вы,8,0.27275827
sts,rus_Cyrl,812,ен,1,0.03409478
sts,rus_Cyrl,813,ын,2,0.06818957
sts,rus_Cyrl,819,▁как,7,0.23866348
sts,rus_Cyrl,827,ми,9,0.30685305
sts,rus_Cyrl,829,▁За,2,0.06818957
sts,rus_Cyrl,830,""",",2,0.06818957
sts,rus_Cyrl,836,▁50,1,0.03409478
sts,rus_Cyrl,901,▁По,5,0.17047392
sts,rus_Cyrl,957,ну,1,0.03409478
sts,rus_Cyrl,969,▁под,9,0.30685305
sts,rus_Cyrl,989,ся,11,0.37504262
sts,rus_Cyrl,997,▁+,4,0.13637913
sts,rus_Cyrl,1006,ны,1,0.03409478
sts,rus_Cyrl,1009,их,4,0.13637913
sts,rus_Cyrl,1041,ь,5,0.17047392
sts,rus_Cyrl,1068,ч,2,0.06818957
sts,rus_Cyrl,1078,п,3,0.10228435
sts,rus_Cyrl,1080,▁раз,1,0.03409478
sts,rus_Cyrl,1082,ого,1,0.03409478
sts,rus_Cyrl,1086,▁об,1,0.03409478
sts,rus_Cyrl,1087,▁Не,4,0.13637913
sts,rus_Cyrl,1089,▁О,2,0.06818957
sts,rus_Cyrl,1093,▁без,8,0.27275827
sts,rus_Cyrl,1114,ия,8,0.27275827
sts,rus_Cyrl,1117,ть,7,0.23866348
sts,rus_Cyrl,1125,де,2,0.06818957
sts,rus_Cyrl,1145,▁так,2,0.06818957
sts,rus_Cyrl,1196,ных,4,0.13637913
sts,rus_Cyrl,1200,ле,1,0.03409478
sts,rus_Cyrl,1203,▁все,7,0.23866348
sts,rus_Cyrl,1214,ах,2,0.06818957
sts,rus_Cyrl,1219,ло,3,0.10228435
sts,rus_Cyrl,1258,ам,1,0.03409478
sts,rus_Cyrl,1266,▁он,3,0.10228435
sts,rus_Cyrl,1269,ке,1,0.03409478
sts,rus_Cyrl,1270,ного,5,0.17047392
sts,rus_Cyrl,1281,ами,2,0.06818957
sts,rus_Cyrl,1315,них,2,0.06818957
sts,rus_Cyrl,1316,з,1,0.03409478
sts,rus_Cyrl,1323,за,3,0.10228435
sts,rus_Cyrl,1328,+,3,0.10228435
sts,rus_Cyrl,1339,"»,",2,0.06818957
sts,rus_Cyrl,1343,ят,5,0.17047392
sts,rus_Cyrl,1417,ко,7,0.23866348
sts,rus_Cyrl,1447,б,1,0.03409478
sts,rus_Cyrl,1450,▁ми,1,0.03409478
sts,rus_Cyrl,1488,мен,1,0.03409478
sts,rus_Cyrl,1496,▁60,1,0.03409478
sts,rus_Cyrl,1522,▁З,1,0.03409478
sts,rus_Cyrl,1530,12,1,0.03409478
sts,rus_Cyrl,1551,ем,3,0.10228435
sts,rus_Cyrl,1560,С,1,0.03409478
sts,rus_Cyrl,1584,ты,2,0.06818957
sts,rus_Cyrl,1595,им,3,0.10228435
sts,rus_Cyrl,1656,▁ли,3,0.10228435
sts,rus_Cyrl,1714,▁пре,2,0.06818957
sts,rus_Cyrl,1719,му,2,0.06818957
sts,rus_Cyrl,1721,▁Да,1,0.03409478
sts,rus_Cyrl,1725,▁их,2,0.06818957
sts,rus_Cyrl,1730,ет,5,0.17047392
sts,rus_Cyrl,1739,▁его,2,0.06818957
sts,rus_Cyrl,1741,▁пере,1,0.03409478
sts,rus_Cyrl,1752,ди,1,0.03409478
sts,rus_Cyrl,1757,▁де,3,0.10228435
sts,rus_Cyrl,1768,ой,5,0.17047392
sts,rus_Cyrl,1841,▁ад,1,0.03409478
sts,rus_Cyrl,1851,▁Но,5,0.17047392
sts,rus_Cyrl,1857,ной,7,0.23866348
sts,rus_Cyrl,1874,ные,3,0.10228435
sts,rus_Cyrl,1882,ту,2,0.06818957
sts,rus_Cyrl,1891,чи,2,0.06818957
sts,rus_Cyrl,1960,▁те,2,0.06818957
sts,rus_Cyrl,1976,ц,1,0.03409478
sts,rus_Cyrl,1983,▁много,1,0.03409478
sts,rus_Cyrl,1993,ии,8,0.27275827
sts,rus_Cyrl,2032,▁най,1,0.03409478
sts,rus_Cyrl,2033,ля,2,0.06818957
sts,rus_Cyrl,2042,по,1,0.03409478
sts,rus_Cyrl,2052,ча,1,0.03409478
sts,rus_Cyrl,2097,ния,2,0.06818957
sts,rus_Cyrl,2151,ным,2,0.06818957
sts,rus_Cyrl,2172,ном,1,0.03409478
sts,rus_Cyrl,2180,ша,1,0.03409478
sts,rus_Cyrl,2192,ный,2,0.06818957
sts,rus_Cyrl,2225,ст,1,0.03409478
sts,rus_Cyrl,2233,ная,1,0.03409478
sts,rus_Cyrl,2257,са,1,0.03409478
sts,rus_Cyrl,2262,▁пред,2,0.06818957
sts,rus_Cyrl,2294,▁бы,5,0.17047392
sts,rus_Cyrl,2303,би,1,0.03409478
sts,rus_Cyrl,2318,О,1,0.03409478
sts,rus_Cyrl,2325,во,1,0.03409478
sts,rus_Cyrl,2374,па,1,0.03409478
sts,rus_Cyrl,2429,▁П,1,0.03409478
sts,rus_Cyrl,2454,ться,8,0.27275827
sts,rus_Cyrl,2485,16,3,0.10228435
sts,rus_Cyrl,2489,17,2,0.06818957
sts,rus_Cyrl,2493,ним,1,0.03409478
sts,rus_Cyrl,2519,ей,2,0.06818957
sts,rus_Cyrl,2530,▁только,4,0.13637913
sts,rus_Cyrl,2557,ин,2,0.06818957
sts,rus_Cyrl,2562,дар,2,0.06818957
sts,rus_Cyrl,2574,▁того,1,0.03409478
sts,rus_Cyrl,2578,▁Е,7,0.23866348
sts,rus_Cyrl,2582,ден,7,0.23866348
sts,rus_Cyrl,2660,▁том,4,0.13637913
sts,rus_Cyrl,2681,13,1,0.03409478
sts,rus_Cyrl,2687,се,1,0.03409478
sts,rus_Cyrl,2696,▁если,4,0.13637913
sts,rus_Cyrl,2697,ков,5,0.17047392
sts,rus_Cyrl,2699,▁года,2,0.06818957
sts,rus_Cyrl,2707,▁час,1,0.03409478
sts,rus_Cyrl,2715,ие,3,0.10228435
sts,rus_Cyrl,2732,▁она,9,0.30685305
sts,rus_Cyrl,2790,▁него,1,0.03409478
sts,rus_Cyrl,2792,▁они,1,0.03409478
sts,rus_Cyrl,2842,▁Во,1,0.03409478
sts,rus_Cyrl,2946,ова,2,0.06818957
sts,rus_Cyrl,2947,19,1,0.03409478
sts,rus_Cyrl,2958,ых,1,0.03409478
sts,rus_Cyrl,2984,▁можно,2,0.06818957
sts,rus_Cyrl,3007,си,1,0.03409478
sts,rus_Cyrl,3077,▁чтобы,2,0.06818957
sts,rus_Cyrl,3107,или,2,0.06818957
sts,rus_Cyrl,3117,21,1,0.03409478
sts,rus_Cyrl,3150,▁может,6,0.20456870
sts,rus_Cyrl,3216,▁уже,2,0.06818957
sts,rus_Cyrl,3280,ство,2,0.06818957
sts,rus_Cyrl,3318,▁будет,6,0.20456870
sts,rus_Cyrl,3410,ить,2,0.06818957
sts,rus_Cyrl,3429,ре,1,0.03409478
sts,rus_Cyrl,3433,▁рас,2,0.06818957
sts,rus_Cyrl,3516,же,2,0.06818957
sts,rus_Cyrl,3577,▁бо,2,0.06818957
sts,rus_Cyrl,3651,▁себе,2,0.06818957
sts,rus_Cyrl,3699,▁время,6,0.20456870
sts,rus_Cyrl,3707,▁п,1,0.03409478
sts,rus_Cyrl,3709,▁просто,3,0.10228435
sts,rus_Cyrl,3732,▁право,1,0.03409478
sts,rus_Cyrl,3735,жа,1,0.03409478
sts,rus_Cyrl,3738,▁после,1,0.03409478
sts,rus_Cyrl,3743,▁Из,2,0.06818957
sts,rus_Cyrl,3753,▁Ал,2,0.06818957
sts,rus_Cyrl,3806,вер,2,0.06818957
sts,rus_Cyrl,3821,▁той,1,0.03409478
sts,rus_Cyrl,3837,▁которые,5,0.17047392
sts,rus_Cyrl,3858,▁От,1,0.03409478
sts,rus_Cyrl,3882,28,2,0.06818957
sts,rus_Cyrl,3907,ак,2,0.06818957
sts,rus_Cyrl,3920,▁этом,4,0.13637913
sts,rus_Cyrl,3928,▁ме,2,0.06818957
sts,rus_Cyrl,4015,22,1,0.03409478
sts,rus_Cyrl,4018,ый,1,0.03409478
sts,rus_Cyrl,4056,▁Со,4,0.13637913
sts,rus_Cyrl,4184,ер,1,0.03409478
sts,rus_Cyrl,4222,▁когда,2,0.06818957
sts,rus_Cyrl,4281,ком,2,0.06818957
sts,rus_Cyrl,4354,ется,5,0.17047392
sts,rus_Cyrl,4387,▁был,1,0.03409478
sts,rus_Cyrl,4469,он,1,0.03409478
sts,rus_Cyrl,4476,▁лет,2,0.06818957
sts,rus_Cyrl,4531,▁Он,1,0.03409478
sts,rus_Cyrl,4558,цы,2,0.06818957
sts,rus_Cyrl,4572,▁48,1,0.03409478
sts,rus_Cyrl,4619,▁Это,2,0.06818957
sts,rus_Cyrl,4628,ете,1,0.03409478
sts,rus_Cyrl,4641,▁ее,7,0.23866348
sts,rus_Cyrl,4653,ща,1,0.03409478
sts,rus_Cyrl,4669,▁37,1,0.03409478
sts,rus_Cyrl,4682,бы,1,0.03409478
sts,rus_Cyrl,4684,ют,7,0.23866348
sts,rus_Cyrl,4737,▁д,1,0.03409478
sts,rus_Cyrl,4768,▁еще,2,0.06818957
sts,rus_Cyrl,4805,▁Если,2,0.06818957
sts,rus_Cyrl,4851,▁где,1,0.03409478
sts,rus_Cyrl,4946,▁Так,2,0.06818957
sts,rus_Cyrl,4947,ход,2,0.06818957
sts,rus_Cyrl,4987,▁была,4,0.13637913
sts,rus_Cyrl,5058,▁также,6,0.20456870
sts,rus_Cyrl,5089,Л,1,0.03409478
sts,rus_Cyrl,5138,▁более,2,0.06818957
sts,rus_Cyrl,5187,▁Как,3,0.10228435
sts,rus_Cyrl,5188,▁Об,3,0.10228435
sts,rus_Cyrl,5308,▁них,1,0.03409478
sts,rus_Cyrl,5328,▁народ,1,0.03409478
sts,rus_Cyrl,5509,ное,1,0.03409478
sts,rus_Cyrl,5532,▁год,2,0.06818957
sts,rus_Cyrl,5560,▁Ре,1,0.03409478
sts,rus_Cyrl,5712,▁даже,3,0.10228435
sts,rus_Cyrl,5719,ит,2,0.06818957
sts,rus_Cyrl,5785,▁через,2,0.06818957
sts,rus_Cyrl,5840,Ф,1,0.03409478
sts,rus_Cyrl,5902,ской,6,0.20456870
sts,rus_Cyrl,5930,нов,2,0.06818957
sts,rus_Cyrl,5999,▁прав,1,0.03409478
sts,rus_Cyrl,6103,ние,1,0.03409478
sts,rus_Cyrl,6171,▁нет,1,0.03409478
sts,rus_Cyrl,6194,ному,2,0.06818957
sts,rus_Cyrl,6304,▁себя,1,0.03409478
sts,rus_Cyrl,6314,▁план,3,0.10228435
sts,rus_Cyrl,6365,▁день,2,0.06818957
sts,rus_Cyrl,6467,ными,3,0.10228435
sts,rus_Cyrl,6529,▁19.,1,0.03409478
sts,rus_Cyrl,6632,:00,1,0.03409478
sts,rus_Cyrl,6826,▁людей,3,0.10228435
sts,rus_Cyrl,6860,▁игра,1,0.03409478
sts,rus_Cyrl,6878,лись,4,0.13637913
sts,rus_Cyrl,6880,ила,1,0.03409478
sts,rus_Cyrl,6891,▁Се,1,0.03409478
sts,rus_Cyrl,6905,Ц,1,0.03409478
sts,rus_Cyrl,6962,▁перед,2,0.06818957
sts,rus_Cyrl,7031,лась,2,0.06818957
sts,rus_Cyrl,7044,про,1,0.03409478
sts,rus_Cyrl,7176,▁который,4,0.13637913
sts,rus_Cyrl,7246,ист,1,0.03409478
sts,rus_Cyrl,7329,▁больше,5,0.17047392
sts,rus_Cyrl,7330,лет,1,0.03409478
sts,rus_Cyrl,7613,кой,1,0.03409478
sts,rus_Cyrl,7638,▁были,3,0.10228435
sts,rus_Cyrl,7709,04,1,0.03409478
sts,rus_Cyrl,7762,▁Все,1,0.03409478
sts,rus_Cyrl,7765,ских,1,0.03409478
sts,rus_Cyrl,7774,▁кра,2,0.06818957
sts,rus_Cyrl,7787,NI,1,0.03409478
sts,rus_Cyrl,7796,▁Мы,2,0.06818957
sts,rus_Cyrl,7812,пре,1,0.03409478
sts,rus_Cyrl,7836,ала,1,0.03409478
sts,rus_Cyrl,7848,▁Ч,1,0.03409478
sts,rus_Cyrl,7886,сть,1,0.03409478
sts,rus_Cyrl,7898,ском,1,0.03409478
sts,rus_Cyrl,8007,ция,1,0.03409478
sts,rus_Cyrl,8095,▁проблем,1,0.03409478
sts,rus_Cyrl,8113,Ч,1,0.03409478
sts,rus_Cyrl,8118,▁всего,1,0.03409478
sts,rus_Cyrl,8148,▁области,2,0.06818957
sts,rus_Cyrl,8165,▁году,1,0.03409478
sts,rus_Cyrl,8244,▁CO,1,0.03409478
sts,rus_Cyrl,8270,▁момент,1,0.03409478
sts,rus_Cyrl,8568,▁России,2,0.06818957
sts,rus_Cyrl,8635,мы,3,0.10228435
sts,rus_Cyrl,8651,▁51,1,0.03409478
sts,rus_Cyrl,8664,▁ста,1,0.03409478
sts,rus_Cyrl,8741,За,1,0.03409478
sts,rus_Cyrl,8762,US,1,0.03409478
sts,rus_Cyrl,8775,▁лица,1,0.03409478
sts,rus_Cyrl,8778,вод,1,0.03409478
sts,rus_Cyrl,8802,▁свет,1,0.03409478
sts,rus_Cyrl,8811,▁спорт,1,0.03409478
sts,rus_Cyrl,8854,ация,1,0.03409478
sts,rus_Cyrl,8875,ще,1,0.03409478
sts,rus_Cyrl,8899,оз,1,0.03409478
sts,rus_Cyrl,8914,▁свою,3,0.10228435
sts,rus_Cyrl,8941,ются,2,0.06818957
sts,rus_Cyrl,9069,▁RE,1,0.03409478
sts,rus_Cyrl,9072,▁могут,1,0.03409478
sts,rus_Cyrl,9107,ос,1,0.03409478
sts,rus_Cyrl,9159,▁призна,2,0.06818957
sts,rus_Cyrl,9223,Э,1,0.03409478
sts,rus_Cyrl,9282,▁чу,1,0.03409478
sts,rus_Cyrl,9287,▁места,1,0.03409478
sts,rus_Cyrl,9296,ность,3,0.10228435
sts,rus_Cyrl,9309,▁вер,1,0.03409478
sts,rus_Cyrl,9436,▁Су,1,0.03409478
sts,rus_Cyrl,9471,▁топ,1,0.03409478
sts,rus_Cyrl,9504,▁Ра,2,0.06818957
sts,rus_Cyrl,9513,03,1,0.03409478
sts,rus_Cyrl,9542,▁люди,4,0.13637913
sts,rus_Cyrl,9553,▁кар,1,0.03409478
sts,rus_Cyrl,9561,▁человек,6,0.20456870
sts,rus_Cyrl,9647,▁могу,1,0.03409478
sts,rus_Cyrl,9648,▁онлайн,2,0.06818957
sts,rus_Cyrl,9868,▁видео,2,0.06818957
sts,rus_Cyrl,9945,пер,1,0.03409478
sts,rus_Cyrl,9977,▁других,3,0.10228435
sts,rus_Cyrl,10078,▁99,1,0.03409478
sts,rus_Cyrl,10094,▁жизни,4,0.13637913
sts,rus_Cyrl,10168,▁млн,1,0.03409478
sts,rus_Cyrl,10347,дел,1,0.03409478
sts,rus_Cyrl,10410,ик,2,0.06818957
sts,rus_Cyrl,10582,ней,1,0.03409478
sts,rus_Cyrl,10606,ними,1,0.03409478
sts,rus_Cyrl,10653,ева,1,0.03409478
sts,rus_Cyrl,10757,▁этой,2,0.06818957
sts,rus_Cyrl,10758,кар,1,0.03409478
sts,rus_Cyrl,10945,37,1,0.03409478
sts,rus_Cyrl,10951,рас,3,0.10228435
sts,rus_Cyrl,11004,▁пока,2,0.06818957
sts,rus_Cyrl,11075,▁2020,3,0.10228435
sts,rus_Cyrl,11231,ками,2,0.06818957
sts,rus_Cyrl,11452,той,1,0.03409478
sts,rus_Cyrl,11516,▁(5,1,0.03409478
sts,rus_Cyrl,11519,ации,1,0.03409478
sts,rus_Cyrl,11693,лай,2,0.06818957
sts,rus_Cyrl,11735,сты,1,0.03409478
sts,rus_Cyrl,12049,▁пример,1,0.03409478
sts,rus_Cyrl,12197,▁слова,1,0.03409478
sts,rus_Cyrl,12210,▁води,1,0.03409478
sts,rus_Cyrl,12358,▁бюджет,1,0.03409478
sts,rus_Cyrl,12386,▁Кон,1,0.03409478
sts,rus_Cyrl,12390,так,1,0.03409478
sts,rus_Cyrl,12459,▁После,1,0.03409478
sts,rus_Cyrl,12469,▁пут,1,0.03409478
sts,rus_Cyrl,12480,▁такой,3,0.10228435
sts,rus_Cyrl,12504,▁сейчас,1,0.03409478
sts,rus_Cyrl,12635,ский,1,0.03409478
sts,rus_Cyrl,12703,▁которых,2,0.06818957
sts,rus_Cyrl,12769,▁Ди,7,0.23866348
sts,rus_Cyrl,12786,▁Она,5,0.17047392
sts,rus_Cyrl,12826,▁несколько,2,0.06818957
sts,rus_Cyrl,12934,▁лише,1,0.03409478
sts,rus_Cyrl,13022,▁президент,2,0.06818957
sts,rus_Cyrl,13170,тери,4,0.13637913
sts,rus_Cyrl,13200,НИ,2,0.06818957
sts,rus_Cyrl,13237,▁свои,2,0.06818957
sts,rus_Cyrl,13271,▁ред,1,0.03409478
sts,rus_Cyrl,13287,тся,4,0.13637913
sts,rus_Cyrl,13385,▁информации,1,0.03409478
sts,rus_Cyrl,13390,след,2,0.06818957
sts,rus_Cyrl,13418,иться,1,0.03409478
sts,rus_Cyrl,13475,ое,1,0.03409478
sts,rus_Cyrl,13553,цион,2,0.06818957
sts,rus_Cyrl,13555,▁сама,1,0.03409478
sts,rus_Cyrl,13589,дор,1,0.03409478
sts,rus_Cyrl,13628,▁род,1,0.03409478
sts,rus_Cyrl,13634,▁тоже,1,0.03409478
sts,rus_Cyrl,13682,ового,1,0.03409478
sts,rus_Cyrl,13701,нии,4,0.13637913
sts,rus_Cyrl,13702,лад,1,0.03409478
sts,rus_Cyrl,13904,▁авто,3,0.10228435
sts,rus_Cyrl,13953,ать,1,0.03409478
sts,rus_Cyrl,13994,олог,1,0.03409478
sts,rus_Cyrl,14059,ично,1,0.03409478
sts,rus_Cyrl,14075,▁км,1,0.03409478
sts,rus_Cyrl,14122,лом,2,0.06818957
sts,rus_Cyrl,14159,ники,1,0.03409478
sts,rus_Cyrl,14217,▁здоров,1,0.03409478
sts,rus_Cyrl,14219,▁будут,1,0.03409478
sts,rus_Cyrl,14229,оп,1,0.03409478
sts,rus_Cyrl,14273,ез,2,0.06818957
sts,rus_Cyrl,14276,нима,1,0.03409478
sts,rus_Cyrl,14399,шен,1,0.03409478
sts,rus_Cyrl,14419,▁фото,1,0.03409478
sts,rus_Cyrl,14423,▁ново,2,0.06818957
sts,rus_Cyrl,14560,▁США,7,0.23866348
sts,rus_Cyrl,14722,▁человека,3,0.10228435
sts,rus_Cyrl,14879,▁своей,1,0.03409478
sts,rus_Cyrl,14925,▁которая,1,0.03409478
sts,rus_Cyrl,15114,мент,1,0.03409478
sts,rus_Cyrl,15115,▁стране,1,0.03409478
sts,rus_Cyrl,15119,тно,1,0.03409478
sts,rus_Cyrl,15137,тели,1,0.03409478
sts,rus_Cyrl,15279,тель,1,0.03409478
sts,rus_Cyrl,15385,▁транспорт,1,0.03409478
sts,rus_Cyrl,15420,▁ус,1,0.03409478
sts,rus_Cyrl,15782,стр,2,0.06818957
sts,rus_Cyrl,15921,▁пер,2,0.06818957
sts,rus_Cyrl,15930,▁тест,1,0.03409478
sts,rus_Cyrl,15981,▁важно,2,0.06818957
sts,rus_Cyrl,15983,▁Лу,1,0.03409478
sts,rus_Cyrl,15997,фер,1,0.03409478
sts,rus_Cyrl,16051,йки,2,0.06818957
sts,rus_Cyrl,16122,▁пост,1,0.03409478
sts,rus_Cyrl,16641,жен,2,0.06818957
sts,rus_Cyrl,16833,ировать,1,0.03409478
sts,rus_Cyrl,16838,▁сами,1,0.03409478
sts,rus_Cyrl,16846,▁почти,1,0.03409478
sts,rus_Cyrl,17097,▁болот,1,0.03409478
sts,rus_Cyrl,17181,мар,1,0.03409478
sts,rus_Cyrl,17260,нее,3,0.10228435
sts,rus_Cyrl,17316,▁образ,2,0.06818957
sts,rus_Cyrl,17347,▁предлага,1,0.03409478
sts,rus_Cyrl,17355,бан,2,0.06818957
sts,rus_Cyrl,17414,чат,1,0.03409478
sts,rus_Cyrl,17425,ления,1,0.03409478
sts,rus_Cyrl,17512,изм,1,0.03409478
sts,rus_Cyrl,17524,овых,1,0.03409478
sts,rus_Cyrl,17575,ским,1,0.03409478
sts,rus_Cyrl,17632,UT,1,0.03409478
sts,rus_Cyrl,17641,▁стол,2,0.06818957
sts,rus_Cyrl,17759,RU,1,0.03409478
sts,rus_Cyrl,17792,▁мед,1,0.03409478
sts,rus_Cyrl,17896,▁образом,1,0.03409478
sts,rus_Cyrl,17994,▁проблема,1,0.03409478
sts,rus_Cyrl,18315,▁номер,1,0.03409478
sts,rus_Cyrl,18372,ью,1,0.03409478
sts,rus_Cyrl,18528,▁жизнь,2,0.06818957
sts,rus_Cyrl,18637,▁стала,2,0.06818957
sts,rus_Cyrl,18762,чке,1,0.03409478
sts,rus_Cyrl,18846,фе,2,0.06818957
sts,rus_Cyrl,18872,▁син,1,0.03409478
sts,rus_Cyrl,18954,работ,1,0.03409478
sts,rus_Cyrl,18969,▁своих,1,0.03409478
sts,rus_Cyrl,19011,▁срок,1,0.03409478
sts,rus_Cyrl,19036,▁количество,1,0.03409478
sts,rus_Cyrl,19062,гал,1,0.03409478
sts,rus_Cyrl,19159,вор,1,0.03409478
sts,rus_Cyrl,19306,▁назад,1,0.03409478
sts,rus_Cyrl,19878,▁детей,1,0.03409478
sts,rus_Cyrl,19890,руш,1,0.03409478
sts,rus_Cyrl,20017,рус,4,0.13637913
sts,rus_Cyrl,20160,▁суб,2,0.06818957
sts,rus_Cyrl,20224,▁Президент,2,0.06818957
sts,rus_Cyrl,20292,▁НАТО,1,0.03409478
sts,rus_Cyrl,20484,▁правила,3,0.10228435
sts,rus_Cyrl,20497,▁контакт,1,0.03409478
sts,rus_Cyrl,20554,ыш,1,0.03409478
sts,rus_Cyrl,20755,▁связи,1,0.03409478
sts,rus_Cyrl,20850,▁действия,1,0.03409478
sts,rus_Cyrl,20853,▁Рас,1,0.03409478
sts,rus_Cyrl,20854,▁ле,1,0.03409478
sts,rus_Cyrl,20871,шла,1,0.03409478
sts,rus_Cyrl,20917,овой,2,0.06818957
sts,rus_Cyrl,21033,▁наступ,1,0.03409478
sts,rus_Cyrl,21069,▁тысяч,2,0.06818957
sts,rus_Cyrl,21186,▁сказать,1,0.03409478
sts,rus_Cyrl,21259,▁сил,1,0.03409478
sts,rus_Cyrl,21324,▁такого,1,0.03409478
sts,rus_Cyrl,21362,▁Вот,1,0.03409478
sts,rus_Cyrl,21452,ится,4,0.13637913
sts,rus_Cyrl,21515,▁выда,1,0.03409478
sts,rus_Cyrl,21607,▁тро,1,0.03409478
sts,rus_Cyrl,21698,изма,1,0.03409478
sts,rus_Cyrl,21726,▁прос,1,0.03409478
sts,rus_Cyrl,21758,форм,2,0.06818957
sts,rus_Cyrl,21796,▁портал,2,0.06818957
sts,rus_Cyrl,21903,ед,2,0.06818957
sts,rus_Cyrl,21967,ские,1,0.03409478
sts,rus_Cyrl,21990,енко,1,0.03409478
sts,rus_Cyrl,22326,▁качестве,1,0.03409478
sts,rus_Cyrl,22470,▁долго,2,0.06818957
sts,rus_Cyrl,22480,▁стран,1,0.03409478
sts,rus_Cyrl,22498,▁такие,2,0.06818957
sts,rus_Cyrl,22621,▁правил,2,0.06818957
sts,rus_Cyrl,22692,▁виде,2,0.06818957
sts,rus_Cyrl,22911,▁25-,1,0.03409478
sts,rus_Cyrl,23085,▁рамках,2,0.06818957
sts,rus_Cyrl,23192,▁деньги,3,0.10228435
sts,rus_Cyrl,23255,▁минут,1,0.03409478
sts,rus_Cyrl,23262,▁работу,1,0.03409478
sts,rus_Cyrl,23294,▁сегодня,1,0.03409478
sts,rus_Cyrl,23299,ает,4,0.13637913
sts,rus_Cyrl,23334,▁возможно,1,0.03409478
sts,rus_Cyrl,23506,▁одной,3,0.10228435
sts,rus_Cyrl,23590,▁равно,2,0.06818957
sts,rus_Cyrl,23633,▁стало,1,0.03409478
sts,rus_Cyrl,23793,▁выс,1,0.03409478
sts,rus_Cyrl,23877,▁случай,1,0.03409478
sts,rus_Cyrl,23981,▁зав,1,0.03409478
sts,rus_Cyrl,24010,▁таким,1,0.03409478
sts,rus_Cyrl,24074,▁блог,1,0.03409478
sts,rus_Cyrl,24214,един,2,0.06818957
sts,rus_Cyrl,24339,теля,1,0.03409478
sts,rus_Cyrl,24499,скую,1,0.03409478
sts,rus_Cyrl,24860,еше,1,0.03409478
sts,rus_Cyrl,24863,▁машин,1,0.03409478
sts,rus_Cyrl,25068,▁размер,1,0.03409478
sts,rus_Cyrl,25202,▁Когда,2,0.06818957
sts,rus_Cyrl,25254,▁стал,1,0.03409478
sts,rus_Cyrl,25300,▁ей,1,0.03409478
sts,rus_Cyrl,25337,ствен,1,0.03409478
sts,rus_Cyrl,25369,▁Поэтому,1,0.03409478
sts,rus_Cyrl,25455,цев,1,0.03409478
sts,rus_Cyrl,25485,▁ла,2,0.06818957
sts,rus_Cyrl,25510,▁течение,3,0.10228435
sts,rus_Cyrl,25514,▁среди,1,0.03409478
sts,rus_Cyrl,25805,рь,1,0.03409478
sts,rus_Cyrl,25963,теп,2,0.06818957
sts,rus_Cyrl,25977,▁тр,1,0.03409478
sts,rus_Cyrl,26012,▁анализ,1,0.03409478
sts,rus_Cyrl,26064,▁прев,1,0.03409478
sts,rus_Cyrl,26130,▁неза,1,0.03409478
sts,rus_Cyrl,26135,аг,1,0.03409478
sts,rus_Cyrl,26196,▁могли,1,0.03409478
sts,rus_Cyrl,26418,зь,1,0.03409478
sts,rus_Cyrl,26435,дет,1,0.03409478
sts,rus_Cyrl,26667,▁школе,1,0.03409478
sts,rus_Cyrl,26680,яг,1,0.03409478
sts,rus_Cyrl,26730,ников,2,0.06818957
sts,rus_Cyrl,27027,▁Интернет,3,0.10228435
sts,rus_Cyrl,27091,▁дней,1,0.03409478
sts,rus_Cyrl,27135,▁состав,1,0.03409478
sts,rus_Cyrl,27183,ление,2,0.06818957
sts,rus_Cyrl,27224,овать,2,0.06818957
sts,rus_Cyrl,27275,▁млрд,2,0.06818957
sts,rus_Cyrl,27285,зор,1,0.03409478
sts,rus_Cyrl,27525,гай,1,0.03409478
sts,rus_Cyrl,27595,▁эту,1,0.03409478
sts,rus_Cyrl,27910,▁Путин,1,0.03409478
sts,rus_Cyrl,27984,▁регион,1,0.03409478
sts,rus_Cyrl,27988,гло,1,0.03409478
sts,rus_Cyrl,28008,овые,3,0.10228435
sts,rus_Cyrl,28283,▁тыс,1,0.03409478
sts,rus_Cyrl,28335,▁ними,1,0.03409478
sts,rus_Cyrl,28403,▁рублей,5,0.17047392
sts,rus_Cyrl,28651,дне,1,0.03409478
sts,rus_Cyrl,28671,ливо,1,0.03409478
sts,rus_Cyrl,28727,▁цен,1,0.03409478
sts,rus_Cyrl,28832,ирован,1,0.03409478
sts,rus_Cyrl,29054,▁психолог,1,0.03409478
sts,rus_Cyrl,29325,хай,1,0.03409478
sts,rus_Cyrl,29412,ических,1,0.03409478
sts,rus_Cyrl,29477,▁развива,2,0.06818957
sts,rus_Cyrl,29717,крат,1,0.03409478
sts,rus_Cyrl,29725,▁которого,1,0.03409478
sts,rus_Cyrl,29744,▁город,1,0.03409478
sts,rus_Cyrl,29751,телей,2,0.06818957
sts,rus_Cyrl,29933,стве,1,0.03409478
sts,rus_Cyrl,30197,:34,1,0.03409478
sts,rus_Cyrl,30220,▁норм,1,0.03409478
sts,rus_Cyrl,30236,▁использовать,1,0.03409478
sts,rus_Cyrl,30296,▁страны,1,0.03409478
sts,rus_Cyrl,30299,▁крас,1,0.03409478
sts,rus_Cyrl,30300,▁муж,1,0.03409478
sts,rus_Cyrl,30343,ходить,2,0.06818957
sts,rus_Cyrl,30462,дем,2,0.06818957
sts,rus_Cyrl,30665,▁Много,1,0.03409478
sts,rus_Cyrl,30744,▁Зем,1,0.03409478
sts,rus_Cyrl,30762,▁компьютер,1,0.03409478
sts,rus_Cyrl,31096,▁реа,1,0.03409478
sts,rus_Cyrl,31104,▁быстро,1,0.03409478
sts,rus_Cyrl,31194,▁шанс,1,0.03409478
sts,rus_Cyrl,31465,▁Шта,2,0.06818957
sts,rus_Cyrl,31482,▁часов,3,0.10228435
sts,rus_Cyrl,31825,ической,2,0.06818957
sts,rus_Cyrl,31893,▁спас,1,0.03409478
sts,rus_Cyrl,32177,▁сигнал,2,0.06818957
sts,rus_Cyrl,32366,▁нее,2,0.06818957
sts,rus_Cyrl,32739,▁новых,1,0.03409478
sts,rus_Cyrl,33070,топ,1,0.03409478
sts,rus_Cyrl,33314,сло,1,0.03409478
sts,rus_Cyrl,33317,▁Ново,1,0.03409478
sts,rus_Cyrl,33364,дут,1,0.03409478
sts,rus_Cyrl,33372,▁нового,1,0.03409478
sts,rus_Cyrl,33473,▁Нет,3,0.10228435
sts,rus_Cyrl,33711,▁страда,3,0.10228435
sts,rus_Cyrl,33739,▁определен,1,0.03409478
sts,rus_Cyrl,33846,▁начала,1,0.03409478
sts,rus_Cyrl,33969,▁силу,1,0.03409478
sts,rus_Cyrl,33981,▁сайте,1,0.03409478
sts,rus_Cyrl,34295,▁уж,1,0.03409478
sts,rus_Cyrl,34539,:39,1,0.03409478
sts,rus_Cyrl,34597,▁лиц,1,0.03409478
sts,rus_Cyrl,34600,▁Таким,1,0.03409478
sts,rus_Cyrl,34622,▁помощью,1,0.03409478
sts,rus_Cyrl,34800,▁протест,1,0.03409478
sts,rus_Cyrl,34900,ьных,1,0.03409478
sts,rus_Cyrl,34927,▁температура,2,0.06818957
sts,rus_Cyrl,35049,шат,1,0.03409478
sts,rus_Cyrl,35185,▁марта,2,0.06818957
sts,rus_Cyrl,35333,полн,1,0.03409478
sts,rus_Cyrl,35343,▁боль,1,0.03409478
sts,rus_Cyrl,35391,▁моя,1,0.03409478
sts,rus_Cyrl,35421,▁раб,1,0.03409478
sts,rus_Cyrl,35682,иг,1,0.03409478
sts,rus_Cyrl,35853,▁автомобил,1,0.03409478
sts,rus_Cyrl,35908,▁Ос,1,0.03409478
sts,rus_Cyrl,36084,▁190,1,0.03409478
sts,rus_Cyrl,36274,ирование,1,0.03409478
sts,rus_Cyrl,36553,▁бед,1,0.03409478
sts,rus_Cyrl,36792,сад,3,0.10228435
sts,rus_Cyrl,36984,▁Мон,1,0.03409478
sts,rus_Cyrl,36987,▁оба,1,0.03409478
sts,rus_Cyrl,37151,-03-,1,0.03409478
sts,rus_Cyrl,37156,▁север,1,0.03409478
sts,rus_Cyrl,37495,ость,1,0.03409478
sts,rus_Cyrl,37584,▁любой,1,0.03409478
sts,rus_Cyrl,37764,▁прив,1,0.03409478
sts,rus_Cyrl,37793,▁выход,1,0.03409478
sts,rus_Cyrl,37821,▁горе,2,0.06818957
sts,rus_Cyrl,37841,▁мин,1,0.03409478
sts,rus_Cyrl,38080,пуска,1,0.03409478
sts,rus_Cyrl,38219,▁машина,1,0.03409478
sts,rus_Cyrl,38252,▁Трамп,2,0.06818957
sts,rus_Cyrl,38565,▁тепло,2,0.06818957
sts,rus_Cyrl,38608,▁миллион,1,0.03409478
sts,rus_Cyrl,38626,▁многие,1,0.03409478
sts,rus_Cyrl,38834,▁План,1,0.03409478
sts,rus_Cyrl,39218,▁работать,2,0.06818957
sts,rus_Cyrl,39255,ического,1,0.03409478
sts,rus_Cyrl,39548,пры,1,0.03409478
sts,rus_Cyrl,39595,▁самым,1,0.03409478
sts,rus_Cyrl,40094,▁мнение,2,0.06818957
sts,rus_Cyrl,40342,енные,4,0.13637913
sts,rus_Cyrl,40473,▁которую,1,0.03409478
sts,rus_Cyrl,40687,▁помощи,4,0.13637913
sts,rus_Cyrl,40748,ницу,1,0.03409478
sts,rus_Cyrl,40841,▁совершенно,1,0.03409478
sts,rus_Cyrl,41034,▁Например,1,0.03409478
sts,rus_Cyrl,41096,АН,2,0.06818957
sts,rus_Cyrl,41111,▁обл,1,0.03409478
sts,rus_Cyrl,41145,▁модели,1,0.03409478
sts,rus_Cyrl,41534,хим,1,0.03409478
sts,rus_Cyrl,41620,▁тело,1,0.03409478
sts,rus_Cyrl,41858,Ви,2,0.06818957
sts,rus_Cyrl,42469,▁слишком,1,0.03409478
sts,rus_Cyrl,42754,анти,1,0.03409478
sts,rus_Cyrl,43282,▁справи,2,0.06818957
sts,rus_Cyrl,43398,▁Ги,1,0.03409478
sts,rus_Cyrl,43460,ась,1,0.03409478
sts,rus_Cyrl,44301,НД,1,0.03409478
sts,rus_Cyrl,44341,министр,1,0.03409478
sts,rus_Cyrl,44664,▁запад,2,0.06818957
sts,rus_Cyrl,44806,кого,2,0.06818957
sts,rus_Cyrl,44949,били,1,0.03409478
sts,rus_Cyrl,45105,▁вступ,1,0.03409478
sts,rus_Cyrl,45306,ание,1,0.03409478
sts,rus_Cyrl,45403,▁число,1,0.03409478
sts,rus_Cyrl,45404,▁прогноз,1,0.03409478
sts,rus_Cyrl,45472,▁Украины,1,0.03409478
sts,rus_Cyrl,45540,ьная,1,0.03409478
sts,rus_Cyrl,45666,▁месяц,3,0.10228435
sts,rus_Cyrl,45697,▁американ,2,0.06818957
sts,rus_Cyrl,45781,ывать,1,0.03409478
sts,rus_Cyrl,45844,джи,2,0.06818957
sts,rus_Cyrl,45943,дели,1,0.03409478
sts,rus_Cyrl,46360,▁половина,1,0.03409478
sts,rus_Cyrl,46478,овая,1,0.03409478
sts,rus_Cyrl,46528,▁тон,1,0.03409478
sts,rus_Cyrl,46627,▁находится,1,0.03409478
sts,rus_Cyrl,46896,▁измени,3,0.10228435
sts,rus_Cyrl,47137,▁немного,1,0.03409478
sts,rus_Cyrl,47194,тики,1,0.03409478
sts,rus_Cyrl,47435,▁группы,1,0.03409478
sts,rus_Cyrl,47764,▁звук,1,0.03409478
sts,rus_Cyrl,48002,▁Тро,1,0.03409478
sts,rus_Cyrl,48034,ложи,2,0.06818957
sts,rus_Cyrl,48874,орон,1,0.03409478
sts,rus_Cyrl,49006,▁стих,1,0.03409478
sts,rus_Cyrl,49250,▁специально,1,0.03409478
sts,rus_Cyrl,49266,вела,1,0.03409478
sts,rus_Cyrl,49742,▁стану,1,0.03409478
sts,rus_Cyrl,49865,▁прояв,1,0.03409478
sts,rus_Cyrl,49991,▁псих,1,0.03409478
sts,rus_Cyrl,50084,▁конкурент,1,0.03409478
sts,rus_Cyrl,50088,▁продолжи,1,0.03409478
sts,rus_Cyrl,50560,альный,1,0.03409478
sts,rus_Cyrl,50606,грам,1,0.03409478
sts,rus_Cyrl,50671,▁проведения,1,0.03409478
sts,rus_Cyrl,50969,▁сложно,1,0.03409478
sts,rus_Cyrl,51009,▁идет,2,0.06818957
sts,rus_Cyrl,51099,▁трав,2,0.06818957
sts,rus_Cyrl,51231,▁зависимости,6,0.20456870
sts,rus_Cyrl,51240,кому,1,0.03409478
sts,rus_Cyrl,51249,▁Его,2,0.06818957
sts,rus_Cyrl,51410,▁кораб,1,0.03409478
sts,rus_Cyrl,51456,▁траг,2,0.06818957
sts,rus_Cyrl,51535,▁лаборатор,2,0.06818957
sts,rus_Cyrl,51562,▁сфере,1,0.03409478
sts,rus_Cyrl,51682,▁месяцев,1,0.03409478
sts,rus_Cyrl,52218,▁жертв,1,0.03409478
sts,rus_Cyrl,52516,шей,1,0.03409478
sts,rus_Cyrl,52784,МС,2,0.06818957
sts,rus_Cyrl,52829,явление,1,0.03409478
sts,rus_Cyrl,53094,▁четвер,1,0.03409478
sts,rus_Cyrl,53193,▁зависит,1,0.03409478
sts,rus_Cyrl,53446,▁техник,1,0.03409478
sts,rus_Cyrl,53871,ировал,5,0.17047392
sts,rus_Cyrl,53940,спект,1,0.03409478
sts,rus_Cyrl,54039,▁органов,1,0.03409478
sts,rus_Cyrl,54058,▁масс,1,0.03409478
sts,rus_Cyrl,54221,ствие,1,0.03409478
sts,rus_Cyrl,54441,▁пят,2,0.06818957
sts,rus_Cyrl,54486,▁подпис,4,0.13637913
sts,rus_Cyrl,54671,фици,1,0.03409478
sts,rus_Cyrl,54699,▁остана,1,0.03409478
sts,rus_Cyrl,54722,▁Есть,1,0.03409478
sts,rus_Cyrl,54982,▁наблюда,1,0.03409478
sts,rus_Cyrl,55299,раст,1,0.03409478
sts,rus_Cyrl,55438,▁Может,1,0.03409478
sts,rus_Cyrl,55792,сот,1,0.03409478
sts,rus_Cyrl,55799,УМ,1,0.03409478
sts,rus_Cyrl,55936,5°,1,0.03409478
sts,rus_Cyrl,56032,▁видите,1,0.03409478
sts,rus_Cyrl,56110,▁Юр,1,0.03409478
sts,rus_Cyrl,56119,▁Фото,1,0.03409478
sts,rus_Cyrl,56279,ены,1,0.03409478
sts,rus_Cyrl,56370,Ку,2,0.06818957
sts,rus_Cyrl,56505,больш,1,0.03409478
sts,rus_Cyrl,56533,гро,1,0.03409478
sts,rus_Cyrl,56583,▁дети,1,0.03409478
sts,rus_Cyrl,56614,▁штраф,1,0.03409478
sts,rus_Cyrl,56696,▁хай,3,0.10228435
sts,rus_Cyrl,56800,▁родители,2,0.06818957
sts,rus_Cyrl,56894,меча,2,0.06818957
sts,rus_Cyrl,57157,▁+1,1,0.03409478
sts,rus_Cyrl,57196,▁знает,1,0.03409478
sts,rus_Cyrl,57208,▁движения,6,0.20456870
sts,rus_Cyrl,57231,▁противо,1,0.03409478
sts,rus_Cyrl,57283,▁обрати,1,0.03409478
sts,rus_Cyrl,57443,▁месяца,1,0.03409478
sts,rus_Cyrl,57626,"1,5",1,0.03409478
sts,rus_Cyrl,57707,▁существует,1,0.03409478
sts,rus_Cyrl,57980,ывает,2,0.06818957
sts,rus_Cyrl,58028,▁личност,2,0.06818957
sts,rus_Cyrl,58127,▁Хотя,1,0.03409478
sts,rus_Cyrl,58703,бру,1,0.03409478
sts,rus_Cyrl,58768,▁спец,1,0.03409478
sts,rus_Cyrl,59119,▁некоторых,1,0.03409478
sts,rus_Cyrl,59153,▁пола,1,0.03409478
sts,rus_Cyrl,59497,▁идеал,1,0.03409478
sts,rus_Cyrl,59585,щение,1,0.03409478
sts,rus_Cyrl,59637,енных,1,0.03409478
sts,rus_Cyrl,60115,▁октября,1,0.03409478
sts,rus_Cyrl,60229,▁составляет,1,0.03409478
sts,rus_Cyrl,60303,ование,1,0.03409478
sts,rus_Cyrl,60399,терин,3,0.10228435
sts,rus_Cyrl,60483,▁выступ,1,0.03409478
sts,rus_Cyrl,60548,▁жить,2,0.06818957
sts,rus_Cyrl,60637,▁эп,1,0.03409478
sts,rus_Cyrl,60700,вис,1,0.03409478
sts,rus_Cyrl,60769,тельной,1,0.03409478
sts,rus_Cyrl,61295,▁ракет,3,0.10228435
sts,rus_Cyrl,61729,▁Сейчас,1,0.03409478
sts,rus_Cyrl,61986,▁Кат,1,0.03409478
sts,rus_Cyrl,62008,▁штат,1,0.03409478
sts,rus_Cyrl,62422,▁офис,1,0.03409478
sts,rus_Cyrl,62701,▁общем,1,0.03409478
sts,rus_Cyrl,63111,▁обеща,1,0.03409478
sts,rus_Cyrl,63133,▁дороги,1,0.03409478
sts,rus_Cyrl,63175,ERS,1,0.03409478
sts,rus_Cyrl,63283,▁специалист,3,0.10228435
sts,rus_Cyrl,63314,▁скорее,1,0.03409478
sts,rus_Cyrl,63354,итель,1,0.03409478
sts,rus_Cyrl,63545,пле,1,0.03409478
sts,rus_Cyrl,63671,вших,2,0.06818957
sts,rus_Cyrl,63889,▁новый,1,0.03409478
sts,rus_Cyrl,63892,еры,1,0.03409478
sts,rus_Cyrl,63922,▁требования,1,0.03409478
sts,rus_Cyrl,64055,▁теме,1,0.03409478
sts,rus_Cyrl,64107,▁значительно,1,0.03409478
sts,rus_Cyrl,64230,▁Вашингтон,2,0.06818957
sts,rus_Cyrl,64371,▁2021,1,0.03409478
sts,rus_Cyrl,64388,▁полно,1,0.03409478
sts,rus_Cyrl,64923,▁Возможно,1,0.03409478
sts,rus_Cyrl,64946,▁вирус,1,0.03409478
sts,rus_Cyrl,65095,▁Почему,1,0.03409478
sts,rus_Cyrl,65314,ическое,1,0.03409478
sts,rus_Cyrl,65796,ывается,1,0.03409478
sts,rus_Cyrl,65960,▁Михаил,1,0.03409478
sts,rus_Cyrl,66049,▁ожи,1,0.03409478
sts,rus_Cyrl,66386,▁людьми,1,0.03409478
sts,rus_Cyrl,66505,деле,1,0.03409478
sts,rus_Cyrl,66557,▁близки,2,0.06818957
sts,rus_Cyrl,66689,▁словам,1,0.03409478
sts,rus_Cyrl,66699,▁финансов,1,0.03409478
sts,rus_Cyrl,66794,▁Вол,4,0.13637913
sts,rus_Cyrl,67252,▁хотела,1,0.03409478
sts,rus_Cyrl,67506,▁зависи,3,0.10228435
sts,rus_Cyrl,67836,▁зарплат,1,0.03409478
sts,rus_Cyrl,68146,ования,1,0.03409478
sts,rus_Cyrl,68439,▁склон,1,0.03409478
sts,rus_Cyrl,68849,▁состоянии,1,0.03409478
sts,rus_Cyrl,68888,ушка,1,0.03409478
sts,rus_Cyrl,69088,овый,1,0.03409478
sts,rus_Cyrl,69357,▁Хор,1,0.03409478
sts,rus_Cyrl,69595,▁дорож,1,0.03409478
sts,rus_Cyrl,69695,▁станет,1,0.03409478
sts,rus_Cyrl,70438,▁намер,1,0.03409478
sts,rus_Cyrl,70566,уст,1,0.03409478
sts,rus_Cyrl,70788,▁салон,1,0.03409478
sts,rus_Cyrl,70847,нюю,1,0.03409478
sts,rus_Cyrl,70875,▁инс,1,0.03409478
sts,rus_Cyrl,71302,▁действий,1,0.03409478
sts,rus_Cyrl,71314,▁бюджета,1,0.03409478
sts,rus_Cyrl,71428,положен,2,0.06818957
sts,rus_Cyrl,71566,года,2,0.06818957
sts,rus_Cyrl,71660,дают,1,0.03409478
sts,rus_Cyrl,71680,▁градус,3,0.10228435
sts,rus_Cyrl,72132,благодар,1,0.03409478
sts,rus_Cyrl,72142,▁апреля,4,0.13637913
sts,rus_Cyrl,72192,шение,1,0.03409478
sts,rus_Cyrl,72337,▁последние,1,0.03409478
sts,rus_Cyrl,72365,временно,1,0.03409478
sts,rus_Cyrl,72677,▁мечта,1,0.03409478
sts,rus_Cyrl,72737,▁KP,1,0.03409478
sts,rus_Cyrl,72987,ируют,2,0.06818957
sts,rus_Cyrl,73044,енный,1,0.03409478
sts,rus_Cyrl,73283,▁автомобили,1,0.03409478
sts,rus_Cyrl,73611,▁текста,1,0.03409478
sts,rus_Cyrl,73640,▁аудитор,5,0.17047392
sts,rus_Cyrl,74116,VID,1,0.03409478
sts,rus_Cyrl,74418,▁версия,1,0.03409478
sts,rus_Cyrl,74599,▁мг,2,0.06818957
sts,rus_Cyrl,75390,▁глу,1,0.03409478
sts,rus_Cyrl,75533,▁CNN,1,0.03409478
sts,rus_Cyrl,75541,▁пять,1,0.03409478
sts,rus_Cyrl,75586,▁создания,1,0.03409478
sts,rus_Cyrl,76360,▁включи,1,0.03409478
sts,rus_Cyrl,76424,▁автомобиль,1,0.03409478
sts,rus_Cyrl,76989,▁какое,2,0.06818957
sts,rus_Cyrl,77224,кво,1,0.03409478
sts,rus_Cyrl,77390,▁основании,1,0.03409478
sts,rus_Cyrl,77402,▁стреми,1,0.03409478
sts,rus_Cyrl,77828,▁настоящее,1,0.03409478
sts,rus_Cyrl,77881,иц,1,0.03409478
sts,rus_Cyrl,78029,руша,1,0.03409478
sts,rus_Cyrl,78440,▁клин,2,0.06818957
sts,rus_Cyrl,78467,▁связан,1,0.03409478
sts,rus_Cyrl,79171,▁пресс,1,0.03409478
sts,rus_Cyrl,79311,хал,1,0.03409478
sts,rus_Cyrl,79523,▁нарушения,1,0.03409478
sts,rus_Cyrl,79613,СТО,1,0.03409478
sts,rus_Cyrl,79615,▁Еще,1,0.03409478
sts,rus_Cyrl,79696,овал,1,0.03409478
sts,rus_Cyrl,80649,▁действу,2,0.06818957
sts,rus_Cyrl,80721,▁меры,1,0.03409478
sts,rus_Cyrl,80804,ницы,2,0.06818957
sts,rus_Cyrl,80886,много,1,0.03409478
sts,rus_Cyrl,80894,▁ранее,1,0.03409478
sts,rus_Cyrl,81024,▁Люди,1,0.03409478
sts,rus_Cyrl,81250,▁удалось,1,0.03409478
sts,rus_Cyrl,81540,держать,1,0.03409478
sts,rus_Cyrl,81939,▁женщины,1,0.03409478
sts,rus_Cyrl,81966,▁гроз,1,0.03409478
sts,rus_Cyrl,81998,писали,1,0.03409478
sts,rus_Cyrl,82178,▁социальной,2,0.06818957
sts,rus_Cyrl,82246,ваться,1,0.03409478
sts,rus_Cyrl,82363,▁позволя,1,0.03409478
sts,rus_Cyrl,82487,▁умер,1,0.03409478
sts,rus_Cyrl,82626,ави,4,0.13637913
sts,rus_Cyrl,82684,▁получа,1,0.03409478
sts,rus_Cyrl,82860,рабат,2,0.06818957
sts,rus_Cyrl,82871,▁далее,1,0.03409478
sts,rus_Cyrl,82875,▁случаев,1,0.03409478
sts,rus_Cyrl,82984,▁подели,2,0.06818957
sts,rus_Cyrl,83198,строить,1,0.03409478
sts,rus_Cyrl,83694,▁заявил,1,0.03409478
sts,rus_Cyrl,83772,▁исследования,1,0.03409478
sts,rus_Cyrl,84197,алтай,1,0.03409478
sts,rus_Cyrl,84242,▁рождения,1,0.03409478
sts,rus_Cyrl,84926,▁долларов,2,0.06818957
sts,rus_Cyrl,85251,енного,2,0.06818957
sts,rus_Cyrl,85280,шего,2,0.06818957
sts,rus_Cyrl,85645,▁военно,1,0.03409478
sts,rus_Cyrl,85716,▁бывает,2,0.06818957
sts,rus_Cyrl,85896,ствовать,1,0.03409478
sts,rus_Cyrl,86222,ивает,2,0.06818957
sts,rus_Cyrl,87011,▁осозна,1,0.03409478
sts,rus_Cyrl,87114,▁администр,1,0.03409478
sts,rus_Cyrl,87430,▁Новы,1,0.03409478
sts,rus_Cyrl,87528,▁замет,1,0.03409478
sts,rus_Cyrl,87831,▁скры,1,0.03409478
sts,rus_Cyrl,88577,Прав,1,0.03409478
sts,rus_Cyrl,88691,сети,3,0.10228435
sts,rus_Cyrl,88825,▁ребенок,1,0.03409478
sts,rus_Cyrl,88897,ивается,1,0.03409478
sts,rus_Cyrl,89209,▁Дев,1,0.03409478
sts,rus_Cyrl,89241,пить,1,0.03409478
sts,rus_Cyrl,89404,▁стек,1,0.03409478
sts,rus_Cyrl,89476,▁произошло,1,0.03409478
sts,rus_Cyrl,90229,▁погиб,3,0.10228435
sts,rus_Cyrl,90343,▁одобрен,2,0.06818957
sts,rus_Cyrl,90569,вшего,1,0.03409478
sts,rus_Cyrl,90811,лиц,1,0.03409478
sts,rus_Cyrl,90890,▁мероприятий,1,0.03409478
sts,rus_Cyrl,90947,лове,1,0.03409478
sts,rus_Cyrl,91188,ением,1,0.03409478
sts,rus_Cyrl,91237,▁Старо,1,0.03409478
sts,rus_Cyrl,91263,▁усили,1,0.03409478
sts,rus_Cyrl,91660,▁приходится,1,0.03409478
sts,rus_Cyrl,91821,▁встреч,3,0.10228435
sts,rus_Cyrl,92197,▁спрос,1,0.03409478
sts,rus_Cyrl,92261,иков,1,0.03409478
sts,rus_Cyrl,92740,дки,1,0.03409478
sts,rus_Cyrl,92881,▁сможет,2,0.06818957
sts,rus_Cyrl,92883,писи,1,0.03409478
sts,rus_Cyrl,93053,▁улице,1,0.03409478
sts,rus_Cyrl,93502,▁использование,1,0.03409478
sts,rus_Cyrl,93976,▁груз,1,0.03409478
sts,rus_Cyrl,94078,льд,1,0.03409478
sts,rus_Cyrl,94254,НИК,1,0.03409478
sts,rus_Cyrl,94316,трудни,1,0.03409478
sts,rus_Cyrl,94495,▁проверка,1,0.03409478
sts,rus_Cyrl,94983,▁сравни,2,0.06818957
sts,rus_Cyrl,95076,▁ответственность,1,0.03409478
sts,rus_Cyrl,95320,▁понимает,2,0.06818957
sts,rus_Cyrl,95495,альной,1,0.03409478
sts,rus_Cyrl,96357,нор,1,0.03409478
sts,rus_Cyrl,96565,▁Европы,2,0.06818957
sts,rus_Cyrl,96961,▁Одно,1,0.03409478
sts,rus_Cyrl,97007,▁Валентин,1,0.03409478
sts,rus_Cyrl,97082,▁самому,1,0.03409478
sts,rus_Cyrl,97093,▁темп,1,0.03409478
sts,rus_Cyrl,97280,▁скорост,1,0.03409478
sts,rus_Cyrl,97390,▁всему,1,0.03409478
sts,rus_Cyrl,97737,одно,1,0.03409478
sts,rus_Cyrl,97748,▁миру,1,0.03409478
sts,rus_Cyrl,97875,▁спаси,1,0.03409478
sts,rus_Cyrl,98090,▁определить,1,0.03409478
sts,rus_Cyrl,98563,▁находи,2,0.06818957
sts,rus_Cyrl,98810,▁итоге,1,0.03409478
sts,rus_Cyrl,98965,▁Согласно,1,0.03409478
sts,rus_Cyrl,99992,▁исте,1,0.03409478
sts,rus_Cyrl,100114,саж,1,0.03409478
sts,rus_Cyrl,100600,▁характера,1,0.03409478
sts,rus_Cyrl,100895,ировали,1,0.03409478
sts,rus_Cyrl,100971,дикт,1,0.03409478
sts,rus_Cyrl,101142,подозр,1,0.03409478
sts,rus_Cyrl,101253,щее,1,0.03409478
sts,rus_Cyrl,101408,▁Многие,1,0.03409478
sts,rus_Cyrl,101734,▁поможет,1,0.03409478
sts,rus_Cyrl,102069,▁ограничи,1,0.03409478
sts,rus_Cyrl,102248,▁постепенно,1,0.03409478
sts,rus_Cyrl,102363,▁цель,1,0.03409478
sts,rus_Cyrl,102749,вл,1,0.03409478
sts,rus_Cyrl,102954,▁смерть,1,0.03409478
sts,rus_Cyrl,103222,▁своему,1,0.03409478
sts,rus_Cyrl,103403,▁типу,1,0.03409478
sts,rus_Cyrl,103886,нулся,1,0.03409478
sts,rus_Cyrl,104000,▁поддержки,2,0.06818957
sts,rus_Cyrl,104031,ляться,1,0.03409478
sts,rus_Cyrl,104127,тую,1,0.03409478
sts,rus_Cyrl,104380,▁алкогол,5,0.17047392
sts,rus_Cyrl,104650,▁распространен,1,0.03409478
sts,rus_Cyrl,104833,ыч,1,0.03409478
sts,rus_Cyrl,104939,▁целях,1,0.03409478
sts,rus_Cyrl,105311,▁социальных,1,0.03409478
sts,rus_Cyrl,105725,служба,1,0.03409478
sts,rus_Cyrl,106064,▁сообщает,2,0.06818957
sts,rus_Cyrl,106854,▁трас,1,0.03409478
sts,rus_Cyrl,107022,▁зависимост,3,0.10228435
sts,rus_Cyrl,107366,▁Наступ,1,0.03409478
sts,rus_Cyrl,107551,рика,1,0.03409478
sts,rus_Cyrl,108261,▁попада,1,0.03409478
sts,rus_Cyrl,108420,▁новости,1,0.03409478
sts,rus_Cyrl,109313,обща,1,0.03409478
sts,rus_Cyrl,109782,▁Блог,2,0.06818957
sts,rus_Cyrl,109805,▁человеком,1,0.03409478
sts,rus_Cyrl,109877,Ру,1,0.03409478
sts,rus_Cyrl,110201,ативна,1,0.03409478
sts,rus_Cyrl,110251,▁пришлось,1,0.03409478
sts,rus_Cyrl,110293,ложить,1,0.03409478
sts,rus_Cyrl,110445,▁Вод,1,0.03409478
sts,rus_Cyrl,110465,▁девушка,1,0.03409478
sts,rus_Cyrl,110468,▁находятся,1,0.03409478
sts,rus_Cyrl,110506,ъезд,1,0.03409478
sts,rus_Cyrl,110642,▁районе,1,0.03409478
sts,rus_Cyrl,110779,▁СМИ,1,0.03409478
sts,rus_Cyrl,111572,▁соц,3,0.10228435
sts,rus_Cyrl,111587,▁Украине,4,0.13637913
sts,rus_Cyrl,111591,▁достиг,1,0.03409478
sts,rus_Cyrl,111770,гиб,1,0.03409478
sts,rus_Cyrl,111785,▁желания,1,0.03409478
sts,rus_Cyrl,111795,храни,1,0.03409478
sts,rus_Cyrl,111923,▁огромна,1,0.03409478
sts,rus_Cyrl,112187,▁тихо,1,0.03409478
sts,rus_Cyrl,112740,▁термо,1,0.03409478
sts,rus_Cyrl,112768,▁настолько,1,0.03409478
sts,rus_Cyrl,113315,яли,2,0.06818957
sts,rus_Cyrl,113993,овер,1,0.03409478
sts,rus_Cyrl,114607,▁странице,1,0.03409478
sts,rus_Cyrl,115399,▁окружающ,2,0.06818957
sts,rus_Cyrl,115458,жить,2,0.06818957
sts,rus_Cyrl,115775,▁доп,1,0.03409478
sts,rus_Cyrl,115783,▁шести,1,0.03409478
sts,rus_Cyrl,116098,▁результатов,1,0.03409478
sts,rus_Cyrl,117173,▁брать,1,0.03409478
sts,rus_Cyrl,117243,осмотр,1,0.03409478
sts,rus_Cyrl,117554,▁эксперимент,1,0.03409478
sts,rus_Cyrl,117590,▁режима,1,0.03409478
sts,rus_Cyrl,117596,альную,1,0.03409478
sts,rus_Cyrl,117718,Че,1,0.03409478
sts,rus_Cyrl,117742,▁осуществ,1,0.03409478
sts,rus_Cyrl,117839,▁разрешение,1,0.03409478
sts,rus_Cyrl,118215,НЕТ,2,0.06818957
sts,rus_Cyrl,118240,эп,1,0.03409478
sts,rus_Cyrl,118572,▁прояви,1,0.03409478
sts,rus_Cyrl,118825,▁такому,1,0.03409478
sts,rus_Cyrl,118925,▁дорог,1,0.03409478
sts,rus_Cyrl,119011,▁хотят,1,0.03409478
sts,rus_Cyrl,119677,▁реакции,1,0.03409478
sts,rus_Cyrl,120606,▁центре,2,0.06818957
sts,rus_Cyrl,120617,ВД,1,0.03409478
sts,rus_Cyrl,121294,▁писать,1,0.03409478
sts,rus_Cyrl,121338,▁первые,1,0.03409478
sts,rus_Cyrl,121450,▁привод,1,0.03409478
sts,rus_Cyrl,122202,таль,1,0.03409478
sts,rus_Cyrl,122220,▁изменить,1,0.03409478
sts,rus_Cyrl,123238,▁проби,1,0.03409478
sts,rus_Cyrl,123339,▁начали,1,0.03409478
sts,rus_Cyrl,123401,▁сказали,1,0.03409478
sts,rus_Cyrl,123637,▁пишет,1,0.03409478
sts,rus_Cyrl,123807,лост,1,0.03409478
sts,rus_Cyrl,123813,обще,2,0.06818957
sts,rus_Cyrl,123954,▁ограничения,1,0.03409478
sts,rus_Cyrl,124107,▁алкоголь,1,0.03409478
sts,rus_Cyrl,124514,▁аналог,1,0.03409478
sts,rus_Cyrl,124641,▁страну,2,0.06818957
sts,rus_Cyrl,124764,▁Треб,1,0.03409478
sts,rus_Cyrl,125036,▁получать,1,0.03409478
sts,rus_Cyrl,125271,▁предложил,1,0.03409478
sts,rus_Cyrl,125704,▁схож,1,0.03409478
sts,rus_Cyrl,125867,вшихся,1,0.03409478
sts,rus_Cyrl,125970,▁введен,1,0.03409478
sts,rus_Cyrl,126138,льной,1,0.03409478
sts,rus_Cyrl,127335,▁режиме,1,0.03409478
sts,rus_Cyrl,127796,▁вооружен,1,0.03409478
sts,rus_Cyrl,128379,▁представитель,1,0.03409478
sts,rus_Cyrl,128554,▁ущерб,1,0.03409478
sts,rus_Cyrl,128628,▁немец,1,0.03409478
sts,rus_Cyrl,128844,▁приводит,1,0.03409478
sts,rus_Cyrl,129898,▁огр,1,0.03409478
sts,rus_Cyrl,129909,▁начинает,1,0.03409478
sts,rus_Cyrl,129997,транс,1,0.03409478
sts,rus_Cyrl,130014,▁исследова,1,0.03409478
sts,rus_Cyrl,130074,▁заболевания,1,0.03409478
sts,rus_Cyrl,130210,▁знакомы,1,0.03409478
sts,rus_Cyrl,130243,▁вряд,2,0.06818957
sts,rus_Cyrl,130246,сине,1,0.03409478
sts,rus_Cyrl,130336,▁возникает,1,0.03409478
sts,rus_Cyrl,130418,▁Март,1,0.03409478
sts,rus_Cyrl,130438,изму,1,0.03409478
sts,rus_Cyrl,131213,альном,1,0.03409478
sts,rus_Cyrl,131658,▁проведении,1,0.03409478
sts,rus_Cyrl,132040,коле,1,0.03409478
sts,rus_Cyrl,132151,▁разработки,1,0.03409478
sts,rus_Cyrl,132250,Говор,1,0.03409478
sts,rus_Cyrl,132284,▁исключен,1,0.03409478
sts,rus_Cyrl,132628,▁класса,2,0.06818957
sts,rus_Cyrl,132709,▁днем,1,0.03409478
sts,rus_Cyrl,132790,▁Реклама,1,0.03409478
sts,rus_Cyrl,133086,▁Красно,1,0.03409478
sts,rus_Cyrl,133529,ироваться,1,0.03409478
sts,rus_Cyrl,133563,Алтай,2,0.06818957
sts,rus_Cyrl,134309,▁особенности,1,0.03409478
sts,rus_Cyrl,134542,▁носител,1,0.03409478
sts,rus_Cyrl,135232,▁интернете,1,0.03409478
sts,rus_Cyrl,135941,▁пределах,1,0.03409478
sts,rus_Cyrl,136647,▁скорость,1,0.03409478
sts,rus_Cyrl,137171,▁водител,4,0.13637913
sts,rus_Cyrl,137238,▁подтвержден,2,0.06818957
sts,rus_Cyrl,137790,▁смогут,1,0.03409478
sts,rus_Cyrl,138165,▁мужчины,1,0.03409478
sts,rus_Cyrl,138446,▁установить,1,0.03409478
sts,rus_Cyrl,138739,▁оценива,1,0.03409478
sts,rus_Cyrl,139036,▁близко,1,0.03409478
sts,rus_Cyrl,139220,стройств,1,0.03409478
sts,rus_Cyrl,139490,▁ждать,1,0.03409478
sts,rus_Cyrl,139606,▁Муж,1,0.03409478
sts,rus_Cyrl,139825,овыми,1,0.03409478
sts,rus_Cyrl,139986,изол,1,0.03409478
sts,rus_Cyrl,140189,Полит,1,0.03409478
sts,rus_Cyrl,140307,оров,1,0.03409478
sts,rus_Cyrl,140419,▁разрешения,1,0.03409478
sts,rus_Cyrl,140950,▁говорится,2,0.06818957
sts,rus_Cyrl,140998,▁Ее,1,0.03409478
sts,rus_Cyrl,141586,▁устройств,1,0.03409478
sts,rus_Cyrl,142269,рева,1,0.03409478
sts,rus_Cyrl,142317,▁отношению,1,0.03409478
sts,rus_Cyrl,145100,стям,1,0.03409478
sts,rus_Cyrl,145251,▁детям,1,0.03409478
sts,rus_Cyrl,145890,друго,1,0.03409478
sts,rus_Cyrl,146761,▁оказался,1,0.03409478
sts,rus_Cyrl,147225,имость,1,0.03409478
sts,rus_Cyrl,148087,смер,1,0.03409478
sts,rus_Cyrl,148604,▁будущее,1,0.03409478
sts,rus_Cyrl,149314,▁среду,1,0.03409478
sts,rus_Cyrl,150574,▁нарушен,1,0.03409478
sts,rus_Cyrl,150761,▁Великобритания,1,0.03409478
sts,rus_Cyrl,150849,▁большие,1,0.03409478
sts,rus_Cyrl,150941,▁вырас,1,0.03409478
sts,rus_Cyrl,151220,вают,1,0.03409478
sts,rus_Cyrl,151555,▁проблеме,1,0.03409478
sts,rus_Cyrl,151976,▁интервью,1,0.03409478
sts,rus_Cyrl,152332,▁глубоко,1,0.03409478
sts,rus_Cyrl,153898,▁ежедневно,1,0.03409478
sts,rus_Cyrl,154177,Мобил,1,0.03409478
sts,rus_Cyrl,155641,▁проходил,1,0.03409478
sts,rus_Cyrl,155730,▁Украин,1,0.03409478
sts,rus_Cyrl,156796,▁эфир,1,0.03409478
sts,rus_Cyrl,156868,▁Значит,1,0.03409478
sts,rus_Cyrl,157090,▁Человек,1,0.03409478
sts,rus_Cyrl,157122,▁выйти,1,0.03409478
sts,rus_Cyrl,157427,▁регионе,1,0.03409478
sts,rus_Cyrl,157599,▁прошли,1,0.03409478
sts,rus_Cyrl,157843,▁проводится,1,0.03409478
sts,rus_Cyrl,158263,▁вторник,1,0.03409478
sts,rus_Cyrl,159388,▁вечери,1,0.03409478
sts,rus_Cyrl,159833,▁Читайте,2,0.06818957
sts,rus_Cyrl,160023,▁образу,2,0.06818957
sts,rus_Cyrl,160212,▁откровен,1,0.03409478
sts,rus_Cyrl,160311,▁откаже,1,0.03409478
sts,rus_Cyrl,161874,▁пассажир,1,0.03409478
sts,rus_Cyrl,162151,стоп,1,0.03409478
sts,rus_Cyrl,162783,▁Ему,1,0.03409478
sts,rus_Cyrl,163374,▁получат,1,0.03409478
sts,rus_Cyrl,163453,▁наруши,1,0.03409478
sts,rus_Cyrl,163573,▁заканчива,1,0.03409478
sts,rus_Cyrl,163723,▁Артем,1,0.03409478
sts,rus_Cyrl,163786,▁сверх,1,0.03409478
sts,rus_Cyrl,163832,▁сохранить,1,0.03409478
sts,rus_Cyrl,164022,▁Погода,1,0.03409478
sts,rus_Cyrl,164076,▁Такие,1,0.03409478
sts,rus_Cyrl,164360,▁начинается,1,0.03409478
sts,rus_Cyrl,165109,▁собственной,1,0.03409478
sts,rus_Cyrl,166190,▁фанат,1,0.03409478
sts,rus_Cyrl,166440,▁Дональд,1,0.03409478
sts,rus_Cyrl,166732,чиков,3,0.10228435
sts,rus_Cyrl,167710,холод,1,0.03409478
sts,rus_Cyrl,168151,▁полос,3,0.10228435
sts,rus_Cyrl,168182,▁устанавливает,1,0.03409478
sts,rus_Cyrl,168200,▁небольшой,1,0.03409478
sts,rus_Cyrl,168285,▁любую,1,0.03409478
sts,rus_Cyrl,168329,чкой,1,0.03409478
sts,rus_Cyrl,168359,▁преимуществ,1,0.03409478
sts,rus_Cyrl,168692,▁удара,2,0.06818957
sts,rus_Cyrl,169559,▁выезд,2,0.06818957
sts,rus_Cyrl,169588,▁продолжает,2,0.06818957
sts,rus_Cyrl,169721,▁требуют,2,0.06818957
sts,rus_Cyrl,170789,▁борьбы,1,0.03409478
sts,rus_Cyrl,170860,▁оказались,1,0.03409478
sts,rus_Cyrl,171101,▁врача,1,0.03409478
sts,rus_Cyrl,171715,▁призыв,1,0.03409478
sts,rus_Cyrl,171792,▁шесть,1,0.03409478
sts,rus_Cyrl,172707,▁Причем,1,0.03409478
sts,rus_Cyrl,174070,▁Института,1,0.03409478
sts,rus_Cyrl,174412,▁сутки,1,0.03409478
sts,rus_Cyrl,174731,▁статью,1,0.03409478
sts,rus_Cyrl,175068,▁областях,2,0.06818957
sts,rus_Cyrl,175765,▁оружия,1,0.03409478
sts,rus_Cyrl,176807,▁сотрудника,3,0.10228435
sts,rus_Cyrl,177570,▁вещ,1,0.03409478
sts,rus_Cyrl,178071,▁везу,1,0.03409478
sts,rus_Cyrl,178079,▁Такая,1,0.03409478
sts,rus_Cyrl,178364,▁получают,1,0.03409478
sts,rus_Cyrl,178615,фицирован,1,0.03409478
sts,rus_Cyrl,179337,▁специальных,1,0.03409478
sts,rus_Cyrl,179714,▁следующих,1,0.03409478
sts,rus_Cyrl,179825,▁сообщение,1,0.03409478
sts,rus_Cyrl,180073,▁ожидал,1,0.03409478
sts,rus_Cyrl,180295,▁полиции,1,0.03409478
sts,rus_Cyrl,180743,зависим,1,0.03409478
sts,rus_Cyrl,181243,▁воздуха,1,0.03409478
sts,rus_Cyrl,181898,▁второго,1,0.03409478
sts,rus_Cyrl,183361,▁становятся,2,0.06818957
sts,rus_Cyrl,183935,▁обратил,1,0.03409478
sts,rus_Cyrl,184050,▁отделен,1,0.03409478
sts,rus_Cyrl,184412,▁Америке,1,0.03409478
sts,rus_Cyrl,184858,▁выявлен,3,0.10228435
sts,rus_Cyrl,184948,▁Проблема,1,0.03409478
sts,rus_Cyrl,185565,▁ДПС,2,0.06818957
sts,rus_Cyrl,186014,▁потерял,1,0.03409478
sts,rus_Cyrl,186059,▁Какие,1,0.03409478
sts,rus_Cyrl,186274,▁борьбе,1,0.03409478
sts,rus_Cyrl,186292,▁Почти,1,0.03409478
sts,rus_Cyrl,187110,▁обнаружен,1,0.03409478
sts,rus_Cyrl,188685,восточн,1,0.03409478
sts,rus_Cyrl,189768,▁останется,1,0.03409478
sts,rus_Cyrl,189852,звук,5,0.17047392
sts,rus_Cyrl,191273,▁Всего,1,0.03409478
sts,rus_Cyrl,191735,▁гипер,4,0.13637913
sts,rus_Cyrl,193634,▁обследован,1,0.03409478
sts,rus_Cyrl,194812,▁Цензор,1,0.03409478
sts,rus_Cyrl,195455,▁подачи,1,0.03409478
sts,rus_Cyrl,197129,▁бланк,1,0.03409478
sts,rus_Cyrl,197260,▁остановить,3,0.10228435
sts,rus_Cyrl,197516,▁границы,1,0.03409478
sts,rus_Cyrl,197554,▁думаете,1,0.03409478
sts,rus_Cyrl,197649,▁инфекции,1,0.03409478
sts,rus_Cyrl,198512,метров,1,0.03409478
sts,rus_Cyrl,199099,▁маленьких,1,0.03409478
sts,rus_Cyrl,199541,▁избавиться,1,0.03409478
sts,rus_Cyrl,199544,▁удастся,1,0.03409478
sts,rus_Cyrl,201866,▁городской,1,0.03409478
sts,rus_Cyrl,202311,▁автомобилей,1,0.03409478
sts,rus_Cyrl,202875,▁закрыты,1,0.03409478
sts,rus_Cyrl,202915,▁личность,4,0.13637913
sts,rus_Cyrl,203138,марин,2,0.06818957
sts,rus_Cyrl,204302,ЦР,1,0.03409478
sts,rus_Cyrl,204533,бросить,1,0.03409478
sts,rus_Cyrl,205575,▁ждет,1,0.03409478
sts,rus_Cyrl,206096,▁объявил,1,0.03409478
sts,rus_Cyrl,206783,▁теоретическ,1,0.03409478
sts,rus_Cyrl,207118,▁солнечн,1,0.03409478
sts,rus_Cyrl,207704,▁блогер,13,0.44323219
sts,rus_Cyrl,207964,▁социальные,1,0.03409478
sts,rus_Cyrl,208167,▁гражданам,2,0.06818957
sts,rus_Cyrl,208361,▁изначально,2,0.06818957
sts,rus_Cyrl,208935,▁психологически,1,0.03409478
sts,rus_Cyrl,209050,▁аудитория,1,0.03409478
sts,rus_Cyrl,209635,▁детства,1,0.03409478
sts,rus_Cyrl,210224,▁остаются,1,0.03409478
sts,rus_Cyrl,211247,▁корон,4,0.13637913
sts,rus_Cyrl,212019,держаться,1,0.03409478
sts,rus_Cyrl,212986,живать,1,0.03409478
sts,rus_Cyrl,213324,▁поездки,1,0.03409478
sts,rus_Cyrl,213892,▁просмотр,1,0.03409478
sts,rus_Cyrl,213917,▁наркоман,4,0.13637913
sts,rus_Cyrl,214425,соответствующего,1,0.03409478
sts,rus_Cyrl,215342,▁болезнь,2,0.06818957
sts,rus_Cyrl,215954,▁друзьями,1,0.03409478
sts,rus_Cyrl,216002,▁Журналист,1,0.03409478
sts,rus_Cyrl,216456,▁лучшим,1,0.03409478
sts,rus_Cyrl,217196,▁особенностей,1,0.03409478
sts,rus_Cyrl,217356,▁начнет,4,0.13637913
sts,rus_Cyrl,217753,морски,1,0.03409478
sts,rus_Cyrl,218669,дорожного,3,0.10228435
sts,rus_Cyrl,219019,▁скромно,1,0.03409478
sts,rus_Cyrl,219286,достоверен,1,0.03409478
sts,rus_Cyrl,220068,▁используя,1,0.03409478
sts,rus_Cyrl,220070,▁появляются,2,0.06818957
sts,rus_Cyrl,220938,▁Несколько,1,0.03409478
sts,rus_Cyrl,221071,▁интенсивно,1,0.03409478
sts,rus_Cyrl,223958,▁следующей,1,0.03409478
sts,rus_Cyrl,224086,▁появилось,1,0.03409478
sts,rus_Cyrl,224864,▁неоднократно,1,0.03409478
sts,rus_Cyrl,224969,▁снижения,1,0.03409478
sts,rus_Cyrl,225201,граничен,1,0.03409478
sts,rus_Cyrl,225583,▁обращаю,1,0.03409478
sts,rus_Cyrl,228060,▁одинаково,1,0.03409478
sts,rus_Cyrl,228319,▁отсутствует,1,0.03409478
sts,rus_Cyrl,228582,▁подтвердил,1,0.03409478
sts,rus_Cyrl,228942,▁Родители,1,0.03409478
sts,rus_Cyrl,229001,▁распространение,1,0.03409478
sts,rus_Cyrl,230020,▁заболевание,1,0.03409478
sts,rus_Cyrl,231156,▁Инстаграм,1,0.03409478
sts,rus_Cyrl,231165,▁устанавливают,1,0.03409478
sts,rus_Cyrl,231456,▁периодически,1,0.03409478
sts,rus_Cyrl,231834,След,1,0.03409478
sts,rus_Cyrl,232983,вязать,1,0.03409478
sts,rus_Cyrl,233070,▁Напомним,2,0.06818957
sts,rus_Cyrl,233080,▁психиатр,1,0.03409478
sts,rus_Cyrl,233802,▁Пентагон,1,0.03409478
sts,rus_Cyrl,233811,▁нескольким,1,0.03409478
sts,rus_Cyrl,234417,▁психика,1,0.03409478
sts,rus_Cyrl,234495,▁квалифицированн,1,0.03409478
sts,rus_Cyrl,234576,▁комментария,1,0.03409478
sts,rus_Cyrl,235413,▁похорон,3,0.10228435
sts,rus_Cyrl,235539,▁ожидает,1,0.03409478
sts,rus_Cyrl,235826,▁сетях,1,0.03409478
sts,rus_Cyrl,236802,▁концепции,2,0.06818957
sts,rus_Cyrl,238579,▁произойдет,1,0.03409478
sts,rus_Cyrl,238689,▁Помните,1,0.03409478
sts,rus_Cyrl,238725,▁приостанов,1,0.03409478
sts,rus_Cyrl,240977,▁детстве,1,0.03409478
sts,rus_Cyrl,241151,▁правоохранител,1,0.03409478
sts,rus_Cyrl,241474,профилактическ,1,0.03409478
sts,rus_Cyrl,241987,▁терапии,1,0.03409478
sts,rus_Cyrl,242690,▁Единственное,1,0.03409478
sts,rus_Cyrl,242861,▁сообщал,1,0.03409478
sts,zho_Hans,4,",",122,4.14824889
sts,zho_Hans,6,▁,69,2.34614077
sts,zho_Hans,12,:,17,0.57803468
sts,zho_Hans,16,),8,0.27201632
sts,zho_Hans,30,。,66,2.24413465
sts,zho_Hans,37,、,77,2.61815709
sts,zho_Hans,43,的,37,1.25807548
sts,zho_Hans,63,”,11,0.37402244
sts,zho_Hans,74,;,1,0.03400204
sts,zho_Hans,106,▁1,1,0.03400204
sts,zho_Hans,132,(,4,0.13600816
sts,zho_Hans,155,“,16,0.54403264
sts,zho_Hans,190,▁5,1,0.03400204
sts,zho_Hans,201,▁4,1,0.03400204
sts,zho_Hans,213,在,13,0.44202652
sts,zho_Hans,264,和,29,0.98605916
sts,zho_Hans,274,了,3,0.10200612
sts,zho_Hans,304,2,1,0.03400204
sts,zho_Hans,354,是,5,0.17001020
sts,zho_Hans,363,3,6,0.20401224
sts,zho_Hans,418,1,3,0.10200612
sts,zho_Hans,465,有,5,0.17001020
sts,zho_Hans,470,年,2,0.06800408
sts,zho_Hans,487,人,24,0.81604896
sts,zho_Hans,514,中,8,0.27201632
sts,zho_Hans,534,▁11,1,0.03400204
sts,zho_Hans,562,不,6,0.20401224
sts,zho_Hans,571,B,1,0.03400204
sts,zho_Hans,573,大,6,0.20401224
sts,zho_Hans,575,上,11,0.37402244
sts,zho_Hans,617,4,1,0.03400204
sts,zho_Hans,630,月,7,0.23801428
sts,zho_Hans,633,"”,",3,0.10200612
sts,zho_Hans,635,日,14,0.47602856
sts,zho_Hans,684,一,2,0.06800408
sts,zho_Hans,729,▁17,1,0.03400204
sts,zho_Hans,789,到,6,0.20401224
sts,zho_Hans,844,等,13,0.44202652
sts,zho_Hans,886,也,1,0.03400204
sts,zho_Hans,887,就,4,0.13600816
sts,zho_Hans,910,6,3,0.10200612
sts,zho_Hans,955,地,2,0.06800408
sts,zho_Hans,963,10,9,0.30601836
sts,zho_Hans,966,7,1,0.03400204
sts,zho_Hans,1034,以,5,0.17001020
sts,zho_Hans,1036,对,13,0.44202652
sts,zho_Hans,1040,出,4,0.13600816
sts,zho_Hans,1050,要,1,0.03400204
sts,zho_Hans,1062,U,1,0.03400204
sts,zho_Hans,1064,为,5,0.17001020
sts,zho_Hans,1102,及,12,0.40802448
sts,zho_Hans,1128,小,2,0.06800408
sts,zho_Hans,1130,下,1,0.03400204
sts,zho_Hans,1147,会,5,0.17001020
sts,zho_Hans,1173,用,1,0.03400204
sts,zho_Hans,1189,与,4,0.13600816
sts,zho_Hans,1198,都,1,0.03400204
sts,zho_Hans,1273,但,2,0.06800408
sts,zho_Hans,1278,性,3,0.10200612
sts,zho_Hans,1280,·,1,0.03400204
sts,zho_Hans,1288,多,7,0.23801428
sts,zho_Hans,1317,被,1,0.03400204
sts,zho_Hans,1322,好,7,0.23801428
sts,zho_Hans,1344,子,1,0.03400204
sts,zho_Hans,1378,新,19,0.64603876
sts,zho_Hans,1395,高,6,0.20401224
sts,zho_Hans,1403,可,2,0.06800408
sts,zho_Hans,1420,之,1,0.03400204
sts,zho_Hans,1433,家,2,0.06800408
sts,zho_Hans,1487,《,1,0.03400204
sts,zho_Hans,1493,所,2,0.06800408
sts,zho_Hans,1516,本,1,0.03400204
sts,zho_Hans,1530,12,2,0.06800408
sts,zho_Hans,1553,水,3,0.10200612
sts,zho_Hans,1562,着,2,0.06800408
sts,zho_Hans,1580,能,1,0.03400204
sts,zho_Hans,1588,》,2,0.06800408
sts,zho_Hans,1589,来,1,0.03400204
sts,zho_Hans,1590,前,2,0.06800408
sts,zho_Hans,1612,说,2,0.06800408
sts,zho_Hans,1635,或,1,0.03400204
sts,zho_Hans,1652,自己,2,0.06800408
sts,zho_Hans,1662,11,2,0.06800408
sts,zho_Hans,1726,将,6,0.20401224
sts,zho_Hans,1795,名,11,0.37402244
sts,zho_Hans,1801,心,3,0.10200612
sts,zho_Hans,1819,18,1,0.03400204
sts,zho_Hans,1826,后,6,0.20401224
sts,zho_Hans,1860,一个,1,0.03400204
sts,zho_Hans,1879,工作,6,0.20401224
sts,zho_Hans,1898,时,1,0.03400204
sts,zho_Hans,1906,天,2,0.06800408
sts,zho_Hans,1930,中国,7,0.23801428
sts,zho_Hans,1955,更,1,0.03400204
sts,zho_Hans,1965,从,3,0.10200612
sts,zho_Hans,1988,化,4,0.13600816
sts,zho_Hans,1998,外,1,0.03400204
sts,zho_Hans,2003,行,1,0.03400204
sts,zho_Hans,2008,里,1,0.03400204
sts,zho_Hans,2017,力,9,0.30601836
sts,zho_Hans,2026,生,3,0.10200612
sts,zho_Hans,2058,再,3,0.10200612
sts,zho_Hans,2100,又,2,0.06800408
sts,zho_Hans,2110,向,6,0.20401224
sts,zho_Hans,2183,事,1,0.03400204
sts,zho_Hans,2212,提供,3,0.10200612
sts,zho_Hans,2229,使用,1,0.03400204
sts,zho_Hans,2272,山,4,0.13600816
sts,zho_Hans,2283,入,2,0.06800408
sts,zho_Hans,2308,于,2,0.06800408
sts,zho_Hans,2346,把,6,0.20401224
sts,zho_Hans,2359,。”,2,0.06800408
sts,zho_Hans,2438,管理,2,0.06800408
sts,zho_Hans,2476,全,5,0.17001020
sts,zho_Hans,2554,打,2,0.06800408
sts,zho_Hans,2564,文,2,0.06800408
sts,zho_Hans,2575,表示,7,0.23801428
sts,zho_Hans,2592,14,2,0.06800408
sts,zho_Hans,2603,花,1,0.03400204
sts,zho_Hans,2649,部,3,0.10200612
sts,zho_Hans,2655,美,2,0.06800408
sts,zho_Hans,2657,特,1,0.03400204
sts,zho_Hans,2672,并,6,0.20401224
sts,zho_Hans,2698,方,3,0.10200612
sts,zho_Hans,2719,由,2,0.06800408
sts,zho_Hans,2728,】,4,0.13600816
sts,zho_Hans,2767,海,2,0.06800408
sts,zho_Hans,2797,起,1,0.03400204
sts,zho_Hans,2825,光,1,0.03400204
sts,zho_Hans,2830,重,1,0.03400204
sts,zho_Hans,2920,斯,1,0.03400204
sts,zho_Hans,2954,元,1,0.03400204
sts,zho_Hans,2961,以及,2,0.06800408
sts,zho_Hans,2969,身,1,0.03400204
sts,zho_Hans,2996,先,1,0.03400204
sts,zho_Hans,3024,国,26,0.88405304
sts,zho_Hans,3029,没有,1,0.03400204
sts,zho_Hans,3074,过,1,0.03400204
sts,zho_Hans,3123,已,5,0.17001020
sts,zho_Hans,3136,路,1,0.03400204
sts,zho_Hans,3148,还,2,0.06800408
sts,zho_Hans,3169,同,2,0.06800408
sts,zho_Hans,3182,内,2,0.06800408
sts,zho_Hans,3221,世界,2,0.06800408
sts,zho_Hans,3272,量,1,0.03400204
sts,zho_Hans,3275,台,1,0.03400204
sts,zho_Hans,3300,拉,3,0.10200612
sts,zho_Hans,3302,正,2,0.06800408
sts,zho_Hans,3324,物,2,0.06800408
sts,zho_Hans,3327,进行,1,0.03400204
sts,zho_Hans,3344,发展,7,0.23801428
sts,zho_Hans,3352,都是,1,0.03400204
sts,zho_Hans,3372,教育,20,0.68004080
sts,zho_Hans,3469,走,1,0.03400204
sts,zho_Hans,3490,加,2,0.06800408
sts,zho_Hans,3508,德,4,0.13600816
sts,zho_Hans,3515,白,1,0.03400204
sts,zho_Hans,3586,安,1,0.03400204
sts,zho_Hans,3589,日本,5,0.17001020
sts,zho_Hans,3624,区,16,0.54403264
sts,zho_Hans,3649,的人,1,0.03400204
sts,zho_Hans,3694,原,2,0.06800408
sts,zho_Hans,3744,国家,6,0.20401224
sts,zho_Hans,3768,27,2,0.06800408
sts,zho_Hans,3779,定,1,0.03400204
sts,zho_Hans,3803,位,2,0.06800408
sts,zho_Hans,3846,长,4,0.13600816
sts,zho_Hans,3850,局,5,0.17001020
sts,zho_Hans,3878,头,2,0.06800408
sts,zho_Hans,3891,西,3,0.10200612
sts,zho_Hans,3893,美国,5,0.17001020
sts,zho_Hans,3895,万,2,0.06800408
sts,zho_Hans,3908,利,2,0.06800408
sts,zho_Hans,3909,通,3,0.10200612
sts,zho_Hans,3933,让,3,0.10200612
sts,zho_Hans,3942,林,2,0.06800408
sts,zho_Hans,3985,合,1,0.03400204
sts,zho_Hans,4011,吃,1,0.03400204
sts,zho_Hans,4015,22,1,0.03400204
sts,zho_Hans,4016,政府,6,0.20401224
sts,zho_Hans,4035,各,3,0.10200612
sts,zho_Hans,4046,26,2,0.06800408
sts,zho_Hans,4058,学,4,0.13600816
sts,zho_Hans,4114,中心,2,0.06800408
sts,zho_Hans,4121,四,1,0.03400204
sts,zho_Hans,4183,神,1,0.03400204
sts,zho_Hans,4185,开,4,0.13600816
sts,zho_Hans,4258,问题,2,0.06800408
sts,zho_Hans,4261,:“,1,0.03400204
sts,zho_Hans,4278,文化,2,0.06800408
sts,zho_Hans,4280,当,4,0.13600816
sts,zho_Hans,4290,使,1,0.03400204
sts,zho_Hans,4465,次,2,0.06800408
sts,zho_Hans,4491,社会,2,0.06800408
sts,zho_Hans,4578,因,1,0.03400204
sts,zho_Hans,4598,60,1,0.03400204
sts,zho_Hans,4617,南,2,0.06800408
sts,zho_Hans,4663,送,1,0.03400204
sts,zho_Hans,4673,因为,1,0.03400204
sts,zho_Hans,4695,流,3,0.10200612
sts,zho_Hans,4696,目前,2,0.06800408
sts,zho_Hans,4742,体,1,0.03400204
sts,zho_Hans,4788,安全,1,0.03400204
sts,zho_Hans,4931,何,1,0.03400204
sts,zho_Hans,4941,该,1,0.03400204
sts,zho_Hans,4945,大学,3,0.10200612
sts,zho_Hans,5001,这些,3,0.10200612
sts,zho_Hans,5016,31,1,0.03400204
sts,zho_Hans,5052,技术,1,0.03400204
sts,zho_Hans,5053,工,1,0.03400204
sts,zho_Hans,5100,尔,2,0.06800408
sts,zho_Hans,5137,五,3,0.10200612
sts,zho_Hans,5146,能力,1,0.03400204
sts,zho_Hans,5148,情,19,0.64603876
sts,zho_Hans,5207,要求,1,0.03400204
sts,zho_Hans,5260,代,1,0.03400204
sts,zho_Hans,5291,省,6,0.20401224
sts,zho_Hans,5292,不能,1,0.03400204
sts,zho_Hans,5294,教,2,0.06800408
sts,zho_Hans,5312,机,3,0.10200612
sts,zho_Hans,5344,只,2,0.06800408
sts,zho_Hans,5364,真,1,0.03400204
sts,zho_Hans,5370,站,1,0.03400204
sts,zho_Hans,5384,包括,3,0.10200612
sts,zho_Hans,5392,式,1,0.03400204
sts,zho_Hans,5411,经济,1,0.03400204
sts,zho_Hans,5412,信息,2,0.06800408
sts,zho_Hans,5428,-2,1,0.03400204
sts,zho_Hans,5473,米,2,0.06800408
sts,zho_Hans,5477,时间,3,0.10200612
sts,zho_Hans,5511,平,1,0.03400204
sts,zho_Hans,5559,国际,2,0.06800408
sts,zho_Hans,5693,合作,1,0.03400204
sts,zho_Hans,5714,不同,1,0.03400204
sts,zho_Hans,5722,建设,12,0.40802448
sts,zho_Hans,5730,号,4,0.13600816
sts,zho_Hans,5757,70,2,0.06800408
sts,zho_Hans,5838,接,1,0.03400204
sts,zho_Hans,5897,民,1,0.03400204
sts,zho_Hans,5929,北,4,0.13600816
sts,zho_Hans,5940,病,2,0.06800408
sts,zho_Hans,5946,▁【,4,0.13600816
sts,zho_Hans,6042,食,1,0.03400204
sts,zho_Hans,6082,保,2,0.06800408
sts,zho_Hans,6105,院,1,0.03400204
sts,zho_Hans,6111,住,1,0.03400204
sts,zho_Hans,6128,阿,1,0.03400204
sts,zho_Hans,6233,共,2,0.06800408
sts,zho_Hans,6251,建,1,0.03400204
sts,zho_Hans,6269,网,2,0.06800408
sts,zho_Hans,6271,周,1,0.03400204
sts,zho_Hans,6278,健康,1,0.03400204
sts,zho_Hans,6376,▁在,1,0.03400204
sts,zho_Hans,6451,石,3,0.10200612
sts,zho_Hans,6477,客,1,0.03400204
sts,zho_Hans,6582,交,1,0.03400204
sts,zho_Hans,6607,制,1,0.03400204
sts,zho_Hans,6633,收,2,0.06800408
sts,zho_Hans,6656,落,1,0.03400204
sts,zho_Hans,6665,香港,3,0.10200612
sts,zho_Hans,6676,田,1,0.03400204
sts,zho_Hans,6710,强,5,0.17001020
sts,zho_Hans,6728,深,1,0.03400204
sts,zho_Hans,6751,所有,2,0.06800408
sts,zho_Hans,6778,场,1,0.03400204
sts,zho_Hans,6806,项目,1,0.03400204
sts,zho_Hans,6808,社,2,0.06800408
sts,zho_Hans,6881,完成,1,0.03400204
sts,zho_Hans,6978,今年,2,0.06800408
sts,zho_Hans,6986,理,2,0.06800408
sts,zho_Hans,7005,活动,1,0.03400204
sts,zho_Hans,7048,城市,1,0.03400204
sts,zho_Hans,7051,总,1,0.03400204
sts,zho_Hans,7055,学校,5,0.17001020
sts,zho_Hans,7165,方面,2,0.06800408
sts,zho_Hans,7242,百,1,0.03400204
sts,zho_Hans,7252,学生,8,0.27201632
sts,zho_Hans,7272,学习,6,0.20401224
sts,zho_Hans,7318,清,3,0.10200612
sts,zho_Hans,7320,黑,1,0.03400204
sts,zho_Hans,7355,科技,1,0.03400204
sts,zho_Hans,7368,任何,1,0.03400204
sts,zho_Hans,7408,作为,4,0.13600816
sts,zho_Hans,7420,波,3,0.10200612
sts,zho_Hans,7447,动,1,0.03400204
sts,zho_Hans,7461,今天,6,0.20401224
sts,zho_Hans,7499,支持,1,0.03400204
sts,zho_Hans,7534,”。,2,0.06800408
sts,zho_Hans,7558,爱,1,0.03400204
sts,zho_Hans,7606,反,3,0.10200612
sts,zho_Hans,7629,早,2,0.06800408
sts,zho_Hans,7646,处,1,0.03400204
sts,zho_Hans,7688,非,1,0.03400204
sts,zho_Hans,7800,州,13,0.44202652
sts,zho_Hans,7818,往,3,0.10200612
sts,zho_Hans,7847,切,2,0.06800408
sts,zho_Hans,7919,华,1,0.03400204
sts,zho_Hans,7977,上的,1,0.03400204
sts,zho_Hans,8028,女性,3,0.10200612
sts,zho_Hans,8119,越,1,0.03400204
sts,zho_Hans,8173,中的,1,0.03400204
sts,zho_Hans,8204,政策,2,0.06800408
sts,zho_Hans,8212,排,1,0.03400204
sts,zho_Hans,8312,电,1,0.03400204
sts,zho_Hans,8315,成为,2,0.06800408
sts,zho_Hans,8368,07,1,0.03400204
sts,zho_Hans,8442,精神,7,0.23801428
sts,zho_Hans,8481,室,1,0.03400204
sts,zho_Hans,8488,系统,1,0.03400204
sts,zho_Hans,8513,这是,1,0.03400204
sts,zho_Hans,8716,防,7,0.23801428
sts,zho_Hans,8836,应,1,0.03400204
sts,zho_Hans,8847,分享,1,0.03400204
sts,zho_Hans,8849,香,2,0.06800408
sts,zho_Hans,8857,重要,1,0.03400204
sts,zho_Hans,8869,展,1,0.03400204
sts,zho_Hans,8874,案,1,0.03400204
sts,zho_Hans,8943,完,1,0.03400204
sts,zho_Hans,9001,报,1,0.03400204
sts,zho_Hans,9002,军,2,0.06800408
sts,zho_Hans,9005,线,1,0.03400204
sts,zho_Hans,9016,06,1,0.03400204
sts,zho_Hans,9075,带,1,0.03400204
sts,zho_Hans,9085,组织,1,0.03400204
sts,zho_Hans,9200,足,1,0.03400204
sts,zho_Hans,9210,朝,1,0.03400204
sts,zho_Hans,9224,初,2,0.06800408
sts,zho_Hans,9285,48,1,0.03400204
sts,zho_Hans,9340,提升,1,0.03400204
sts,zho_Hans,9358,全国,3,0.10200612
sts,zho_Hans,9413,认为,2,0.06800408
sts,zho_Hans,9449,写,1,0.03400204
sts,zho_Hans,9460,活,1,0.03400204
sts,zho_Hans,9527,参加,1,0.03400204
sts,zho_Hans,9557,曲,2,0.06800408
sts,zho_Hans,9586,除,1,0.03400204
sts,zho_Hans,9612,共同,3,0.10200612
sts,zho_Hans,9632,之一,1,0.03400204
sts,zho_Hans,9651,法律,1,0.03400204
sts,zho_Hans,9715,努力,2,0.06800408
sts,zho_Hans,9751,江,1,0.03400204
sts,zho_Hans,9769,土,2,0.06800408
sts,zho_Hans,9811,干,7,0.23801428
sts,zho_Hans,9886,业,2,0.06800408
sts,zho_Hans,9889,校,2,0.06800408
sts,zho_Hans,9994,港,3,0.10200612
sts,zho_Hans,10005,。(,2,0.06800408
sts,zho_Hans,10007,得到,1,0.03400204
sts,zho_Hans,10101,MI,1,0.03400204
sts,zho_Hans,10108,届,1,0.03400204
sts,zho_Hans,10109,影响,2,0.06800408
sts,zho_Hans,10119,短,2,0.06800408
sts,zho_Hans,10132,进,3,0.10200612
sts,zho_Hans,10238,推,2,0.06800408
sts,zho_Hans,10245,战,7,0.23801428
sts,zho_Hans,10356,派,2,0.06800408
sts,zho_Hans,10379,交流,2,0.06800408
sts,zho_Hans,10396,基本,1,0.03400204
sts,zho_Hans,10406,章,2,0.06800408
sts,zho_Hans,10609,约,1,0.03400204
sts,zho_Hans,10623,改,1,0.03400204
sts,zho_Hans,10725,实现,5,0.17001020
sts,zho_Hans,10766,交通,1,0.03400204
sts,zho_Hans,10783,亚,4,0.13600816
sts,zho_Hans,10808,专业,3,0.10200612
sts,zho_Hans,10847,人员,2,0.06800408
sts,zho_Hans,10915,付,1,0.03400204
sts,zho_Hans,10930,板,2,0.06800408
sts,zho_Hans,10970,河,3,0.10200612
sts,zho_Hans,11075,▁2020,1,0.03400204
sts,zho_Hans,11140,控制,2,0.06800408
sts,zho_Hans,11152,余,2,0.06800408
sts,zho_Hans,11158,间,1,0.03400204
sts,zho_Hans,11298,底,1,0.03400204
sts,zho_Hans,11359,转,1,0.03400204
sts,zho_Hans,11366,红,3,0.10200612
sts,zho_Hans,11372,相关,3,0.10200612
sts,zho_Hans,11410,记者,2,0.06800408
sts,zho_Hans,11415,见,1,0.03400204
sts,zho_Hans,11480,歌,16,0.54403264
sts,zho_Hans,11560,正在,4,0.13600816
sts,zho_Hans,11601,虽然,1,0.03400204
sts,zho_Hans,11615,副,1,0.03400204
sts,zho_Hans,11705,苦,2,0.06800408
sts,zho_Hans,11763,列,1,0.03400204
sts,zho_Hans,11802,热,2,0.06800408
sts,zho_Hans,11888,界,2,0.06800408
sts,zho_Hans,11933,情况,1,0.03400204
sts,zho_Hans,11957,群,1,0.03400204
sts,zho_Hans,12114,不断,2,0.06800408
sts,zho_Hans,12239,雷,1,0.03400204
sts,zho_Hans,12256,演,1,0.03400204
sts,zho_Hans,12272,实,3,0.10200612
sts,zho_Hans,12370,由于,1,0.03400204
sts,zho_Hans,12379,尼,4,0.13600816
sts,zho_Hans,12454,保持,2,0.06800408
sts,zho_Hans,12510,建立,1,0.03400204
sts,zho_Hans,12568,根据,2,0.06800408
sts,zho_Hans,12586,政治,7,0.23801428
sts,zho_Hans,12590,春,1,0.03400204
sts,zho_Hans,12617,指出,2,0.06800408
sts,zho_Hans,12622,正式,1,0.03400204
sts,zho_Hans,12767,罗,3,0.10200612
sts,zho_Hans,12965,地区,1,0.03400204
sts,zho_Hans,13052,员,1,0.03400204
sts,zho_Hans,13080,党,1,0.03400204
sts,zho_Hans,13167,出现,1,0.03400204
sts,zho_Hans,13182,节,2,0.06800408
sts,zho_Hans,13244,中央,3,0.10200612
sts,zho_Hans,13288,岁,3,0.10200612
sts,zho_Hans,13324,人民,1,0.03400204
sts,zho_Hans,13399,川,2,0.06800408
sts,zho_Hans,13522,县,2,0.06800408
sts,zho_Hans,13525,夏,1,0.03400204
sts,zho_Hans,13614,旅游,1,0.03400204
sts,zho_Hans,13621,游,2,0.06800408
sts,zho_Hans,13641,官,2,0.06800408
sts,zho_Hans,13723,质量,4,0.13600816
sts,zho_Hans,13809,取得,2,0.06800408
sts,zho_Hans,13849,助,2,0.06800408
sts,zho_Hans,14023,全面,1,0.03400204
sts,zho_Hans,14062,远,1,0.03400204
sts,zho_Hans,14183,解决,2,0.06800408
sts,zho_Hans,14196,组,2,0.06800408
sts,zho_Hans,14250,志,2,0.06800408
sts,zho_Hans,14264,升,2,0.06800408
sts,zho_Hans,14342,行政,1,0.03400204
sts,zho_Hans,14439,必须,2,0.06800408
sts,zho_Hans,14475,治,4,0.13600816
sts,zho_Hans,14511,期待,1,0.03400204
sts,zho_Hans,14591,边,1,0.03400204
sts,zho_Hans,14641,资源,1,0.03400204
sts,zho_Hans,14812,最高,1,0.03400204
sts,zho_Hans,15041,守,2,0.06800408
sts,zho_Hans,15065,船,5,0.17001020
sts,zho_Hans,15071,科学,2,0.06800408
sts,zho_Hans,15108,会议,1,0.03400204
sts,zho_Hans,15128,700,2,0.06800408
sts,zho_Hans,15160,开发,1,0.03400204
sts,zho_Hans,15240,乐,1,0.03400204
sts,zho_Hans,15373,引,2,0.06800408
sts,zho_Hans,15442,继续,1,0.03400204
sts,zho_Hans,15478,类,2,0.06800408
sts,zho_Hans,15530,喝,1,0.03400204
sts,zho_Hans,15577,保障,1,0.03400204
sts,zho_Hans,15624,智,2,0.06800408
sts,zho_Hans,15658,两个,2,0.06800408
sts,zho_Hans,15689,速,1,0.03400204
sts,zho_Hans,15735,骨,1,0.03400204
sts,zho_Hans,15749,实施,2,0.06800408
sts,zho_Hans,15768,待,1,0.03400204
sts,zho_Hans,15770,71,1,0.03400204
sts,zho_Hans,15870,穿,1,0.03400204
sts,zho_Hans,15885,报告,1,0.03400204
sts,zho_Hans,15922,考,4,0.13600816
sts,zho_Hans,15954,久,1,0.03400204
sts,zho_Hans,15957,男性,3,0.10200612
sts,zho_Hans,16137,成立,1,0.03400204
sts,zho_Hans,16340,进入,1,0.03400204
sts,zho_Hans,16356,联,1,0.03400204
sts,zho_Hans,16390,快速,1,0.03400204
sts,zho_Hans,16418,赛,1,0.03400204
sts,zho_Hans,16465,永,1,0.03400204
sts,zho_Hans,16570,有关,2,0.06800408
sts,zho_Hans,16574,单位,1,0.03400204
sts,zho_Hans,16623,维,1,0.03400204
sts,zho_Hans,16643,产,1,0.03400204
sts,zho_Hans,16659,哈,1,0.03400204
sts,zho_Hans,16671,患者,1,0.03400204
sts,zho_Hans,16687,开展,2,0.06800408
sts,zho_Hans,16850,不可,1,0.03400204
sts,zho_Hans,16887,恩,1,0.03400204
sts,zho_Hans,16997,办,1,0.03400204
sts,zho_Hans,17078,托,1,0.03400204
sts,zho_Hans,17085,的问题,1,0.03400204
sts,zho_Hans,17154,控,8,0.27201632
sts,zho_Hans,17178,族,3,0.10200612
sts,zho_Hans,17219,达到,1,0.03400204
sts,zho_Hans,17411,追,1,0.03400204
sts,zho_Hans,17477,飞,1,0.03400204
sts,zho_Hans,17696,程度,1,0.03400204
sts,zho_Hans,17729,参与,1,0.03400204
sts,zho_Hans,17742,停,1,0.03400204
sts,zho_Hans,17799,密,1,0.03400204
sts,zho_Hans,17844,委,3,0.10200612
sts,zho_Hans,17866,介绍,1,0.03400204
sts,zho_Hans,17956,弱,2,0.06800408
sts,zho_Hans,18000,有效,1,0.03400204
sts,zho_Hans,18111,学院,2,0.06800408
sts,zho_Hans,18181,的发展,2,0.06800408
sts,zho_Hans,18187,散,1,0.03400204
sts,zho_Hans,18332,遇到,1,0.03400204
sts,zho_Hans,18411,一切,1,0.03400204
sts,zho_Hans,18447,靠,1,0.03400204
sts,zho_Hans,18495,喜,1,0.03400204
sts,zho_Hans,18496,画,1,0.03400204
sts,zho_Hans,18677,境,1,0.03400204
sts,zho_Hans,18732,迪,10,0.34002040
sts,zho_Hans,18756,坚持,7,0.23801428
sts,zho_Hans,18889,左,2,0.06800408
sts,zho_Hans,18922,抗,3,0.10200612
sts,zho_Hans,18947,方向,2,0.06800408
sts,zho_Hans,19015,结果,4,0.13600816
sts,zho_Hans,19065,运,3,0.10200612
sts,zho_Hans,19172,公共,1,0.03400204
sts,zho_Hans,19186,目标,1,0.03400204
sts,zho_Hans,19360,责任,1,0.03400204
sts,zho_Hans,19390,黄,1,0.03400204
sts,zho_Hans,19402,一位,1,0.03400204
sts,zho_Hans,19427,领,1,0.03400204
sts,zho_Hans,19442,更多的,1,0.03400204
sts,zho_Hans,19526,历史,2,0.06800408
sts,zho_Hans,19558,的工作,1,0.03400204
sts,zho_Hans,19608,推动,6,0.20401224
sts,zho_Hans,19613,措施,3,0.10200612
sts,zho_Hans,19664,湖,3,0.10200612
sts,zho_Hans,19691,藏,13,0.44202652
sts,zho_Hans,19741,专家,8,0.27201632
sts,zho_Hans,19752,兵,1,0.03400204
sts,zho_Hans,20018,兰,2,0.06800408
sts,zho_Hans,20291,毒,1,0.03400204
sts,zho_Hans,20373,移,2,0.06800408
sts,zho_Hans,20456,各种,1,0.03400204
sts,zho_Hans,20716,展示,3,0.10200612
sts,zho_Hans,20898,整个,1,0.03400204
sts,zho_Hans,20927,:12,1,0.03400204
sts,zho_Hans,21091,来自,1,0.03400204
sts,zho_Hans,21102,一名,8,0.27201632
sts,zho_Hans,21108,体系,3,0.10200612
sts,zho_Hans,21245,例如,1,0.03400204
sts,zho_Hans,21344,硬,1,0.03400204
sts,zho_Hans,21443,艺术,4,0.13600816
sts,zho_Hans,21495,思想,2,0.06800408
sts,zho_Hans,21532,特别,2,0.06800408
sts,zho_Hans,21549,厚,3,0.10200612
sts,zho_Hans,21606,新闻,2,0.06800408
sts,zho_Hans,21756,更是,1,0.03400204
sts,zho_Hans,22038,深入,1,0.03400204
sts,zho_Hans,22073,准备,1,0.03400204
sts,zho_Hans,22103,结,1,0.03400204
sts,zho_Hans,22140,抓,6,0.20401224
sts,zho_Hans,22292,告,1,0.03400204
sts,zho_Hans,22329,加强,4,0.13600816
sts,zho_Hans,22352,建议,1,0.03400204
sts,zho_Hans,22384,康,2,0.06800408
sts,zho_Hans,22613,重点,2,0.06800408
sts,zho_Hans,22616,根本,3,0.10200612
sts,zho_Hans,22780,炎,15,0.51003060
sts,zho_Hans,23025,育,2,0.06800408
sts,zho_Hans,23072,轮,2,0.06800408
sts,zho_Hans,23204,标,1,0.03400204
sts,zho_Hans,23270,阳,3,0.10200612
sts,zho_Hans,23368,推进,7,0.23801428
sts,zho_Hans,23398,户,1,0.03400204
sts,zho_Hans,23419,司,2,0.06800408
sts,zho_Hans,23522,篇,2,0.06800408
sts,zho_Hans,23537,视频,5,0.17001020
sts,zho_Hans,23556,阶段,1,0.03400204
sts,zho_Hans,23584,投入,1,0.03400204
sts,zho_Hans,23751,促进,2,0.06800408
sts,zho_Hans,23795,支援,1,0.03400204
sts,zho_Hans,23862,持续,3,0.10200612
sts,zho_Hans,23866,生物,1,0.03400204
sts,zho_Hans,23898,规划,3,0.10200612
sts,zho_Hans,23906,任务,1,0.03400204
sts,zho_Hans,23933,幸福,1,0.03400204
sts,zho_Hans,23978,经验,3,0.10200612
sts,zho_Hans,24008,人口,1,0.03400204
sts,zho_Hans,24138,发布,2,0.06800408
sts,zho_Hans,24417,值得,1,0.03400204
sts,zho_Hans,24446,成果,3,0.10200612
sts,zho_Hans,24559,特色,1,0.03400204
sts,zho_Hans,24789,卫,2,0.06800408
sts,zho_Hans,24872,战略,3,0.10200612
sts,zho_Hans,24959,充分,2,0.06800408
sts,zho_Hans,25009,吸引,1,0.03400204
sts,zho_Hans,25180,健,1,0.03400204
sts,zho_Hans,25519,再次,2,0.06800408
sts,zho_Hans,25630,的重要,3,0.10200612
sts,zho_Hans,25638,带来,1,0.03400204
sts,zho_Hans,25662,台湾,3,0.10200612
sts,zho_Hans,25722,述,2,0.06800408
sts,zho_Hans,25739,重大,2,0.06800408
sts,zho_Hans,25897,岛,1,0.03400204
sts,zho_Hans,26027,姆,1,0.03400204
sts,zho_Hans,26173,惠,1,0.03400204
sts,zho_Hans,26288,资,2,0.06800408
sts,zho_Hans,26509,幕,1,0.03400204
sts,zho_Hans,26546,圣,1,0.03400204
sts,zho_Hans,26586,暖,1,0.03400204
sts,zho_Hans,26646,兼,1,0.03400204
sts,zho_Hans,26648,项,2,0.06800408
sts,zho_Hans,26709,记,1,0.03400204
sts,zho_Hans,26799,苏,3,0.10200612
sts,zho_Hans,26811,面对,1,0.03400204
sts,zho_Hans,27043,加上,1,0.03400204
sts,zho_Hans,27065,长期,1,0.03400204
sts,zho_Hans,27171,丹,1,0.03400204
sts,zho_Hans,27283,而言,1,0.03400204
sts,zho_Hans,27393,模,4,0.13600816
sts,zho_Hans,27400,委员会,1,0.03400204
sts,zho_Hans,27418,胜,1,0.03400204
sts,zho_Hans,27466,君,1,0.03400204
sts,zho_Hans,27839,民族,5,0.17001020
sts,zho_Hans,28072,检查,4,0.13600816
sts,zho_Hans,28188,运动,2,0.06800408
sts,zho_Hans,28323,施,1,0.03400204
sts,zho_Hans,28375,创业,1,0.03400204
sts,zho_Hans,28389,他们的,1,0.03400204
sts,zho_Hans,28609,理念,1,0.03400204
sts,zho_Hans,29052,宣传,1,0.03400204
sts,zho_Hans,29500,梦,2,0.06800408
sts,zho_Hans,29519,事业,3,0.10200612
sts,zho_Hans,29550,做出,1,0.03400204
sts,zho_Hans,29577,日前,2,0.06800408
sts,zho_Hans,29694,做到,1,0.03400204
sts,zho_Hans,29960,艾,1,0.03400204
sts,zho_Hans,30226,医疗,1,0.03400204
sts,zho_Hans,30232,欧洲,4,0.13600816
sts,zho_Hans,30295,导,3,0.10200612
sts,zho_Hans,30298,冬,1,0.03400204
sts,zho_Hans,30477,核心,1,0.03400204
sts,zho_Hans,30565,礼,3,0.10200612
sts,zho_Hans,30588,互,2,0.06800408
sts,zho_Hans,30589,实践,2,0.06800408
sts,zho_Hans,30752,激,1,0.03400204
sts,zho_Hans,30792,集中,2,0.06800408
sts,zho_Hans,30907,农,2,0.06800408
sts,zho_Hans,30966,恶,1,0.03400204
sts,zho_Hans,31023,卷,1,0.03400204
sts,zho_Hans,31662,紧,3,0.10200612
sts,zho_Hans,31710,创造,1,0.03400204
sts,zho_Hans,31833,击,2,0.06800408
sts,zho_Hans,31874,区域,1,0.03400204
sts,zho_Hans,31965,公开,1,0.03400204
sts,zho_Hans,32164,卫生,10,0.34002040
sts,zho_Hans,32214,进行了,1,0.03400204
sts,zho_Hans,32303,下来,1,0.03400204
sts,zho_Hans,32567,寺,1,0.03400204
sts,zho_Hans,32704,搭,2,0.06800408
sts,zho_Hans,32799,重要的,1,0.03400204
sts,zho_Hans,32909,:46,1,0.03400204
sts,zho_Hans,33073,沿,2,0.06800408
sts,zho_Hans,33210,:43,1,0.03400204
sts,zho_Hans,33440,争,5,0.17001020
sts,zho_Hans,33479,载,2,0.06800408
sts,zho_Hans,33628,采取,1,0.03400204
sts,zho_Hans,33732,培养,2,0.06800408
sts,zho_Hans,33841,它们,2,0.06800408
sts,zho_Hans,33915,:52,1,0.03400204
sts,zho_Hans,33920,发展的,1,0.03400204
sts,zho_Hans,34097,协会,1,0.03400204
sts,zho_Hans,34329,嘴,1,0.03400204
sts,zho_Hans,34344,丽,2,0.06800408
sts,zho_Hans,34413,日常,1,0.03400204
sts,zho_Hans,34421,基地,1,0.03400204
sts,zho_Hans,34450,意识,2,0.06800408
sts,zho_Hans,34517,流行,1,0.03400204
sts,zho_Hans,34891,▁日本,2,0.06800408
sts,zho_Hans,34941,繁,1,0.03400204
sts,zho_Hans,34962,表演,1,0.03400204
sts,zho_Hans,34993,唱,6,0.20401224
sts,zho_Hans,35114,稳定,1,0.03400204
sts,zho_Hans,35115,免费,1,0.03400204
sts,zho_Hans,35128,文明,1,0.03400204
sts,zho_Hans,35339,举办,1,0.03400204
sts,zho_Hans,35369,主任,1,0.03400204
sts,zho_Hans,35661,工作的,1,0.03400204
sts,zho_Hans,35676,高校,1,0.03400204
sts,zho_Hans,35777,攻,4,0.13600816
sts,zho_Hans,35876,认真,2,0.06800408
sts,zho_Hans,35973,博士,1,0.03400204
sts,zho_Hans,36563,当前,2,0.06800408
sts,zho_Hans,36570,在此,1,0.03400204
sts,zho_Hans,36626,开放,3,0.10200612
sts,zho_Hans,36895,挑战,1,0.03400204
sts,zho_Hans,37106,出席,1,0.03400204
sts,zho_Hans,37175,旗,10,0.34002040
sts,zho_Hans,37220,负,2,0.06800408
sts,zho_Hans,37274,机会,1,0.03400204
sts,zho_Hans,37530,齐,2,0.06800408
sts,zho_Hans,37656,维护,3,0.10200612
sts,zho_Hans,37953,就业,3,0.10200612
sts,zho_Hans,38181,沟通,1,0.03400204
sts,zho_Hans,38238,机制,1,0.03400204
sts,zho_Hans,38426,困难,1,0.03400204
sts,zho_Hans,38434,自信,1,0.03400204
sts,zho_Hans,38448,不想,1,0.03400204
sts,zho_Hans,38573,感染,9,0.30601836
sts,zho_Hans,38716,迫,1,0.03400204
sts,zho_Hans,39152,略,1,0.03400204
sts,zho_Hans,39199,稳,1,0.03400204
sts,zho_Hans,39781,数量,1,0.03400204
sts,zho_Hans,40146,怀,1,0.03400204
sts,zho_Hans,40231,确保,3,0.10200612
sts,zho_Hans,40338,策,1,0.03400204
sts,zho_Hans,40428,也要,1,0.03400204
sts,zho_Hans,40512,加拿大,2,0.06800408
sts,zho_Hans,40513,训练,1,0.03400204
sts,zho_Hans,40791,勇,2,0.06800408
sts,zho_Hans,40806,横,2,0.06800408
sts,zho_Hans,40866,-04-,1,0.03400204
sts,zho_Hans,40978,强调,1,0.03400204
sts,zho_Hans,41380,认识,2,0.06800408
sts,zho_Hans,41506,补,2,0.06800408
sts,zho_Hans,41600,(1,1,0.03400204
sts,zho_Hans,41636,昨天,3,0.10200612
sts,zho_Hans,41912,召开,2,0.06800408
sts,zho_Hans,42037,关键,1,0.03400204
sts,zho_Hans,42404,刊,1,0.03400204
sts,zho_Hans,42429,经历,1,0.03400204
sts,zho_Hans,42444,群众,4,0.13600816
sts,zho_Hans,42643,策略,1,0.03400204
sts,zho_Hans,42709,规,1,0.03400204
sts,zho_Hans,43565,运行,1,0.03400204
sts,zho_Hans,43627,-02-,1,0.03400204
sts,zho_Hans,43845,肝,1,0.03400204
sts,zho_Hans,43990,佩,2,0.06800408
sts,zho_Hans,44137,发表,1,0.03400204
sts,zho_Hans,44300,抢,1,0.03400204
sts,zho_Hans,44559,怒,1,0.03400204
sts,zho_Hans,44734,冠,8,0.27201632
sts,zho_Hans,44850,临,5,0.17001020
sts,zho_Hans,44873,桥,1,0.03400204
sts,zho_Hans,44968,扬,2,0.06800408
sts,zho_Hans,45109,公布,2,0.06800408
sts,zho_Hans,45192,广大,1,0.03400204
sts,zho_Hans,45437,生态,3,0.10200612
sts,zho_Hans,45669,-01-,1,0.03400204
sts,zho_Hans,45868,扩大,1,0.03400204
sts,zho_Hans,46093,加快,3,0.10200612
sts,zho_Hans,46109,感谢,1,0.03400204
sts,zho_Hans,46253,落实,3,0.10200612
sts,zho_Hans,46372,肩,1,0.03400204
sts,zho_Hans,46376,增强,2,0.06800408
sts,zho_Hans,46438,蓝,1,0.03400204
sts,zho_Hans,46649,不敢,1,0.03400204
sts,zho_Hans,46864,劳动,3,0.10200612
sts,zho_Hans,46898,尊重,2,0.06800408
sts,zho_Hans,46968,阻,2,0.06800408
sts,zho_Hans,47117,定期,1,0.03400204
sts,zho_Hans,47127,平衡,1,0.03400204
sts,zho_Hans,47374,吴,1,0.03400204
sts,zho_Hans,47866,、2,4,0.13600816
sts,zho_Hans,48023,腹,1,0.03400204
sts,zho_Hans,48332,宏,2,0.06800408
sts,zho_Hans,49074,人数,1,0.03400204
sts,zho_Hans,49222,丰,1,0.03400204
sts,zho_Hans,49364,主题,1,0.03400204
sts,zho_Hans,49409,2020,3,0.10200612
sts,zho_Hans,49500,结束,1,0.03400204
sts,zho_Hans,49617,他说,1,0.03400204
sts,zho_Hans,49630,赶,1,0.03400204
sts,zho_Hans,50075,工作人员,1,0.03400204
sts,zho_Hans,50100,赢,1,0.03400204
sts,zho_Hans,50306,埃,1,0.03400204
sts,zho_Hans,50500,高速,1,0.03400204
sts,zho_Hans,50562,炸,2,0.06800408
sts,zho_Hans,50811,进步,4,0.13600816
sts,zho_Hans,50861,奈,1,0.03400204
sts,zho_Hans,50865,驻,1,0.03400204
sts,zho_Hans,51008,等方面,1,0.03400204
sts,zho_Hans,51276,治理,4,0.13600816
sts,zho_Hans,51672,设施,1,0.03400204
sts,zho_Hans,51743,始终,5,0.17001020
sts,zho_Hans,51802,范,4,0.13600816
sts,zho_Hans,52479,精彩,1,0.03400204
sts,zho_Hans,53029,全世界,2,0.06800408
sts,zho_Hans,53037,党的,4,0.13600816
sts,zho_Hans,53362,的高,1,0.03400204
sts,zho_Hans,53781,候,3,0.10200612
sts,zho_Hans,53904,将在,1,0.03400204
sts,zho_Hans,53989,体制,2,0.06800408
sts,zho_Hans,54391,矿,1,0.03400204
sts,zho_Hans,54553,▁大,2,0.06800408
sts,zho_Hans,54556,乡,1,0.03400204
sts,zho_Hans,54888,▁中国,1,0.03400204
sts,zho_Hans,55079,日电,1,0.03400204
sts,zho_Hans,55160,的精神,1,0.03400204
sts,zho_Hans,55256,响,1,0.03400204
sts,zho_Hans,55585,医学,1,0.03400204
sts,zho_Hans,55613,秦,1,0.03400204
sts,zho_Hans,55716,在于,1,0.03400204
sts,zho_Hans,55874,财,1,0.03400204
sts,zho_Hans,55940,所在,1,0.03400204
sts,zho_Hans,56179,毕业,1,0.03400204
sts,zho_Hans,56333,信心,1,0.03400204
sts,zho_Hans,57146,突出,1,0.03400204
sts,zho_Hans,57372,组成,1,0.03400204
sts,zho_Hans,57442,加大,1,0.03400204
sts,zho_Hans,57502,日本人,3,0.10200612
sts,zho_Hans,57744,最多,1,0.03400204
sts,zho_Hans,57869,旅客,1,0.03400204
sts,zho_Hans,57915,公民,2,0.06800408
sts,zho_Hans,58002,研究所,1,0.03400204
sts,zho_Hans,58045,庄,1,0.03400204
sts,zho_Hans,58188,素质,1,0.03400204
sts,zho_Hans,58331,决,2,0.06800408
sts,zho_Hans,58504,融,1,0.03400204
sts,zho_Hans,58931,干部,4,0.13600816
sts,zho_Hans,59008,责,1,0.03400204
sts,zho_Hans,59564,身份,1,0.03400204
sts,zho_Hans,59656,飞机,3,0.10200612
sts,zho_Hans,59937,国民,3,0.10200612
sts,zho_Hans,60028,牢,3,0.10200612
sts,zho_Hans,60501,腐,3,0.10200612
sts,zho_Hans,60573,伟,1,0.03400204
sts,zho_Hans,60623,大事,1,0.03400204
sts,zho_Hans,60771,挂,2,0.06800408
sts,zho_Hans,61026,检,2,0.06800408
sts,zho_Hans,61480,赴,1,0.03400204
sts,zho_Hans,61486,默,1,0.03400204
sts,zho_Hans,62352,牧,1,0.03400204
sts,zho_Hans,62435,提供的,1,0.03400204
sts,zho_Hans,62532,促,2,0.06800408
sts,zho_Hans,62895,越南,8,0.27201632
sts,zho_Hans,62978,此前,1,0.03400204
sts,zho_Hans,63089,恒,1,0.03400204
sts,zho_Hans,63507,体现,2,0.06800408
sts,zho_Hans,63554,敏感,1,0.03400204
sts,zho_Hans,63868,屏,1,0.03400204
sts,zho_Hans,64218,谋,1,0.03400204
sts,zho_Hans,64295,荣,1,0.03400204
sts,zho_Hans,64901,夕,1,0.03400204
sts,zho_Hans,64913,鼓励,1,0.03400204
sts,zho_Hans,64916,湿,1,0.03400204
sts,zho_Hans,65503,梦想,1,0.03400204
sts,zho_Hans,65550,▁香港,1,0.03400204
sts,zho_Hans,65883,的支持,1,0.03400204
sts,zho_Hans,66253,担当,1,0.03400204
sts,zho_Hans,66294,病毒,2,0.06800408
sts,zho_Hans,66329,使命,5,0.17001020
sts,zho_Hans,66369,上下,1,0.03400204
sts,zho_Hans,66537,人工,1,0.03400204
sts,zho_Hans,66735,迈,1,0.03400204
sts,zho_Hans,66891,检测,2,0.06800408
sts,zho_Hans,66943,原则,1,0.03400204
sts,zho_Hans,66984,讯,1,0.03400204
sts,zho_Hans,67736,的历史,1,0.03400204
sts,zho_Hans,68269,熟悉,1,0.03400204
sts,zho_Hans,68290,队伍,1,0.03400204
sts,zho_Hans,68386,庆,10,0.34002040
sts,zho_Hans,68414,深度,1,0.03400204
sts,zho_Hans,68738,不出,1,0.03400204
sts,zho_Hans,68841,条例,3,0.10200612
sts,zho_Hans,68938,会上,1,0.03400204
sts,zho_Hans,68994,盟,1,0.03400204
sts,zho_Hans,69183,先进,1,0.03400204
sts,zho_Hans,69739,妮,1,0.03400204
sts,zho_Hans,69913,壮,2,0.06800408
sts,zho_Hans,69971,的内容,1,0.03400204
sts,zho_Hans,70260,很大的,1,0.03400204
sts,zho_Hans,70389,适,1,0.03400204
sts,zho_Hans,71124,众多,1,0.03400204
sts,zho_Hans,71355,两国,1,0.03400204
sts,zho_Hans,71657,引导,1,0.03400204
sts,zho_Hans,71698,加速,1,0.03400204
sts,zho_Hans,71814,全力,2,0.06800408
sts,zho_Hans,72923,社会主义,1,0.03400204
sts,zho_Hans,72976,主持,1,0.03400204
sts,zho_Hans,73352,三大,1,0.03400204
sts,zho_Hans,73613,坚,5,0.17001020
sts,zho_Hans,73698,新增,1,0.03400204
sts,zho_Hans,73760,各项,1,0.03400204
sts,zho_Hans,74171,迁,2,0.06800408
sts,zho_Hans,74823,展开,1,0.03400204
sts,zho_Hans,74846,农民,1,0.03400204
sts,zho_Hans,74998,四个,2,0.06800408
sts,zho_Hans,75228,放送,1,0.03400204
sts,zho_Hans,75699,欢,2,0.06800408
sts,zho_Hans,75817,国家的,2,0.06800408
sts,zho_Hans,75823,一批,1,0.03400204
sts,zho_Hans,75829,面向,1,0.03400204
sts,zho_Hans,75838,报名,1,0.03400204
sts,zho_Hans,75857,诊,3,0.10200612
sts,zho_Hans,76858,指示,2,0.06800408
sts,zho_Hans,77431,全省,1,0.03400204
sts,zho_Hans,78057,考察,5,0.17001020
sts,zho_Hans,78638,外部,1,0.03400204
sts,zho_Hans,79069,习,1,0.03400204
sts,zho_Hans,79293,是我们,1,0.03400204
sts,zho_Hans,79436,部长,2,0.06800408
sts,zho_Hans,79821,融入,1,0.03400204
sts,zho_Hans,80104,的日子,1,0.03400204
sts,zho_Hans,80329,年来,1,0.03400204
sts,zho_Hans,80492,应对,3,0.10200612
sts,zho_Hans,80539,为主,1,0.03400204
sts,zho_Hans,80759,予以,1,0.03400204
sts,zho_Hans,80832,书记,1,0.03400204
sts,zho_Hans,80883,肺,15,0.51003060
sts,zho_Hans,81657,招生,1,0.03400204
sts,zho_Hans,81945,贫困,1,0.03400204
sts,zho_Hans,82519,净,1,0.03400204
sts,zho_Hans,82531,深化,3,0.10200612
sts,zho_Hans,82926,障,1,0.03400204
sts,zho_Hans,83272,发出,3,0.10200612
sts,zho_Hans,83449,今后,1,0.03400204
sts,zho_Hans,83676,当日,1,0.03400204
sts,zho_Hans,83697,正确,1,0.03400204
sts,zho_Hans,85468,群体,1,0.03400204
sts,zho_Hans,85710,有力,1,0.03400204
sts,zho_Hans,85887,密切,1,0.03400204
sts,zho_Hans,86646,上涨,1,0.03400204
sts,zho_Hans,86704,武汉,7,0.23801428
sts,zho_Hans,86753,铁路,1,0.03400204
sts,zho_Hans,86802,又有,3,0.10200612
sts,zho_Hans,86926,新时代,8,0.27201632
sts,zho_Hans,88306,现代化,2,0.06800408
sts,zho_Hans,88360,工作中,1,0.03400204
sts,zho_Hans,88468,确认,6,0.20401224
sts,zho_Hans,88521,考生,1,0.03400204
sts,zho_Hans,89322,机遇,1,0.03400204
sts,zho_Hans,89945,强烈,1,0.03400204
sts,zho_Hans,90157,编辑,2,0.06800408
sts,zho_Hans,90416,▁王,1,0.03400204
sts,zho_Hans,90980,(10,1,0.03400204
sts,zho_Hans,91213,各级,1,0.03400204
sts,zho_Hans,91339,基础设施,2,0.06800408
sts,zho_Hans,91492,欧盟,1,0.03400204
sts,zho_Hans,92181,督,1,0.03400204
sts,zho_Hans,92204,鸟,4,0.13600816
sts,zho_Hans,92936,培育,1,0.03400204
sts,zho_Hans,93085,支撑,1,0.03400204
sts,zho_Hans,93557,贯彻,2,0.06800408
sts,zho_Hans,93727,宗旨,1,0.03400204
sts,zho_Hans,94144,奏,7,0.23801428
sts,zho_Hans,94356,毕业生,1,0.03400204
sts,zho_Hans,94474,标志,1,0.03400204
sts,zho_Hans,94955,扫,1,0.03400204
sts,zho_Hans,94958,专项,2,0.06800408
sts,zho_Hans,95431,坚定,2,0.06800408
sts,zho_Hans,95728,须,4,0.13600816
sts,zho_Hans,95868,西部,1,0.03400204
sts,zho_Hans,95876,奋斗,1,0.03400204
sts,zho_Hans,95928,团结,10,0.34002040
sts,zho_Hans,96018,仪,2,0.06800408
sts,zho_Hans,96581,大使,1,0.03400204
sts,zho_Hans,96792,各国,1,0.03400204
sts,zho_Hans,96827,摄,1,0.03400204
sts,zho_Hans,96921,。《,1,0.03400204
sts,zho_Hans,96966,迎来,1,0.03400204
sts,zho_Hans,97155,继,2,0.06800408
sts,zho_Hans,97779,奋,8,0.27201632
sts,zho_Hans,98237,自治,2,0.06800408
sts,zho_Hans,99284,仇,1,0.03400204
sts,zho_Hans,99348,通道,1,0.03400204
sts,zho_Hans,100197,民生,4,0.13600816
sts,zho_Hans,100281,本科,1,0.03400204
sts,zho_Hans,100945,续,1,0.03400204
sts,zho_Hans,101047,云南,11,0.37402244
sts,zho_Hans,101062,强化,1,0.03400204
sts,zho_Hans,101266,切实,2,0.06800408
sts,zho_Hans,101352,逾,1,0.03400204
sts,zho_Hans,101400,的国家,1,0.03400204
sts,zho_Hans,101565,特征,1,0.03400204
sts,zho_Hans,101879,苗,1,0.03400204
sts,zho_Hans,102313,据了解,1,0.03400204
sts,zho_Hans,102925,和谐,1,0.03400204
sts,zho_Hans,102979,健全,1,0.03400204
sts,zho_Hans,102988,的一部分,1,0.03400204
sts,zho_Hans,103957,确,2,0.06800408
sts,zho_Hans,104352,新华社,1,0.03400204
sts,zho_Hans,104838,海上,1,0.03400204
sts,zho_Hans,105085,层面,1,0.03400204
sts,zho_Hans,105641,基层,1,0.03400204
sts,zho_Hans,107073,地区的,1,0.03400204
sts,zho_Hans,107655,中方,4,0.13600816
sts,zho_Hans,107822,和社会,1,0.03400204
sts,zho_Hans,107836,担,2,0.06800408
sts,zho_Hans,108052,江西,1,0.03400204
sts,zho_Hans,108148,成效,1,0.03400204
sts,zho_Hans,108453,碧,1,0.03400204
sts,zho_Hans,108876,感恩,2,0.06800408
sts,zho_Hans,108924,内的,1,0.03400204
sts,zho_Hans,108934,的关键,1,0.03400204
sts,zho_Hans,109056,穆,1,0.03400204
sts,zho_Hans,109531,、4,2,0.06800408
sts,zho_Hans,110431,法治,2,0.06800408
sts,zho_Hans,110966,人力,1,0.03400204
sts,zho_Hans,111050,培,1,0.03400204
sts,zho_Hans,111597,进展,1,0.03400204
sts,zho_Hans,111894,堵,1,0.03400204
sts,zho_Hans,112615,十九,1,0.03400204
sts,zho_Hans,112895,美丽,1,0.03400204
sts,zho_Hans,113061,的神,1,0.03400204
sts,zho_Hans,113073,西藏,1,0.03400204
sts,zho_Hans,113770,观念,1,0.03400204
sts,zho_Hans,114663,助理,1,0.03400204
sts,zho_Hans,115371,做法,2,0.06800408
sts,zho_Hans,115594,我们将,1,0.03400204
sts,zho_Hans,115620,的方向,2,0.06800408
sts,zho_Hans,116300,优先,2,0.06800408
sts,zho_Hans,116952,身分,1,0.03400204
sts,zho_Hans,117533,贯,1,0.03400204
sts,zho_Hans,117783,福祉,2,0.06800408
sts,zho_Hans,118343,的基础,1,0.03400204
sts,zho_Hans,119165,饱,1,0.03400204
sts,zho_Hans,119375,习近平总书记,8,0.27201632
sts,zho_Hans,119513,公主,4,0.13600816
sts,zho_Hans,119697,十四,2,0.06800408
sts,zho_Hans,120185,路线,1,0.03400204
sts,zho_Hans,120366,全年,1,0.03400204
sts,zho_Hans,120759,故意,1,0.03400204
sts,zho_Hans,121321,唯一的,1,0.03400204
sts,zho_Hans,121506,功夫,1,0.03400204
sts,zho_Hans,121538,辱,1,0.03400204
sts,zho_Hans,121545,示范,2,0.06800408
sts,zho_Hans,121786,疫,22,0.74804488
sts,zho_Hans,122300,合作伙伴,1,0.03400204
sts,zho_Hans,122523,交往,1,0.03400204
sts,zho_Hans,123345,第七,1,0.03400204
sts,zho_Hans,124115,侯,1,0.03400204
sts,zho_Hans,124154,外交部,1,0.03400204
sts,zho_Hans,124231,迎接,1,0.03400204
sts,zho_Hans,124496,诸,1,0.03400204
sts,zho_Hans,127758,绘,1,0.03400204
sts,zho_Hans,128360,大道,1,0.03400204
sts,zho_Hans,128506,旦,1,0.03400204
sts,zho_Hans,129544,引领,2,0.06800408
sts,zho_Hans,129793,钻,3,0.10200612
sts,zho_Hans,130576,凭借,1,0.03400204
sts,zho_Hans,132267,的经验,1,0.03400204
sts,zho_Hans,132874,和发展,1,0.03400204
sts,zho_Hans,133691,临床,1,0.03400204
sts,zho_Hans,133702,争取,1,0.03400204
sts,zho_Hans,133704,监测,1,0.03400204
sts,zho_Hans,134083,任何人,1,0.03400204
sts,zho_Hans,134610,其中的,1,0.03400204
sts,zho_Hans,134752,琪,1,0.03400204
sts,zho_Hans,135023,罕,2,0.06800408
sts,zho_Hans,135729,大批,1,0.03400204
sts,zho_Hans,135873,炉,3,0.10200612
sts,zho_Hans,135878,干净,1,0.03400204
sts,zho_Hans,136229,分类,1,0.03400204
sts,zho_Hans,136627,两次,2,0.06800408
sts,zho_Hans,136664,协助,1,0.03400204
sts,zho_Hans,137389,背景下,1,0.03400204
sts,zho_Hans,137467,贯彻落实,2,0.06800408
sts,zho_Hans,138086,应急,2,0.06800408
sts,zho_Hans,138247,日晚,1,0.03400204
sts,zho_Hans,139130,颜,2,0.06800408
sts,zho_Hans,140004,各方面,1,0.03400204
sts,zho_Hans,140471,的重大,1,0.03400204
sts,zho_Hans,140561,的成功,1,0.03400204
sts,zho_Hans,141026,世界上最,1,0.03400204
sts,zho_Hans,141224,埃及,7,0.23801428
sts,zho_Hans,143340,斗争,2,0.06800408
sts,zho_Hans,145223,矩,1,0.03400204
sts,zho_Hans,145319,纳入,1,0.03400204
sts,zho_Hans,145543,坚决,3,0.10200612
sts,zho_Hans,148556,遵循,1,0.03400204
sts,zho_Hans,149291,目的是,1,0.03400204
sts,zho_Hans,150401,紧密,1,0.03400204
sts,zho_Hans,152743,价值观,1,0.03400204
sts,zho_Hans,153227,方针,1,0.03400204
sts,zho_Hans,153483,扩,1,0.03400204
sts,zho_Hans,153565,轰,2,0.06800408
sts,zho_Hans,154820,谱,2,0.06800408
sts,zho_Hans,155026,注意力,1,0.03400204
sts,zho_Hans,155365,发言人,4,0.13600816
sts,zho_Hans,155975,聚焦,2,0.06800408
sts,zho_Hans,156118,漏洞,1,0.03400204
sts,zho_Hans,156731,将继续,1,0.03400204
sts,zho_Hans,157948,仍在,1,0.03400204
sts,zho_Hans,159078,经济社会发展,1,0.03400204
sts,zho_Hans,160114,纽,2,0.06800408
sts,zho_Hans,160248,173,1,0.03400204
sts,zho_Hans,160870,编制,1,0.03400204
sts,zho_Hans,162418,面临的,1,0.03400204
sts,zho_Hans,164550,指引,4,0.13600816
sts,zho_Hans,164583,课题,2,0.06800408
sts,zho_Hans,164903,昭,1,0.03400204
sts,zho_Hans,165195,共产党,3,0.10200612
sts,zho_Hans,167109,增添,1,0.03400204
sts,zho_Hans,167828,矢,1,0.03400204
sts,zho_Hans,168905,滨,3,0.10200612
sts,zho_Hans,169253,统筹,1,0.03400204
sts,zho_Hans,169875,抵达,1,0.03400204
sts,zho_Hans,170189,的高度,1,0.03400204
sts,zho_Hans,170253,技术和,1,0.03400204
sts,zho_Hans,170759,葡萄牙,1,0.03400204
sts,zho_Hans,171374,跨越,3,0.10200612
sts,zho_Hans,171471,提及,1,0.03400204
sts,zho_Hans,172140,前来,1,0.03400204
sts,zho_Hans,173987,前沿,1,0.03400204
sts,zho_Hans,175118,生效,1,0.03400204
sts,zho_Hans,176026,为中心,1,0.03400204
sts,zho_Hans,176131,有必要,1,0.03400204
sts,zho_Hans,176134,NHK,1,0.03400204
sts,zho_Hans,176896,筑,1,0.03400204
sts,zho_Hans,177568,并对,2,0.06800408
sts,zho_Hans,178017,一波,3,0.10200612
sts,zho_Hans,178514,严肃,1,0.03400204
sts,zho_Hans,178738,产业发展,1,0.03400204
sts,zho_Hans,178862,认同,3,0.10200612
sts,zho_Hans,178884,庆祝,1,0.03400204
sts,zho_Hans,179418,五个,1,0.03400204
sts,zho_Hans,179503,解读,1,0.03400204
sts,zho_Hans,179997,着力,2,0.06800408
sts,zho_Hans,180072,隐藏,1,0.03400204
sts,zho_Hans,180344,844,1,0.03400204
sts,zho_Hans,181004,之际,1,0.03400204
sts,zho_Hans,182154,辐射,1,0.03400204
sts,zho_Hans,182527,座谈会,1,0.03400204
sts,zho_Hans,182866,首要,1,0.03400204
sts,zho_Hans,185154,高等教育,1,0.03400204
sts,zho_Hans,187202,携手,1,0.03400204
sts,zho_Hans,188361,身体健康,1,0.03400204
sts,zho_Hans,189133,重要讲话,5,0.17001020
sts,zho_Hans,189662,象征,1,0.03400204
sts,zho_Hans,191647,中小学,6,0.20401224
sts,zho_Hans,192190,岭,1,0.03400204
sts,zho_Hans,193496,踪,1,0.03400204
sts,zho_Hans,194661,分裂,1,0.03400204
sts,zho_Hans,194800,僧,1,0.03400204
sts,zho_Hans,195340,靖,2,0.06800408
sts,zho_Hans,196061,廖,1,0.03400204
sts,zho_Hans,196067,中华民族,1,0.03400204
sts,zho_Hans,197942,借鉴,2,0.06800408
sts,zho_Hans,198580,政党,1,0.03400204
sts,zho_Hans,199149,鑽石,1,0.03400204
sts,zho_Hans,199331,爱国,1,0.03400204
sts,zho_Hans,199496,东南亚,2,0.06800408
sts,zho_Hans,201217,战胜,1,0.03400204
sts,zho_Hans,201261,巩固,1,0.03400204
sts,zho_Hans,202136,提早,1,0.03400204
sts,zho_Hans,203413,世界各国,1,0.03400204
sts,zho_Hans,204224,拉开,1,0.03400204
sts,zho_Hans,205102,空军,1,0.03400204
sts,zho_Hans,207253,常态,1,0.03400204
sts,zho_Hans,210444,副书记,1,0.03400204
sts,zho_Hans,210776,不忘,1,0.03400204
sts,zho_Hans,210840,终身,1,0.03400204
sts,zho_Hans,213256,国庆,1,0.03400204
sts,zho_Hans,213553,堤,1,0.03400204
sts,zho_Hans,214315,智能化,1,0.03400204
sts,zho_Hans,214599,退役,1,0.03400204
sts,zho_Hans,215290,硕,1,0.03400204
sts,zho_Hans,222404,医疗机构,1,0.03400204
sts,zho_Hans,222601,宪,1,0.03400204
sts,zho_Hans,223358,歌唱,1,0.03400204
sts,zho_Hans,223892,忠诚,2,0.06800408
sts,zho_Hans,225242,遏制,1,0.03400204
sts,zho_Hans,225243,高质量发展,3,0.10200612
sts,zho_Hans,226607,渗透,1,0.03400204
sts,zho_Hans,226847,践行,1,0.03400204
sts,zho_Hans,227423,挂牌,1,0.03400204
sts,zho_Hans,227787,蔓延,1,0.03400204
sts,zho_Hans,228022,守护,1,0.03400204
sts,zho_Hans,228607,局局长,1,0.03400204
sts,zho_Hans,231029,脱贫,4,0.13600816
sts,zho_Hans,232264,党员干部,1,0.03400204
sts,zho_Hans,232630,联络,1,0.03400204
sts,zho_Hans,233372,徽,2,0.06800408
sts,zho_Hans,235607,枫,1,0.03400204
sts,zho_Hans,236333,鹤,1,0.03400204
sts,zho_Hans,240545,谊,1,0.03400204
sts,zho_Hans,240549,揣,1,0.03400204
sts,zho_Hans,241427,铸,1,0.03400204
sts,zho_Hans,241882,侮,1,0.03400204
sts,zho_Hans,242593,全面建成小康社会,2,0.06800408
sts,zho_Hans,242935,钦,2,0.06800408
sts,zho_Hans,243455,沧,5,0.17001020
sts,zho_Hans,243776,啃,1,0.03400204
sts,zho_Hans,244032,璐,2,0.06800408
sts,zho_Hans,244266,顷,2,0.06800408
sts,zho_Hans,244371,肃,1,0.03400204
sts,zho_Hans,244472,绽,2,0.06800408
sts,zho_Hans,244546,洱,2,0.06800408
sts,zho_Hans,244688,觅,1,0.03400204
sts,zho_Hans,244691,徙,1,0.03400204
sts,zho_Hans,244835,翟,2,0.06800408
sts,zho_Hans,245489,滇,2,0.06800408
sts,zho_Hans,246033,炤,1,0.03400204
sts,zho_Hans,249456,鄱,3,0.10200612
sts,jpn_Jpan,6,▁,200,6.78195999
sts,jpn_Jpan,37,、,33,1.11902340
sts,jpn_Jpan,154,の,151,5.12037979
sts,jpn_Jpan,251,を,142,4.81519159
sts,jpn_Jpan,281,が,119,4.03526619
sts,jpn_Jpan,327,に,50,1.69549000
sts,jpn_Jpan,342,は,40,1.35639200
sts,jpn_Jpan,470,年,1,0.03390980
sts,jpn_Jpan,487,人,4,0.13563920
sts,jpn_Jpan,507,で,42,1.42421160
sts,jpn_Jpan,514,中,1,0.03390980
sts,jpn_Jpan,573,大,4,0.13563920
sts,jpn_Jpan,575,上,1,0.03390980
sts,jpn_Jpan,610,と,14,0.47473720
sts,jpn_Jpan,618,T,1,0.03390980
sts,jpn_Jpan,684,一,4,0.13563920
sts,jpn_Jpan,857,も,30,1.01729400
sts,jpn_Jpan,955,地,3,0.10172940
sts,jpn_Jpan,1040,出,5,0.16954900
sts,jpn_Jpan,1128,小,1,0.03390980
sts,jpn_Jpan,1130,下,4,0.13563920
sts,jpn_Jpan,1147,会,1,0.03390980
sts,jpn_Jpan,1309,から,6,0.20345880
sts,jpn_Jpan,1344,子,25,0.84774500
sts,jpn_Jpan,1373,し,3,0.10172940
sts,jpn_Jpan,1395,高,1,0.03390980
sts,jpn_Jpan,1553,水,16,0.54255680
sts,jpn_Jpan,1562,着,30,1.01729400
sts,jpn_Jpan,1590,前,2,0.06781960
sts,jpn_Jpan,1634,手,3,0.10172940
sts,jpn_Jpan,1677,去,1,0.03390980
sts,jpn_Jpan,1786,する,1,0.03390980
sts,jpn_Jpan,1894,か,16,0.54255680
sts,jpn_Jpan,1906,天,1,0.03390980
sts,jpn_Jpan,1971,三,1,0.03390980
sts,jpn_Jpan,1998,外,6,0.20345880
sts,jpn_Jpan,2026,生,2,0.06781960
sts,jpn_Jpan,2075,る,3,0.10172940
sts,jpn_Jpan,2110,向,1,0.03390980
sts,jpn_Jpan,2111,い,40,1.35639200
sts,jpn_Jpan,2272,山,4,0.13563920
sts,jpn_Jpan,2419,した,1,0.03390980
sts,jpn_Jpan,2427,た,24,0.81383520
sts,jpn_Jpan,2458,道,4,0.13563920
sts,jpn_Jpan,2490,回,3,0.10172940
sts,jpn_Jpan,2554,打,1,0.03390980
sts,jpn_Jpan,2636,お,6,0.20345880
sts,jpn_Jpan,2657,特,1,0.03390980
sts,jpn_Jpan,2694,り,19,0.64428620
sts,jpn_Jpan,2698,方,1,0.03390980
sts,jpn_Jpan,2767,海,10,0.33909800
sts,jpn_Jpan,2846,長,1,0.03390980
sts,jpn_Jpan,2879,面,2,0.06781960
sts,jpn_Jpan,2928,く,2,0.06781960
sts,jpn_Jpan,2969,身,2,0.06781960
sts,jpn_Jpan,2995,って,4,0.13563920
sts,jpn_Jpan,2996,先,1,0.03390980
sts,jpn_Jpan,3136,路,3,0.10172940
sts,jpn_Jpan,3195,二,1,0.03390980
sts,jpn_Jpan,3230,その,6,0.20345880
sts,jpn_Jpan,3275,台,2,0.06781960
sts,jpn_Jpan,3381,店,2,0.06781960
sts,jpn_Jpan,3385,ス,12,0.40691760
sts,jpn_Jpan,3439,並,1,0.03390980
sts,jpn_Jpan,3469,走,14,0.47473720
sts,jpn_Jpan,3515,白,10,0.33909800
sts,jpn_Jpan,3524,口,2,0.06781960
sts,jpn_Jpan,3694,原,1,0.03390980
sts,jpn_Jpan,3752,機,1,0.03390980
sts,jpn_Jpan,3908,利,1,0.03390980
sts,jpn_Jpan,3909,通,1,0.03390980
sts,jpn_Jpan,4130,している,35,1.18684300
sts,jpn_Jpan,4138,頭,5,0.16954900
sts,jpn_Jpan,4182,ら,2,0.06781960
sts,jpn_Jpan,4379,色,19,0.64428620
sts,jpn_Jpan,4418,研究,1,0.03390980
sts,jpn_Jpan,4617,南,1,0.03390980
sts,jpn_Jpan,4723,数,1,0.03390980
sts,jpn_Jpan,4725,ー,4,0.13563920
sts,jpn_Jpan,4758,ク,4,0.13563920
sts,jpn_Jpan,4931,何,3,0.10172940
sts,jpn_Jpan,5032,器,4,0.13563920
sts,jpn_Jpan,5137,五,1,0.03390980
sts,jpn_Jpan,5143,片,1,0.03390980
sts,jpn_Jpan,5148,情,1,0.03390980
sts,jpn_Jpan,5226,取,1,0.03390980
sts,jpn_Jpan,5260,代,2,0.06781960
sts,jpn_Jpan,5283,ル,2,0.06781960
sts,jpn_Jpan,5496,ご,1,0.03390980
sts,jpn_Jpan,5505,火,1,0.03390980
sts,jpn_Jpan,5522,ト,8,0.27127840
sts,jpn_Jpan,5525,集,1,0.03390980
sts,jpn_Jpan,5615,立,11,0.37300780
sts,jpn_Jpan,5677,リ,3,0.10172940
sts,jpn_Jpan,5750,として,2,0.06781960
sts,jpn_Jpan,5841,空,1,0.03390980
sts,jpn_Jpan,5883,き,4,0.13563920
sts,jpn_Jpan,6095,み,1,0.03390980
sts,jpn_Jpan,6129,笑,1,0.03390980
sts,jpn_Jpan,6167,少,3,0.10172940
sts,jpn_Jpan,6193,半,1,0.03390980
sts,jpn_Jpan,6219,った,6,0.20345880
sts,jpn_Jpan,6242,ア,1,0.03390980
sts,jpn_Jpan,6375,木,3,0.10172940
sts,jpn_Jpan,6437,さ,1,0.03390980
sts,jpn_Jpan,6451,石,1,0.03390980
sts,jpn_Jpan,6477,客,1,0.03390980
sts,jpn_Jpan,6552,う,2,0.06781960
sts,jpn_Jpan,6786,布,1,0.03390980
sts,jpn_Jpan,6787,だ,1,0.03390980
sts,jpn_Jpan,6858,油,1,0.03390980
sts,jpn_Jpan,7041,管,2,0.06781960
sts,jpn_Jpan,7056,す,1,0.03390980
sts,jpn_Jpan,7116,ド,4,0.13563920
sts,jpn_Jpan,7229,つ,1,0.03390980
sts,jpn_Jpan,7259,話,1,0.03390980
sts,jpn_Jpan,7276,イ,7,0.23736860
sts,jpn_Jpan,7420,波,2,0.06781960
sts,jpn_Jpan,7436,間,1,0.03390980
sts,jpn_Jpan,7648,熱,1,0.03390980
sts,jpn_Jpan,7740,ン,3,0.10172940
sts,jpn_Jpan,7794,がある,3,0.10172940
sts,jpn_Jpan,7826,ている,32,1.08511360
sts,jpn_Jpan,7835,味,1,0.03390980
sts,jpn_Jpan,7847,切,4,0.13563920
sts,jpn_Jpan,7881,馬,3,0.10172940
sts,jpn_Jpan,7960,わ,1,0.03390980
sts,jpn_Jpan,8028,女性,6,0.20345880
sts,jpn_Jpan,8097,夜,1,0.03390980
sts,jpn_Jpan,8119,越,1,0.03390980
sts,jpn_Jpan,8417,え,3,0.10172940
sts,jpn_Jpan,8421,め,4,0.13563920
sts,jpn_Jpan,8442,精神,1,0.03390980
sts,jpn_Jpan,8553,男,23,0.77992540
sts,jpn_Jpan,8630,ま,2,0.06781960
sts,jpn_Jpan,8697,ラ,3,0.10172940
sts,jpn_Jpan,8872,いる,29,0.98338420
sts,jpn_Jpan,8924,青,10,0.33909800
sts,jpn_Jpan,8936,いた,2,0.06781960
sts,jpn_Jpan,9368,コ,2,0.06781960
sts,jpn_Jpan,9421,座,9,0.30518820
sts,jpn_Jpan,9501,マ,4,0.13563920
sts,jpn_Jpan,9586,除,1,0.03390980
sts,jpn_Jpan,9731,雨,1,0.03390980
sts,jpn_Jpan,9909,屋,1,0.03390980
sts,jpn_Jpan,10045,カ,3,0.10172940
sts,jpn_Jpan,10103,皮,1,0.03390980
sts,jpn_Jpan,10159,毛,2,0.06781960
sts,jpn_Jpan,10344,野,2,0.06781960
sts,jpn_Jpan,10439,よ,1,0.03390980
sts,jpn_Jpan,10449,ある,11,0.37300780
sts,jpn_Jpan,10711,街,3,0.10172940
sts,jpn_Jpan,10793,タ,5,0.16954900
sts,jpn_Jpan,10795,急,2,0.06781960
sts,jpn_Jpan,10871,服,7,0.23736860
sts,jpn_Jpan,10915,付,1,0.03390980
sts,jpn_Jpan,10930,板,1,0.03390980
sts,jpn_Jpan,11119,ロ,1,0.03390980
sts,jpn_Jpan,11196,十,2,0.06781960
sts,jpn_Jpan,11238,茶,10,0.33909800
sts,jpn_Jpan,11264,エ,2,0.06781960
sts,jpn_Jpan,11375,レ,3,0.10172940
sts,jpn_Jpan,11480,歌,3,0.10172940
sts,jpn_Jpan,11511,遠,1,0.03390980
sts,jpn_Jpan,11537,投,2,0.06781960
sts,jpn_Jpan,11658,たい,1,0.03390980
sts,jpn_Jpan,11748,自分の,1,0.03390980
sts,jpn_Jpan,11812,倒,1,0.03390980
sts,jpn_Jpan,11957,群,1,0.03390980
sts,jpn_Jpan,12002,段,2,0.06781960
sts,jpn_Jpan,12087,っている,43,1.45812140
sts,jpn_Jpan,12442,根,1,0.03390980
sts,jpn_Jpan,12454,保持,1,0.03390980
sts,jpn_Jpan,12565,草,4,0.13563920
sts,jpn_Jpan,12766,的に,1,0.03390980
sts,jpn_Jpan,12819,シ,1,0.03390980
sts,jpn_Jpan,12892,されている,5,0.16954900
sts,jpn_Jpan,13091,ム,3,0.10172940
sts,jpn_Jpan,13093,雪,8,0.27127840
sts,jpn_Jpan,13523,ジ,9,0.30518820
sts,jpn_Jpan,13591,ズ,4,0.13563920
sts,jpn_Jpan,13871,け,5,0.16954900
sts,jpn_Jpan,13983,牛,2,0.06781960
sts,jpn_Jpan,14031,いて,13,0.44082740
sts,jpn_Jpan,14323,キ,5,0.16954900
sts,jpn_Jpan,14401,遊,4,0.13563920
sts,jpn_Jpan,14418,んだ,1,0.03390980
sts,jpn_Jpan,14577,オ,5,0.16954900
sts,jpn_Jpan,14635,武,1,0.03390980
sts,jpn_Jpan,14670,ット,11,0.37300780
sts,jpn_Jpan,14760,チ,1,0.03390980
sts,jpn_Jpan,14820,迷,1,0.03390980
sts,jpn_Jpan,15024,背,1,0.03390980
sts,jpn_Jpan,15041,守,1,0.03390980
sts,jpn_Jpan,15290,双,1,0.03390980
sts,jpn_Jpan,15343,ブ,4,0.13563920
sts,jpn_Jpan,15373,引,1,0.03390980
sts,jpn_Jpan,15498,森,1,0.03390980
sts,jpn_Jpan,15768,待,2,0.06781960
sts,jpn_Jpan,15944,そう,1,0.03390980
sts,jpn_Jpan,15951,での,2,0.06781960
sts,jpn_Jpan,15957,男性,60,2.03458800
sts,jpn_Jpan,16171,電話,1,0.03390980
sts,jpn_Jpan,16189,結,1,0.03390980
sts,jpn_Jpan,16302,魚,3,0.10172940
sts,jpn_Jpan,16671,患者,1,0.03390980
sts,jpn_Jpan,16698,じ,2,0.06781960
sts,jpn_Jpan,16851,よく,1,0.03390980
sts,jpn_Jpan,16974,っ,1,0.03390980
sts,jpn_Jpan,16985,プ,8,0.27127840
sts,jpn_Jpan,17058,製,1,0.03390980
sts,jpn_Jpan,17114,ながら,4,0.13563920
sts,jpn_Jpan,17220,劇,1,0.03390980
sts,jpn_Jpan,17462,フ,11,0.37300780
sts,jpn_Jpan,17628,ミ,3,0.10172940
sts,jpn_Jpan,17852,ター,8,0.27127840
sts,jpn_Jpan,18078,サ,1,0.03390980
sts,jpn_Jpan,18277,新聞,1,0.03390980
sts,jpn_Jpan,18546,バ,2,0.06781960
sts,jpn_Jpan,18694,人は,5,0.16954900
sts,jpn_Jpan,18928,メ,4,0.13563920
sts,jpn_Jpan,18936,彩,1,0.03390980
sts,jpn_Jpan,19405,人の,6,0.20345880
sts,jpn_Jpan,19451,ウ,3,0.10172940
sts,jpn_Jpan,19469,跳,7,0.23736860
sts,jpn_Jpan,19664,湖,2,0.06781960
sts,jpn_Jpan,19758,人が,16,0.54255680
sts,jpn_Jpan,19827,テ,2,0.06781960
sts,jpn_Jpan,20183,勢,2,0.06781960
sts,jpn_Jpan,20235,細,1,0.03390980
sts,jpn_Jpan,20518,床,1,0.03390980
sts,jpn_Jpan,20629,電子,2,0.06781960
sts,jpn_Jpan,20716,展示,1,0.03390980
sts,jpn_Jpan,20891,ビ,1,0.03390980
sts,jpn_Jpan,21062,飛,2,0.06781960
sts,jpn_Jpan,21267,導,1,0.03390980
sts,jpn_Jpan,21353,消,1,0.03390980
sts,jpn_Jpan,21396,輪,2,0.06781960
sts,jpn_Jpan,21420,箱,1,0.03390980
sts,jpn_Jpan,21645,耳,1,0.03390980
sts,jpn_Jpan,21848,登,1,0.03390980
sts,jpn_Jpan,21862,ず,1,0.03390980
sts,jpn_Jpan,21918,温,1,0.03390980
sts,jpn_Jpan,22217,とても,1,0.03390980
sts,jpn_Jpan,22402,ック,3,0.10172940
sts,jpn_Jpan,22487,んで,5,0.16954900
sts,jpn_Jpan,23060,息,1,0.03390980
sts,jpn_Jpan,23095,尾,1,0.03390980
sts,jpn_Jpan,23279,ネ,5,0.16954900
sts,jpn_Jpan,23644,注,2,0.06781960
sts,jpn_Jpan,23731,しか,1,0.03390980
sts,jpn_Jpan,23804,筆,1,0.03390980
sts,jpn_Jpan,23883,雲,1,0.03390980
sts,jpn_Jpan,24254,ると,1,0.03390980
sts,jpn_Jpan,24433,にある,4,0.13563920
sts,jpn_Jpan,24467,々,1,0.03390980
sts,jpn_Jpan,24961,側,1,0.03390980
sts,jpn_Jpan,25522,滑,6,0.20345880
sts,jpn_Jpan,25675,モ,6,0.20345880
sts,jpn_Jpan,25900,井,1,0.03390980
sts,jpn_Jpan,26250,により,2,0.06781960
sts,jpn_Jpan,26474,頂,1,0.03390980
sts,jpn_Jpan,26618,ガ,6,0.20345880
sts,jpn_Jpan,26816,袋,1,0.03390980
sts,jpn_Jpan,27080,薄,7,0.23736860
sts,jpn_Jpan,27182,ノ,2,0.06781960
sts,jpn_Jpan,27246,道路,2,0.06781960
sts,jpn_Jpan,27322,刀,1,0.03390980
sts,jpn_Jpan,27353,一人,24,0.81383520
sts,jpn_Jpan,27437,取り,2,0.06781960
sts,jpn_Jpan,27857,ダ,4,0.13563920
sts,jpn_Jpan,28212,▁その,3,0.10172940
sts,jpn_Jpan,28289,ニ,4,0.13563920
sts,jpn_Jpan,28520,ぶ,5,0.16954900
sts,jpn_Jpan,28642,ハ,2,0.06781960
sts,jpn_Jpan,28664,メール,1,0.03390980
sts,jpn_Jpan,28699,そして,1,0.03390980
sts,jpn_Jpan,28818,をして,1,0.03390980
sts,jpn_Jpan,28833,進入,1,0.03390980
sts,jpn_Jpan,29714,コン,1,0.03390980
sts,jpn_Jpan,29979,混,1,0.03390980
sts,jpn_Jpan,30545,を見,2,0.06781960
sts,jpn_Jpan,30659,付け,2,0.06781960
sts,jpn_Jpan,30752,激,1,0.03390980
sts,jpn_Jpan,30792,集中,1,0.03390980
sts,jpn_Jpan,30815,刻,3,0.10172940
sts,jpn_Jpan,31153,させて,1,0.03390980
sts,jpn_Jpan,31214,による,1,0.03390980
sts,jpn_Jpan,31291,ろ,2,0.06781960
sts,jpn_Jpan,31300,び,6,0.20345880
sts,jpn_Jpan,31477,大きな,8,0.27127840
sts,jpn_Jpan,31616,何か,2,0.06781960
sts,jpn_Jpan,31647,のある,1,0.03390980
sts,jpn_Jpan,31796,壁,2,0.06781960
sts,jpn_Jpan,32159,写真,2,0.06781960
sts,jpn_Jpan,32201,ボ,3,0.10172940
sts,jpn_Jpan,32450,財,1,0.03390980
sts,jpn_Jpan,33073,沿,1,0.03390980
sts,jpn_Jpan,33702,吹,5,0.16954900
sts,jpn_Jpan,34357,ケ,4,0.13563920
sts,jpn_Jpan,34379,腰,1,0.03390980
sts,jpn_Jpan,34451,の中で,12,0.40691760
sts,jpn_Jpan,34502,観,2,0.06781960
sts,jpn_Jpan,35053,乾,1,0.03390980
sts,jpn_Jpan,35076,猫,4,0.13563920
sts,jpn_Jpan,35348,研,1,0.03390980
sts,jpn_Jpan,36124,いない,29,0.98338420
sts,jpn_Jpan,36691,を見て,1,0.03390980
sts,jpn_Jpan,36852,羊,1,0.03390980
sts,jpn_Jpan,36866,動物,1,0.03390980
sts,jpn_Jpan,36948,ピ,3,0.10172940
sts,jpn_Jpan,36979,赤,5,0.16954900
sts,jpn_Jpan,37025,満,1,0.03390980
sts,jpn_Jpan,37081,ヤ,1,0.03390980
sts,jpn_Jpan,37084,犬,28,0.94947440
sts,jpn_Jpan,37362,ロー,1,0.03390980
sts,jpn_Jpan,37717,食物,1,0.03390980
sts,jpn_Jpan,37767,庭,2,0.06781960
sts,jpn_Jpan,37787,割,1,0.03390980
sts,jpn_Jpan,38391,突,1,0.03390980
sts,jpn_Jpan,38481,娘,1,0.03390980
sts,jpn_Jpan,38600,レー,2,0.06781960
sts,jpn_Jpan,38667,飾,1,0.03390980
sts,jpn_Jpan,38829,めて,2,0.06781960
sts,jpn_Jpan,38876,こう,1,0.03390980
sts,jpn_Jpan,39187,げ,3,0.10172940
sts,jpn_Jpan,39564,つけ,1,0.03390980
sts,jpn_Jpan,39646,損,1,0.03390980
sts,jpn_Jpan,39682,ライ,2,0.06781960
sts,jpn_Jpan,40806,横,1,0.03390980
sts,jpn_Jpan,40904,のために,2,0.06781960
sts,jpn_Jpan,41641,ール,1,0.03390980
sts,jpn_Jpan,41729,人に,3,0.10172940
sts,jpn_Jpan,41893,楽,4,0.13563920
sts,jpn_Jpan,42851,域,1,0.03390980
sts,jpn_Jpan,42973,鳥,2,0.06781960
sts,jpn_Jpan,42986,幼,16,0.54255680
sts,jpn_Jpan,43339,ベ,1,0.03390980
sts,jpn_Jpan,43380,上げ,1,0.03390980
sts,jpn_Jpan,43422,ぐ,2,0.06781960
sts,jpn_Jpan,43729,鍋,3,0.10172940
sts,jpn_Jpan,43784,パー,1,0.03390980
sts,jpn_Jpan,44094,ぎ,2,0.06781960
sts,jpn_Jpan,44147,荒,1,0.03390980
sts,jpn_Jpan,44925,柔,1,0.03390980
sts,jpn_Jpan,45681,選手,3,0.10172940
sts,jpn_Jpan,45923,れた,1,0.03390980
sts,jpn_Jpan,45957,を持って,1,0.03390980
sts,jpn_Jpan,46046,術,1,0.03390980
sts,jpn_Jpan,46268,練習,2,0.06781960
sts,jpn_Jpan,46503,衣服,3,0.10172940
sts,jpn_Jpan,46625,紫,1,0.03390980
sts,jpn_Jpan,47024,転,1,0.03390980
sts,jpn_Jpan,47025,中の,2,0.06781960
sts,jpn_Jpan,47565,一日,1,0.03390980
sts,jpn_Jpan,48023,腹,2,0.06781960
sts,jpn_Jpan,48275,カー,1,0.03390980
sts,jpn_Jpan,48410,ラン,1,0.03390980
sts,jpn_Jpan,49111,ギ,8,0.27127840
sts,jpn_Jpan,49898,岩,2,0.06781960
sts,jpn_Jpan,49969,上で,4,0.13563920
sts,jpn_Jpan,50866,機械,1,0.03390980
sts,jpn_Jpan,51505,捕,1,0.03390980
sts,jpn_Jpan,51576,ほとんど,1,0.03390980
sts,jpn_Jpan,51594,マン,1,0.03390980
sts,jpn_Jpan,51778,構,1,0.03390980
sts,jpn_Jpan,51971,描,1,0.03390980
sts,jpn_Jpan,52109,▁お,2,0.06781960
sts,jpn_Jpan,52453,子供,2,0.06781960
sts,jpn_Jpan,52643,珍,1,0.03390980
sts,jpn_Jpan,53280,押,2,0.06781960
sts,jpn_Jpan,54107,炒,1,0.03390980
sts,jpn_Jpan,54553,▁大,1,0.03390980
sts,jpn_Jpan,55151,または,1,0.03390980
sts,jpn_Jpan,55524,られている,7,0.23736860
sts,jpn_Jpan,55642,乗,4,0.13563920
sts,jpn_Jpan,55658,レン,4,0.13563920
sts,jpn_Jpan,55775,ちゃ,6,0.20345880
sts,jpn_Jpan,55824,食事,2,0.06781960
sts,jpn_Jpan,56271,合い,2,0.06781960
sts,jpn_Jpan,56283,はない,1,0.03390980
sts,jpn_Jpan,57092,かけ,5,0.16954900
sts,jpn_Jpan,57640,食べ,2,0.06781960
sts,jpn_Jpan,58311,中に,1,0.03390980
sts,jpn_Jpan,58497,をしている,16,0.54255680
sts,jpn_Jpan,58891,武器,1,0.03390980
sts,jpn_Jpan,59368,んでいる,8,0.27127840
sts,jpn_Jpan,59458,ザ,1,0.03390980
sts,jpn_Jpan,59917,引き,2,0.06781960
sts,jpn_Jpan,60413,くて,1,0.03390980
sts,jpn_Jpan,60414,二人,7,0.23736860
sts,jpn_Jpan,60764,対,1,0.03390980
sts,jpn_Jpan,61212,べ,1,0.03390980
sts,jpn_Jpan,61803,フィ,1,0.03390980
sts,jpn_Jpan,63040,太陽,1,0.03390980
sts,jpn_Jpan,63172,多い,1,0.03390980
sts,jpn_Jpan,63763,歩,2,0.06781960
sts,jpn_Jpan,64039,眉,1,0.03390980
sts,jpn_Jpan,64620,インターネット,1,0.03390980
sts,jpn_Jpan,64664,パン,4,0.13563920
sts,jpn_Jpan,64870,っと,1,0.03390980
sts,jpn_Jpan,65407,にお,1,0.03390980
sts,jpn_Jpan,65612,たち,1,0.03390980
sts,jpn_Jpan,65691,の中,4,0.13563920
sts,jpn_Jpan,66725,▁三,3,0.10172940
sts,jpn_Jpan,66826,柱,2,0.06781960
sts,jpn_Jpan,67004,落ち,1,0.03390980
sts,jpn_Jpan,67540,リン,1,0.03390980
sts,jpn_Jpan,69720,泥,3,0.10172940
sts,jpn_Jpan,72038,奪,2,0.06781960
sts,jpn_Jpan,72084,けて,2,0.06781960
sts,jpn_Jpan,72135,いている,16,0.54255680
sts,jpn_Jpan,72485,握,1,0.03390980
sts,jpn_Jpan,72823,ダー,2,0.06781960
sts,jpn_Jpan,72830,婦,3,0.10172940
sts,jpn_Jpan,73046,絵,2,0.06781960
sts,jpn_Jpan,73204,の中に,7,0.23736860
sts,jpn_Jpan,73619,芝,1,0.03390980
sts,jpn_Jpan,74496,黒,9,0.30518820
sts,jpn_Jpan,74614,戸,1,0.03390980
sts,jpn_Jpan,75133,拳,2,0.06781960
sts,jpn_Jpan,76337,ング,1,0.03390980
sts,jpn_Jpan,76377,歌手,1,0.03390980
sts,jpn_Jpan,76409,父親,1,0.03390980
sts,jpn_Jpan,76599,腕,1,0.03390980
sts,jpn_Jpan,76931,リング,3,0.10172940
sts,jpn_Jpan,77144,オー,1,0.03390980
sts,jpn_Jpan,77491,祈,1,0.03390980
sts,jpn_Jpan,77526,ための,2,0.06781960
sts,jpn_Jpan,78034,競,1,0.03390980
sts,jpn_Jpan,78226,れている,4,0.13563920
sts,jpn_Jpan,78687,切り,9,0.30518820
sts,jpn_Jpan,79027,飲み,1,0.03390980
sts,jpn_Jpan,79663,ワー,1,0.03390980
sts,jpn_Jpan,80262,覆,3,0.10172940
sts,jpn_Jpan,80702,上の,3,0.10172940
sts,jpn_Jpan,80899,彼女,1,0.03390980
sts,jpn_Jpan,81045,の上,2,0.06781960
sts,jpn_Jpan,81052,していない,2,0.06781960
sts,jpn_Jpan,81277,コー,1,0.03390980
sts,jpn_Jpan,81615,ジュ,1,0.03390980
sts,jpn_Jpan,81832,グラ,2,0.06781960
sts,jpn_Jpan,81861,の人,1,0.03390980
sts,jpn_Jpan,82438,シー,1,0.03390980
sts,jpn_Jpan,83236,ーン,1,0.03390980
sts,jpn_Jpan,84113,込んで,5,0.16954900
sts,jpn_Jpan,84117,演奏,4,0.13563920
sts,jpn_Jpan,84693,ビー,1,0.03390980
sts,jpn_Jpan,84778,ッド,1,0.03390980
sts,jpn_Jpan,84825,別の,4,0.13563920
sts,jpn_Jpan,85443,蛇,1,0.03390980
sts,jpn_Jpan,85519,しっかりと,1,0.03390980
sts,jpn_Jpan,86020,サン,1,0.03390980
sts,jpn_Jpan,86155,敷,1,0.03390980
sts,jpn_Jpan,86202,グループ,2,0.06781960
sts,jpn_Jpan,87504,いで,3,0.10172940
sts,jpn_Jpan,87650,まり,1,0.03390980
sts,jpn_Jpan,87744,▁二,2,0.06781960
sts,jpn_Jpan,88805,サー,3,0.10172940
sts,jpn_Jpan,88914,ていない,5,0.16954900
sts,jpn_Jpan,89120,と一緒に,3,0.10172940
sts,jpn_Jpan,89886,広告,1,0.03390980
sts,jpn_Jpan,91203,噴,1,0.03390980
sts,jpn_Jpan,92356,髪,2,0.06781960
sts,jpn_Jpan,92499,カメラ,6,0.20345880
sts,jpn_Jpan,92662,卵,1,0.03390980
sts,jpn_Jpan,92954,トップ,1,0.03390980
sts,jpn_Jpan,93715,手を,1,0.03390980
sts,jpn_Jpan,95144,微笑,2,0.06781960
sts,jpn_Jpan,95430,斜,1,0.03390980
sts,jpn_Jpan,95727,舌,1,0.03390980
sts,jpn_Jpan,95929,話し,2,0.06781960
sts,jpn_Jpan,95978,地面,3,0.10172940
sts,jpn_Jpan,96455,していて,3,0.10172940
sts,jpn_Jpan,96984,丘,1,0.03390980
sts,jpn_Jpan,97152,両,1,0.03390980
sts,jpn_Jpan,97261,りの,1,0.03390980
sts,jpn_Jpan,97447,児,2,0.06781960
sts,jpn_Jpan,97626,騎,2,0.06781960
sts,jpn_Jpan,97659,ウン,1,0.03390980
sts,jpn_Jpan,99252,ブラ,1,0.03390980
sts,jpn_Jpan,99287,課題,1,0.03390980
sts,jpn_Jpan,99405,をかけ,1,0.03390980
sts,jpn_Jpan,99902,はある,1,0.03390980
sts,jpn_Jpan,100315,柄,1,0.03390980
sts,jpn_Jpan,101001,レス,1,0.03390980
sts,jpn_Jpan,101523,削,1,0.03390980
sts,jpn_Jpan,102209,飛行,1,0.03390980
sts,jpn_Jpan,103267,砂,4,0.13563920
sts,jpn_Jpan,103327,いくつか,3,0.10172940
sts,jpn_Jpan,104176,寸,1,0.03390980
sts,jpn_Jpan,105440,バイ,2,0.06781960
sts,jpn_Jpan,105464,裸,1,0.03390980
sts,jpn_Jpan,106564,ボタン,1,0.03390980
sts,jpn_Jpan,107018,障害,1,0.03390980
sts,jpn_Jpan,107461,金属,1,0.03390980
sts,jpn_Jpan,107855,帽,1,0.03390980
sts,jpn_Jpan,108913,上に,6,0.20345880
sts,jpn_Jpan,109255,近い,1,0.03390980
sts,jpn_Jpan,109322,空中,5,0.16954900
sts,jpn_Jpan,110018,ウェ,2,0.06781960
sts,jpn_Jpan,110406,ジャ,9,0.30518820
sts,jpn_Jpan,110446,ぞ,1,0.03390980
sts,jpn_Jpan,110834,ロン,2,0.06781960
sts,jpn_Jpan,111660,強く,1,0.03390980
sts,jpn_Jpan,111722,医師,1,0.03390980
sts,jpn_Jpan,112118,楽しんで,1,0.03390980
sts,jpn_Jpan,112236,乗り,2,0.06781960
sts,jpn_Jpan,112422,の方に,3,0.10172940
sts,jpn_Jpan,113581,匹,5,0.16954900
sts,jpn_Jpan,114026,辺,8,0.27127840
sts,jpn_Jpan,114164,モン,1,0.03390980
sts,jpn_Jpan,114364,レイ,1,0.03390980
sts,jpn_Jpan,114543,手に,2,0.06781960
sts,jpn_Jpan,114925,小さな,10,0.33909800
sts,jpn_Jpan,115486,若い,2,0.06781960
sts,jpn_Jpan,116427,いっぱい,1,0.03390980
sts,jpn_Jpan,116795,人々,10,0.33909800
sts,jpn_Jpan,117070,たま,1,0.03390980
sts,jpn_Jpan,117842,物を,1,0.03390980
sts,jpn_Jpan,118918,に入れ,1,0.03390980
sts,jpn_Jpan,119696,女性の,2,0.06781960
sts,jpn_Jpan,119790,を持っている,2,0.06781960
sts,jpn_Jpan,120038,用の,1,0.03390980
sts,jpn_Jpan,122670,かい,2,0.06781960
sts,jpn_Jpan,122993,なっている,1,0.03390980
sts,jpn_Jpan,123096,かれた,1,0.03390980
sts,jpn_Jpan,123223,打ち,1,0.03390980
sts,jpn_Jpan,124385,ビル,1,0.03390980
sts,jpn_Jpan,124530,景色,1,0.03390980
sts,jpn_Jpan,125050,フォーム,2,0.06781960
sts,jpn_Jpan,125814,野菜,2,0.06781960
sts,jpn_Jpan,126467,袖,1,0.03390980
sts,jpn_Jpan,126615,ポー,2,0.06781960
sts,jpn_Jpan,127470,心地,1,0.03390980
sts,jpn_Jpan,127511,棚,2,0.06781960
sts,jpn_Jpan,127517,弾,10,0.33909800
sts,jpn_Jpan,128037,縁,1,0.03390980
sts,jpn_Jpan,128411,赤ちゃん,1,0.03390980
sts,jpn_Jpan,128647,したもの,1,0.03390980
sts,jpn_Jpan,129628,近く,1,0.03390980
sts,jpn_Jpan,130217,たちが,2,0.06781960
sts,jpn_Jpan,130329,エリア,1,0.03390980
sts,jpn_Jpan,130493,ドル,1,0.03390980
sts,jpn_Jpan,132293,仲間,1,0.03390980
sts,jpn_Jpan,132524,周り,1,0.03390980
sts,jpn_Jpan,132867,はその,3,0.10172940
sts,jpn_Jpan,132889,々と,1,0.03390980
sts,jpn_Jpan,133158,ゆっくり,1,0.03390980
sts,jpn_Jpan,133628,プラ,1,0.03390980
sts,jpn_Jpan,133676,抜け,2,0.06781960
sts,jpn_Jpan,134244,駐車場,3,0.10172940
sts,jpn_Jpan,134475,女の子,14,0.47473720
sts,jpn_Jpan,135395,を食べ,1,0.03390980
sts,jpn_Jpan,135661,高く,1,0.03390980
sts,jpn_Jpan,136968,椅子,1,0.03390980
sts,jpn_Jpan,137641,三人,1,0.03390980
sts,jpn_Jpan,138303,靴,1,0.03390980
sts,jpn_Jpan,138709,自動車,2,0.06781960
sts,jpn_Jpan,139094,上がって,1,0.03390980
sts,jpn_Jpan,139456,ペット,2,0.06781960
sts,jpn_Jpan,139730,面白い,1,0.03390980
sts,jpn_Jpan,139899,を持ち,1,0.03390980
sts,jpn_Jpan,140818,ピン,2,0.06781960
sts,jpn_Jpan,141206,かかって,1,0.03390980
sts,jpn_Jpan,141482,ボール,9,0.30518820
sts,jpn_Jpan,141923,眼鏡,1,0.03390980
sts,jpn_Jpan,142293,ぜ,1,0.03390980
sts,jpn_Jpan,144475,助け,1,0.03390980
sts,jpn_Jpan,145387,挙げ,1,0.03390980
sts,jpn_Jpan,146611,押し,1,0.03390980
sts,jpn_Jpan,147370,たちは,5,0.16954900
sts,jpn_Jpan,148380,いくら,2,0.06781960
sts,jpn_Jpan,148460,の中から,1,0.03390980
sts,jpn_Jpan,148965,われた,3,0.10172940
sts,jpn_Jpan,149672,捨て,1,0.03390980
sts,jpn_Jpan,149757,を読んで,1,0.03390980
sts,jpn_Jpan,149990,たちの,1,0.03390980
sts,jpn_Jpan,150199,ライト,1,0.03390980
sts,jpn_Jpan,151186,っていない,1,0.03390980
sts,jpn_Jpan,151527,ハー,1,0.03390980
sts,jpn_Jpan,153439,スポット,1,0.03390980
sts,jpn_Jpan,154134,の人が,1,0.03390980
sts,jpn_Jpan,154749,を通して,1,0.03390980
sts,jpn_Jpan,156303,差し,2,0.06781960
sts,jpn_Jpan,157040,歩いて,5,0.16954900
sts,jpn_Jpan,157936,黄色,6,0.20345880
sts,jpn_Jpan,157942,チン,1,0.03390980
sts,jpn_Jpan,158643,プラス,1,0.03390980
sts,jpn_Jpan,158708,無人,1,0.03390980
sts,jpn_Jpan,159081,泳,1,0.03390980
sts,jpn_Jpan,159341,タン,1,0.03390980
sts,jpn_Jpan,159371,ケー,1,0.03390980
sts,jpn_Jpan,159743,寄り,1,0.03390980
sts,jpn_Jpan,161508,鉄,1,0.03390980
sts,jpn_Jpan,161513,ゾ,1,0.03390980
sts,jpn_Jpan,161701,寄せ,1,0.03390980
sts,jpn_Jpan,161996,イヤ,1,0.03390980
sts,jpn_Jpan,162069,ていて,3,0.10172940
sts,jpn_Jpan,163645,ヘル,4,0.13563920
sts,jpn_Jpan,164246,競技,1,0.03390980
sts,jpn_Jpan,164560,が起き,1,0.03390980
sts,jpn_Jpan,164862,追い,2,0.06781960
sts,jpn_Jpan,164943,衝突,2,0.06781960
sts,jpn_Jpan,165475,っぱ,1,0.03390980
sts,jpn_Jpan,165649,アジア,1,0.03390980
sts,jpn_Jpan,165994,ボード,3,0.10172940
sts,jpn_Jpan,167080,込まれ,1,0.03390980
sts,jpn_Jpan,167428,空気,1,0.03390980
sts,jpn_Jpan,167679,ナイ,2,0.06781960
sts,jpn_Jpan,167776,女性が,13,0.44082740
sts,jpn_Jpan,170667,っていて,5,0.16954900
sts,jpn_Jpan,171688,ユニ,1,0.03390980
sts,jpn_Jpan,172141,列車,2,0.06781960
sts,jpn_Jpan,172534,上げて,1,0.03390980
sts,jpn_Jpan,172710,女性は,12,0.40691760
sts,jpn_Jpan,173081,ノー,3,0.10172940
sts,jpn_Jpan,174027,近くの,1,0.03390980
sts,jpn_Jpan,174868,らせて,1,0.03390980
sts,jpn_Jpan,175332,浜,1,0.03390980
sts,jpn_Jpan,177083,当たり,1,0.03390980
sts,jpn_Jpan,177783,豆腐,1,0.03390980
sts,jpn_Jpan,178754,を抱え,1,0.03390980
sts,jpn_Jpan,178840,置き,1,0.03390980
sts,jpn_Jpan,178859,齢,1,0.03390980
sts,jpn_Jpan,179040,子供が,3,0.10172940
sts,jpn_Jpan,179132,ラク,4,0.13563920
sts,jpn_Jpan,182160,自転車,9,0.30518820
sts,jpn_Jpan,182366,降り,3,0.10172940
sts,jpn_Jpan,182537,ヌ,1,0.03390980
sts,jpn_Jpan,182839,近くに,3,0.10172940
sts,jpn_Jpan,182944,窓,1,0.03390980
sts,jpn_Jpan,183723,緑,6,0.20345880
sts,jpn_Jpan,184119,紐,1,0.03390980
sts,jpn_Jpan,186309,バイク,4,0.13563920
sts,jpn_Jpan,187481,ボー,1,0.03390980
sts,jpn_Jpan,187488,テーブル,2,0.06781960
sts,jpn_Jpan,187764,容器,1,0.03390980
sts,jpn_Jpan,188367,衆,1,0.03390980
sts,jpn_Jpan,189074,大声,1,0.03390980
sts,jpn_Jpan,189844,帽子,2,0.06781960
sts,jpn_Jpan,190513,出場,1,0.03390980
sts,jpn_Jpan,191375,ステージ,1,0.03390980
sts,jpn_Jpan,191597,アス,1,0.03390980
sts,jpn_Jpan,191727,携帯電話,1,0.03390980
sts,jpn_Jpan,191797,喧,2,0.06781960
sts,jpn_Jpan,193069,マッサージ,1,0.03390980
sts,jpn_Jpan,193509,サッカー,3,0.10172940
sts,jpn_Jpan,195906,に触れ,1,0.03390980
sts,jpn_Jpan,195945,レース,1,0.03390980
sts,jpn_Jpan,197131,に乗って,8,0.27127840
sts,jpn_Jpan,198258,冷凍,1,0.03390980
sts,jpn_Jpan,199891,後ろ,1,0.03390980
sts,jpn_Jpan,200208,金色,1,0.03390980
sts,jpn_Jpan,202996,バッグ,1,0.03390980
sts,jpn_Jpan,203340,バンド,3,0.10172940
sts,jpn_Jpan,204213,制服,1,0.03390980
sts,jpn_Jpan,204257,野球,1,0.03390980
sts,jpn_Jpan,205383,の前で,5,0.16954900
sts,jpn_Jpan,205610,に向かって,4,0.13563920
sts,jpn_Jpan,205860,言っている,1,0.03390980
sts,jpn_Jpan,206047,形状,1,0.03390980
sts,jpn_Jpan,207255,しゃ,2,0.06781960
sts,jpn_Jpan,208214,怖,1,0.03390980
sts,jpn_Jpan,210355,見ている,5,0.16954900
sts,jpn_Jpan,210413,ジャン,6,0.20345880
sts,jpn_Jpan,210420,ドラ,1,0.03390980
sts,jpn_Jpan,212381,調理,2,0.06781960
sts,jpn_Jpan,212574,オイル,3,0.10172940
sts,jpn_Jpan,212902,スキー,1,0.03390980
sts,jpn_Jpan,213968,ゥ,1,0.03390980
sts,jpn_Jpan,214092,シャツ,6,0.20345880
sts,jpn_Jpan,214830,果汁,1,0.03390980
sts,jpn_Jpan,214850,ピアノ,3,0.10172940
sts,jpn_Jpan,216031,ダンス,3,0.10172940
sts,jpn_Jpan,216868,灰色,3,0.10172940
sts,jpn_Jpan,220685,ボン,1,0.03390980
sts,jpn_Jpan,224204,遊んで,2,0.06781960
sts,jpn_Jpan,224794,模様,1,0.03390980
sts,jpn_Jpan,225247,すっかり,1,0.03390980
sts,jpn_Jpan,225510,車両,1,0.03390980
sts,jpn_Jpan,226164,砲,1,0.03390980
sts,jpn_Jpan,226608,を行っている,2,0.06781960
sts,jpn_Jpan,227039,競争,2,0.06781960
sts,jpn_Jpan,228448,そば,1,0.03390980
sts,jpn_Jpan,229766,をとって,2,0.06781960
sts,jpn_Jpan,230706,猿,1,0.03390980
sts,jpn_Jpan,230880,叩,1,0.03390980
sts,jpn_Jpan,231429,駆け,2,0.06781960
sts,jpn_Jpan,232279,鉛,1,0.03390980
sts,jpn_Jpan,232507,ルート,4,0.13563920
sts,jpn_Jpan,234476,雌,2,0.06781960
sts,jpn_Jpan,235212,殴,2,0.06781960
sts,jpn_Jpan,237785,晴れ,1,0.03390980
sts,jpn_Jpan,239562,濡,1,0.03390980
sts,jpn_Jpan,243539,嘩,2,0.06781960
sts,jpn_Jpan,243648,傍,1,0.03390980
sts,jpn_Jpan,243683,斧,1,0.03390980
sts,jpn_Jpan,243810,銃,1,0.03390980
sts,jpn_Jpan,244065,蹴,1,0.03390980
sts,jpn_Jpan,245122,禿,1,0.03390980
sts,jpn_Jpan,245764,搾,1,0.03390980
sts,jpn_Jpan,246594,錆,1,0.03390980
sts,jpn_Jpan,249687,掻,1,0.03390980
sts,jpn_Jpan,249910,揺,1,0.03390980
sts,jpn_Jpan,249979,囲,1,0.03390980
sts,kor_Hang,4,",",25,0.84717045
sts,kor_Hang,5,.,156,5.28634361
sts,kor_Hang,6,▁,152,5.15079634
sts,kor_Hang,7,s,1,0.03388682
sts,kor_Hang,9,-,1,0.03388682
sts,kor_Hang,12,:,2,0.06777364
sts,kor_Hang,16,),2,0.06777364
sts,kor_Hang,20,▁-,1,0.03388682
sts,kor_Hang,44,"▁""",9,0.30498136
sts,kor_Hang,58,"""",7,0.23720773
sts,kor_Hang,64,/,3,0.10166045
sts,kor_Hang,106,▁1,1,0.03388682
sts,kor_Hang,116,▁2,3,0.10166045
sts,kor_Hang,132,(,2,0.06777364
sts,kor_Hang,138,▁3,1,0.03388682
sts,kor_Hang,152,▁:,4,0.13554727
sts,kor_Hang,160,▁po,1,0.03388682
sts,kor_Hang,190,▁5,3,0.10166045
sts,kor_Hang,201,▁4,2,0.06777364
sts,kor_Hang,248,▁/,2,0.06777364
sts,kor_Hang,304,2,1,0.03388682
sts,kor_Hang,305,▁6,3,0.10166045
sts,kor_Hang,345,▁U,1,0.03388682
sts,kor_Hang,367,의,36,1.21992545
sts,kor_Hang,382,▁8,1,0.03388682
sts,kor_Hang,413,을,53,1.79600136
sts,kor_Hang,418,1,2,0.06777364
sts,kor_Hang,427,▁12,1,0.03388682
sts,kor_Hang,436,▁P,1,0.03388682
sts,kor_Hang,469,이,38,1.28769909
sts,kor_Hang,480,에,50,1.69434090
sts,kor_Hang,516,ro,1,0.03388682
sts,kor_Hang,534,▁11,1,0.03388682
sts,kor_Hang,563,▁F,1,0.03388682
sts,kor_Hang,688,를,51,1.72822772
sts,kor_Hang,697,은,35,1.18603863
sts,kor_Hang,702,▁13,1,0.03388682
sts,kor_Hang,713,가,62,2.10098272
sts,kor_Hang,769,는,37,1.25381227
sts,kor_Hang,953,▁19,1,0.03388682
sts,kor_Hang,993,한,9,0.30498136
sts,kor_Hang,1020,▁수,13,0.44052863
sts,kor_Hang,1048,도,2,0.06777364
sts,kor_Hang,1077,고,38,1.28769909
sts,kor_Hang,1083,로,11,0.37275500
sts,kor_Hang,1180,에서,29,0.98271772
sts,kor_Hang,1190,지,12,0.40664182
sts,kor_Hang,1264,per,1,0.03388682
sts,kor_Hang,1286,▁more,1,0.03388682
sts,kor_Hang,1291,과,9,0.30498136
sts,kor_Hang,1398,▁4.,2,0.06777364
sts,kor_Hang,1495,sh,1,0.03388682
sts,kor_Hang,1503,기,6,0.20332091
sts,kor_Hang,1504,▁이,15,0.50830227
sts,kor_Hang,1571,인,10,0.33886818
sts,kor_Hang,1599,일,3,0.10166045
sts,kor_Hang,1654,으로,4,0.13554727
sts,kor_Hang,1875,다,11,0.37275500
sts,kor_Hang,1963,해,2,0.06777364
sts,kor_Hang,2020,와,11,0.37275500
sts,kor_Hang,2085,리,5,0.16943409
sts,kor_Hang,2099,사,4,0.13554727
sts,kor_Hang,2123,하는,12,0.40664182
sts,kor_Hang,2166,시,5,0.16943409
sts,kor_Hang,2171,스,7,0.23720773
sts,kor_Hang,2211,어,4,0.13554727
sts,kor_Hang,2268,자,4,0.13554727
sts,kor_Hang,2280,수,5,0.16943409
sts,kor_Hang,2293,서,1,0.03388682
sts,kor_Hang,2382,하고,18,0.60996272
sts,kor_Hang,2461,할,5,0.16943409
sts,kor_Hang,2625,▁그,7,0.23720773
sts,kor_Hang,2680,년,10,0.33886818
sts,kor_Hang,2688,주,6,0.20332091
sts,kor_Hang,2901,▁있는,13,0.44052863
sts,kor_Hang,2905,정,1,0.03388682
sts,kor_Hang,2953,"?""",1,0.03388682
sts,kor_Hang,3013,장,1,0.03388682
sts,kor_Hang,3032,대,3,0.10166045
sts,kor_Hang,3103,▁한,46,1.55879363
sts,kor_Hang,3156,게,3,0.10166045
sts,kor_Hang,3162,▁있다,68,2.30430363
sts,kor_Hang,3184,만,2,0.06777364
sts,kor_Hang,3222,아,2,0.06777364
sts,kor_Hang,3276,성,3,0.10166045
sts,kor_Hang,3394,상,1,0.03388682
sts,kor_Hang,3440,라,4,0.13554727
sts,kor_Hang,3497,나,5,0.16943409
sts,kor_Hang,3614,부,1,0.03388682
sts,kor_Hang,3626,▁전,6,0.20332091
sts,kor_Hang,3659,트,5,0.16943409
sts,kor_Hang,3761,적,3,0.10166045
sts,kor_Hang,3776,전,2,0.06777364
sts,kor_Hang,3785,월,2,0.06777364
sts,kor_Hang,3999,소,1,0.03388682
sts,kor_Hang,4033,진,2,0.06777364
sts,kor_Hang,4087,드,1,0.03388682
sts,kor_Hang,4156,동,3,0.10166045
sts,kor_Hang,4253,면,3,0.10166045
sts,kor_Hang,4293,ley,1,0.03388682
sts,kor_Hang,4403,산,1,0.03388682
sts,kor_Hang,4654,제,2,0.06777364
sts,kor_Hang,5050,선,1,0.03388682
sts,kor_Hang,5102,치,2,0.06777364
sts,kor_Hang,5144,요,1,0.03388682
sts,kor_Hang,5191,된,4,0.13554727
sts,kor_Hang,5241,▁유,1,0.03388682
sts,kor_Hang,5301,신,1,0.03388682
sts,kor_Hang,5358,용,3,0.10166045
sts,kor_Hang,5476,했다,4,0.13554727
sts,kor_Hang,5645,미,4,0.13554727
sts,kor_Hang,5681,하게,1,0.03388682
sts,kor_Hang,5684,▁65,1,0.03388682
sts,kor_Hang,5769,이다,6,0.20332091
sts,kor_Hang,5770,세,1,0.03388682
sts,kor_Hang,5779,마,1,0.03388682
sts,kor_Hang,5807,▁보,1,0.03388682
sts,kor_Hang,5821,위,4,0.13554727
sts,kor_Hang,5826,입니다,2,0.06777364
sts,kor_Hang,5837,▁주,3,0.10166045
sts,kor_Hang,5878,보,1,0.03388682
sts,kor_Hang,5931,단,2,0.06777364
sts,kor_Hang,5939,▁사,1,0.03388682
sts,kor_Hang,6027,개,1,0.03388682
sts,kor_Hang,6050,▁대,2,0.06777364
sts,kor_Hang,6081,▁가,1,0.03388682
sts,kor_Hang,6086,▁고,1,0.03388682
sts,kor_Hang,6116,▁더,4,0.13554727
sts,kor_Hang,6292,실,3,0.10166045
sts,kor_Hang,6308,오,2,0.06777364
sts,kor_Hang,6339,▁지,1,0.03388682
sts,kor_Hang,6395,하,2,0.06777364
sts,kor_Hang,6452,▁시,2,0.06777364
sts,kor_Hang,6521,▁신,2,0.06777364
sts,kor_Hang,6538,DA,1,0.03388682
sts,kor_Hang,6547,차,4,0.13554727
sts,kor_Hang,6571,▁일,2,0.06777364
sts,kor_Hang,6600,▁제,2,0.06777364
sts,kor_Hang,6668,▁것,8,0.27109454
sts,kor_Hang,6705,▁소,20,0.67773636
sts,kor_Hang,6720,관,2,0.06777364
sts,kor_Hang,6775,우,3,0.10166045
sts,kor_Hang,6804,▁대한,2,0.06777364
sts,kor_Hang,6838,야,3,0.10166045
sts,kor_Hang,6888,▁안,2,0.06777364
sts,kor_Hang,6988,적인,4,0.13554727
sts,kor_Hang,7063,▁정,1,0.03388682
sts,kor_Hang,7091,▁비,4,0.13554727
sts,kor_Hang,7094,중,4,0.13554727
sts,kor_Hang,7159,▁아,2,0.06777364
sts,kor_Hang,7194,히,1,0.03388682
sts,kor_Hang,7214,까지,1,0.03388682
sts,kor_Hang,7286,무,2,0.06777364
sts,kor_Hang,7342,▁부,4,0.13554727
sts,kor_Hang,7346,호,2,0.06777364
sts,kor_Hang,7463,▁기,3,0.10166045
sts,kor_Hang,7529,니,1,0.03388682
sts,kor_Hang,7591,러,4,0.13554727
sts,kor_Hang,7592,▁오,2,0.06777364
sts,kor_Hang,7593,들이,12,0.40664182
sts,kor_Hang,7641,당,2,0.06777364
sts,kor_Hang,7901,들,2,0.06777364
sts,kor_Hang,7905,경,1,0.03388682
sts,kor_Hang,7923,모,1,0.03388682
sts,kor_Hang,7956,연,1,0.03388682
sts,kor_Hang,8000,▁나,3,0.10166045
sts,kor_Hang,8016,하여,1,0.03388682
sts,kor_Hang,8048,에는,1,0.03388682
sts,kor_Hang,8185,하기,2,0.06777364
sts,kor_Hang,8194,05,1,0.03388682
sts,kor_Hang,8247,문,2,0.06777364
sts,kor_Hang,8280,▁해,5,0.16943409
sts,kor_Hang,8333,형,1,0.03388682
sts,kor_Hang,8354,▁동,2,0.06777364
sts,kor_Hang,8443,영,1,0.03388682
sts,kor_Hang,8495,르,2,0.06777364
sts,kor_Hang,8511,▁자,4,0.13554727
sts,kor_Hang,8642,합니다,1,0.03388682
sts,kor_Hang,8740,▁인,2,0.06777364
sts,kor_Hang,8825,안,1,0.03388682
sts,kor_Hang,8925,국,2,0.06777364
sts,kor_Hang,8978,▁때,3,0.10166045
sts,kor_Hang,9045,▁공,2,0.06777364
sts,kor_Hang,9106,적으로,2,0.06777364
sts,kor_Hang,9170,▁마,1,0.03388682
sts,kor_Hang,9178,려,3,0.10166045
sts,kor_Hang,9354,며,1,0.03388682
sts,kor_Hang,9362,금,1,0.03388682
sts,kor_Hang,9412,▁후,1,0.03388682
sts,kor_Hang,9450,▁미,4,0.13554727
sts,kor_Hang,9452,거,3,0.10166045
sts,kor_Hang,9478,▁말,3,0.10166045
sts,kor_Hang,9514,한다,8,0.27109454
sts,kor_Hang,9913,에게,2,0.06777364
sts,kor_Hang,10068,프,1,0.03388682
sts,kor_Hang,10324,▁스,2,0.06777364
sts,kor_Hang,10338,▁모,4,0.13554727
sts,kor_Hang,10380,▁원,1,0.03388682
sts,kor_Hang,10454,▁것이,5,0.16943409
sts,kor_Hang,10457,체,2,0.06777364
sts,kor_Hang,10459,내,2,0.06777364
sts,kor_Hang,10486,▁선,1,0.03388682
sts,kor_Hang,10492,▁다른,5,0.16943409
sts,kor_Hang,10524,▁조,3,0.10166045
sts,kor_Hang,10629,법,1,0.03388682
sts,kor_Hang,10787,양,2,0.06777364
sts,kor_Hang,10803,▁하는,2,0.06777364
sts,kor_Hang,10993,▁사용,3,0.10166045
sts,kor_Hang,11006,▁경우,1,0.03388682
sts,kor_Hang,11031,▁상,2,0.06777364
sts,kor_Hang,11095,▁바,3,0.10166045
sts,kor_Hang,11164,▁하,1,0.03388682
sts,kor_Hang,11199,행,2,0.06777364
sts,kor_Hang,11208,점,1,0.03388682
sts,kor_Hang,11239,▁함께,3,0.10166045
sts,kor_Hang,11270,▁위해,5,0.16943409
sts,kor_Hang,11289,하지,3,0.10166045
sts,kor_Hang,11385,▁두,16,0.54218909
sts,kor_Hang,11470,▁거,3,0.10166045
sts,kor_Hang,11529,워,2,0.06777364
sts,kor_Hang,11564,터,2,0.06777364
sts,kor_Hang,11573,▁연,1,0.03388682
sts,kor_Hang,11747,즈,5,0.16943409
sts,kor_Hang,11753,▁서,3,0.10166045
sts,kor_Hang,11817,▁잘,1,0.03388682
sts,kor_Hang,11931,계,1,0.03388682
sts,kor_Hang,12066,▁본,1,0.03388682
sts,kor_Hang,12253,디,1,0.03388682
sts,kor_Hang,12286,종,1,0.03388682
sts,kor_Hang,12345,질,2,0.06777364
sts,kor_Hang,12350,▁구,2,0.06777364
sts,kor_Hang,12360,▁도,2,0.06777364
sts,kor_Hang,12362,▁세,4,0.13554727
sts,kor_Hang,12411,티,1,0.03388682
sts,kor_Hang,12412,타,1,0.03388682
sts,kor_Hang,12431,크,2,0.06777364
sts,kor_Hang,12451,운,1,0.03388682
sts,kor_Hang,12624,▁모든,3,0.10166045
sts,kor_Hang,12775,바,1,0.03388682
sts,kor_Hang,12788,발,1,0.03388682
sts,kor_Hang,12808,▁입,5,0.16943409
sts,kor_Hang,12812,역,1,0.03388682
sts,kor_Hang,13068,카,1,0.03388682
sts,kor_Hang,13179,음,1,0.03388682
sts,kor_Hang,13304,그,1,0.03388682
sts,kor_Hang,13429,간,4,0.13554727
sts,kor_Hang,13465,5%,1,0.03388682
sts,kor_Hang,13556,81,1,0.03388682
sts,kor_Hang,13564,▁강,1,0.03388682
sts,kor_Hang,13706,▁단,1,0.03388682
sts,kor_Hang,13891,료,2,0.06777364
sts,kor_Hang,13913,▁저,1,0.03388682
sts,kor_Hang,13916,토,2,0.06777364
sts,kor_Hang,13968,▁가장,4,0.13554727
sts,kor_Hang,14020,현,2,0.06777364
sts,kor_Hang,14111,심,1,0.03388682
sts,kor_Hang,14127,▁많은,5,0.16943409
sts,kor_Hang,14142,임,1,0.03388682
sts,kor_Hang,14238,▁그리고,1,0.03388682
sts,kor_Hang,14243,부터,1,0.03388682
sts,kor_Hang,14327,▁어,2,0.06777364
sts,kor_Hang,14347,▁좋은,6,0.20332091
sts,kor_Hang,14413,루,3,0.10166045
sts,kor_Hang,14501,더,2,0.06777364
sts,kor_Hang,14546,77,1,0.03388682
sts,kor_Hang,14748,▁위한,3,0.10166045
sts,kor_Hang,14883,론,3,0.10166045
sts,kor_Hang,14971,▁파,2,0.06777364
sts,kor_Hang,15164,버,2,0.06777364
sts,kor_Hang,15313,▁여,1,0.03388682
sts,kor_Hang,15401,들을,2,0.06777364
sts,kor_Hang,15613,라고,4,0.13554727
sts,kor_Hang,15710,▁것이다,6,0.20332091
sts,kor_Hang,15852,▁알,2,0.06777364
sts,kor_Hang,15916,란,4,0.13554727
sts,kor_Hang,15960,래,2,0.06777364
sts,kor_Hang,15992,되는,1,0.03388682
sts,kor_Hang,15996,▁불,2,0.06777364
sts,kor_Hang,16083,▁경,1,0.03388682
sts,kor_Hang,16199,색,7,0.23720773
sts,kor_Hang,16226,에서는,1,0.03388682
sts,kor_Hang,16276,품,1,0.03388682
sts,kor_Hang,16314,린,2,0.06777364
sts,kor_Hang,16367,습니다,1,0.03388682
sts,kor_Hang,16385,▁예,6,0.20332091
sts,kor_Hang,16404,데,1,0.03388682
sts,kor_Hang,16538,▁개,11,0.37275500
sts,kor_Hang,16595,매,1,0.03388682
sts,kor_Hang,16611,속,1,0.03388682
sts,kor_Hang,16661,▁열,1,0.03388682
sts,kor_Hang,16725,▁진,1,0.03388682
sts,kor_Hang,16837,▁양,1,0.03388682
sts,kor_Hang,17320,예,1,0.03388682
sts,kor_Hang,17403,▁서비스,1,0.03388682
sts,kor_Hang,17418,▁차,1,0.03388682
sts,kor_Hang,17446,▁79,1,0.03388682
sts,kor_Hang,17461,▁93,1,0.03388682
sts,kor_Hang,17626,▁큰,2,0.06777364
sts,kor_Hang,17801,하면,2,0.06777364
sts,kor_Hang,17822,▁또는,1,0.03388682
sts,kor_Hang,17862,들의,2,0.06777364
sts,kor_Hang,17873,▁따라,3,0.10166045
sts,kor_Hang,17937,▁합니다,1,0.03388682
sts,kor_Hang,17963,들은,2,0.06777364
sts,kor_Hang,18080,▁간,1,0.03388682
sts,kor_Hang,18142,▁방,1,0.03388682
sts,kor_Hang,18474,라는,1,0.03388682
sts,kor_Hang,18580,▁것은,3,0.10166045
sts,kor_Hang,18765,언,2,0.06777364
sts,kor_Hang,19087,블,1,0.03388682
sts,kor_Hang,19243,▁생각,1,0.03388682
sts,kor_Hang,19251,▁83,1,0.03388682
sts,kor_Hang,19322,두,2,0.06777364
sts,kor_Hang,19353,해야,1,0.03388682
sts,kor_Hang,19610,▁분,2,0.06777364
sts,kor_Hang,19641,판,4,0.13554727
sts,kor_Hang,19673,▁것을,10,0.33886818
sts,kor_Hang,19847,지만,1,0.03388682
sts,kor_Hang,19867,▁이상,1,0.03388682
sts,kor_Hang,19939,▁모두,1,0.03388682
sts,kor_Hang,20047,코,1,0.03388682
sts,kor_Hang,20198,각,2,0.06777364
sts,kor_Hang,20227,▁많이,3,0.10166045
sts,kor_Hang,20294,▁지원,2,0.06777364
sts,kor_Hang,20427,든,3,0.10166045
sts,kor_Hang,20451,▁반,4,0.13554727
sts,kor_Hang,20598,▁미국,1,0.03388682
sts,kor_Hang,20705,플,2,0.06777364
sts,kor_Hang,20754,▁손,1,0.03388682
sts,kor_Hang,21017,▁때문에,2,0.06777364
sts,kor_Hang,21031,▁하고,2,0.06777364
sts,kor_Hang,21099,▁또,1,0.03388682
sts,kor_Hang,21163,▁대해,5,0.16943409
sts,kor_Hang,21252,지는,1,0.03388682
sts,kor_Hang,21314,길,1,0.03388682
sts,kor_Hang,21417,▁다양한,1,0.03388682
sts,kor_Hang,21486,▁피,3,0.10166045
sts,kor_Hang,21491,보다,2,0.06777364
sts,kor_Hang,21806,이라고,2,0.06777364
sts,kor_Hang,21858,▁날,1,0.03388682
sts,kor_Hang,21981,▁될,1,0.03388682
sts,kor_Hang,21988,되어,1,0.03388682
sts,kor_Hang,22114,▁물,4,0.13554727
sts,kor_Hang,22208,약,2,0.06777364
sts,kor_Hang,22324,범,2,0.06777364
sts,kor_Hang,23363,술,2,0.06777364
sts,kor_Hang,23406,▁의,1,0.03388682
sts,kor_Hang,23416,▁총,1,0.03388682
sts,kor_Hang,23423,희,1,0.03388682
sts,kor_Hang,23459,▁아이,2,0.06777364
sts,kor_Hang,23527,백,6,0.20332091
sts,kor_Hang,23548,었다,1,0.03388682
sts,kor_Hang,23646,▁호,2,0.06777364
sts,kor_Hang,23928,함,1,0.03388682
sts,kor_Hang,24204,▁영,1,0.03388682
sts,kor_Hang,24598,▁볼,3,0.10166045
sts,kor_Hang,24777,▁살,1,0.03388682
sts,kor_Hang,24865,▁선택,1,0.03388682
sts,kor_Hang,24935,글,1,0.03388682
sts,kor_Hang,25284,▁포,6,0.20332091
sts,kor_Hang,25436,져,1,0.03388682
sts,kor_Hang,25479,▁현재,1,0.03388682
sts,kor_Hang,25718,▁달,1,0.03388682
sts,kor_Hang,25978,층,1,0.03388682
sts,kor_Hang,26013,▁어떤,2,0.06777364
sts,kor_Hang,26084,▁사진,1,0.03388682
sts,kor_Hang,26187,▁감,1,0.03388682
sts,kor_Hang,26533,▁아니라,1,0.03388682
sts,kor_Hang,26982,▁약,2,0.06777364
sts,kor_Hang,27051,존,1,0.03388682
sts,kor_Hang,27568,▁연구,2,0.06777364
sts,kor_Hang,27676,추,2,0.06777364
sts,kor_Hang,27681,▁들어,1,0.03388682
sts,kor_Hang,27716,▁각,1,0.03388682
sts,kor_Hang,27940,▁문,2,0.06777364
sts,kor_Hang,28193,▁변,1,0.03388682
sts,kor_Hang,28195,▁추,1,0.03388682
sts,kor_Hang,28218,투,3,0.10166045
sts,kor_Hang,28381,▁교,3,0.10166045
sts,kor_Hang,28466,▁된다,1,0.03388682
sts,kor_Hang,28644,으,2,0.06777364
sts,kor_Hang,28913,름,1,0.03388682
sts,kor_Hang,28951,▁데,3,0.10166045
sts,kor_Hang,29029,링,3,0.10166045
sts,kor_Hang,29152,▁방법,5,0.16943409
sts,kor_Hang,29186,▁들,3,0.10166045
sts,kor_Hang,29587,▁통,1,0.03388682
sts,kor_Hang,29665,▁있을,2,0.06777364
sts,kor_Hang,29770,▁로,1,0.03388682
sts,kor_Hang,29800,▁줄,2,0.06777364
sts,kor_Hang,29916,이라는,2,0.06777364
sts,kor_Hang,29961,락,1,0.03388682
sts,kor_Hang,29969,▁사업,1,0.03388682
sts,kor_Hang,30336,울,1,0.03388682
sts,kor_Hang,30861,▁보고,3,0.10166045
sts,kor_Hang,30914,▁바로,1,0.03388682
sts,kor_Hang,31042,▁새,4,0.13554727
sts,kor_Hang,31599,▁트,2,0.06777364
sts,kor_Hang,31651,택,1,0.03388682
sts,kor_Hang,31715,랑,1,0.03388682
sts,kor_Hang,31733,녀,6,0.20332091
sts,kor_Hang,31820,▁가격,1,0.03388682
sts,kor_Hang,31950,불,1,0.03388682
sts,kor_Hang,32028,▁아니,1,0.03388682
sts,kor_Hang,32326,▁책,3,0.10166045
sts,kor_Hang,32374,▁토,4,0.13554727
sts,kor_Hang,32428,▁패,1,0.03388682
sts,kor_Hang,32431,억,1,0.03388682
sts,kor_Hang,32438,▁관,3,0.10166045
sts,kor_Hang,32461,살,2,0.06777364
sts,kor_Hang,32625,▁뒤,1,0.03388682
sts,kor_Hang,32672,널,2,0.06777364
sts,kor_Hang,32685,기를,8,0.27109454
sts,kor_Hang,33021,▁했다,2,0.06777364
sts,kor_Hang,33054,액,1,0.03388682
sts,kor_Hang,33108,규,1,0.03388682
sts,kor_Hang,33116,▁속,2,0.06777364
sts,kor_Hang,33556,▁추가,2,0.06777364
sts,kor_Hang,33892,▁여성,10,0.33886818
sts,kor_Hang,34352,▁특히,1,0.03388682
sts,kor_Hang,34542,▁치,1,0.03388682
sts,kor_Hang,34565,▁눈,6,0.20332091
sts,kor_Hang,34788,▁식,1,0.03388682
sts,kor_Hang,34988,▁개인,1,0.03388682
sts,kor_Hang,35012,▁온,1,0.03388682
sts,kor_Hang,35174,▁문제,2,0.06777364
sts,kor_Hang,35184,되고,2,0.06777364
sts,kor_Hang,35740,메,1,0.03388682
sts,kor_Hang,35771,거나,1,0.03388682
sts,kor_Hang,35825,▁이후,1,0.03388682
sts,kor_Hang,35857,▁청,1,0.03388682
sts,kor_Hang,35998,혼,2,0.06777364
sts,kor_Hang,36360,렌,2,0.06777364
sts,kor_Hang,36372,▁백,1,0.03388682
sts,kor_Hang,36527,▁금,2,0.06777364
sts,kor_Hang,37111,▁애,1,0.03388682
sts,kor_Hang,37231,▁나는,12,0.40664182
sts,kor_Hang,37324,됩니다,1,0.03388682
sts,kor_Hang,37478,니다,1,0.03388682
sts,kor_Hang,37619,▁자료,1,0.03388682
sts,kor_Hang,38154,틀,1,0.03388682
sts,kor_Hang,38655,▁사실,2,0.06777364
sts,kor_Hang,38835,있는,2,0.06777364
sts,kor_Hang,39026,▁준비,4,0.13554727
sts,kor_Hang,39431,츠,2,0.06777364
sts,kor_Hang,40258,▁의미,2,0.06777364
sts,kor_Hang,40343,▁국가,1,0.03388682
sts,kor_Hang,40390,▁있고,1,0.03388682
sts,kor_Hang,40629,흥,2,0.06777364
sts,kor_Hang,40650,▁회사,1,0.03388682
sts,kor_Hang,40688,움,3,0.10166045
sts,kor_Hang,40726,▁추천,1,0.03388682
sts,kor_Hang,40771,리는,2,0.06777364
sts,kor_Hang,41040,이고,2,0.06777364
sts,kor_Hang,41356,올,1,0.03388682
sts,kor_Hang,41484,갈,1,0.03388682
sts,kor_Hang,41669,▁직,2,0.06777364
sts,kor_Hang,41716,▁네,1,0.03388682
sts,kor_Hang,41786,▁발표,1,0.03388682
sts,kor_Hang,41807,▁복,1,0.03388682
sts,kor_Hang,41813,▁계,1,0.03388682
sts,kor_Hang,41815,▁것입니다,3,0.10166045
sts,kor_Hang,41863,▁고객,1,0.03388682
sts,kor_Hang,41962,가지,3,0.10166045
sts,kor_Hang,42133,▁학,1,0.03388682
sts,kor_Hang,42167,자의,2,0.06777364
sts,kor_Hang,42193,록,1,0.03388682
sts,kor_Hang,42742,▁오늘,1,0.03388682
sts,kor_Hang,43023,쿠,2,0.06777364
sts,kor_Hang,43116,▁몇,1,0.03388682
sts,kor_Hang,43220,▁판매,1,0.03388682
sts,kor_Hang,43394,▁같이,2,0.06777364
sts,kor_Hang,43618,▁않는,1,0.03388682
sts,kor_Hang,43758,▁말했다,4,0.13554727
sts,kor_Hang,43777,머,1,0.03388682
sts,kor_Hang,43968,▁정부,1,0.03388682
sts,kor_Hang,44080,았다,1,0.03388682
sts,kor_Hang,44082,▁허,1,0.03388682
sts,kor_Hang,44276,▁가지,3,0.10166045
sts,kor_Hang,44330,▁취,4,0.13554727
sts,kor_Hang,44408,▁있었다,2,0.06777364
sts,kor_Hang,44623,른,1,0.03388682
sts,kor_Hang,45182,때,1,0.03388682
sts,kor_Hang,45376,▁경기,1,0.03388682
sts,kor_Hang,45505,▁가지고,3,0.10166045
sts,kor_Hang,45981,덕,3,0.10166045
sts,kor_Hang,46013,엄,1,0.03388682
sts,kor_Hang,46157,셔,1,0.03388682
sts,kor_Hang,46364,순,1,0.03388682
sts,kor_Hang,46431,다고,1,0.03388682
sts,kor_Hang,46519,▁이해,1,0.03388682
sts,kor_Hang,46574,▁별,3,0.10166045
sts,kor_Hang,46651,▁변화,1,0.03388682
sts,kor_Hang,46679,▁왜,3,0.10166045
sts,kor_Hang,47012,▁역,1,0.03388682
sts,kor_Hang,47440,책,1,0.03388682
sts,kor_Hang,47842,▁먹,2,0.06777364
sts,kor_Hang,47965,개월,1,0.03388682
sts,kor_Hang,48168,▁환경,1,0.03388682
sts,kor_Hang,48279,▁일반,1,0.03388682
sts,kor_Hang,48684,▁과,2,0.06777364
sts,kor_Hang,48733,▁1.4,1,0.03388682
sts,kor_Hang,48795,▁그는,1,0.03388682
sts,kor_Hang,48894,자는,1,0.03388682
sts,kor_Hang,48905,▁버,1,0.03388682
sts,kor_Hang,48931,▁온라인,1,0.03388682
sts,kor_Hang,49123,필,1,0.03388682
sts,kor_Hang,49296,▁막,2,0.06777364
sts,kor_Hang,49431,▁기록,1,0.03388682
sts,kor_Hang,49656,악,1,0.03388682
sts,kor_Hang,49731,착,1,0.03388682
sts,kor_Hang,49744,▁관한,1,0.03388682
sts,kor_Hang,49771,▁설명,2,0.06777364
sts,kor_Hang,49824,다는,1,0.03388682
sts,kor_Hang,50115,▁않은,1,0.03388682
sts,kor_Hang,50185,졌다,1,0.03388682
sts,kor_Hang,50223,▁적용,1,0.03388682
sts,kor_Hang,50284,▁표,1,0.03388682
sts,kor_Hang,51173,▁광,1,0.03388682
sts,kor_Hang,51257,▁사람이,6,0.20332091
sts,kor_Hang,51738,들과,1,0.03388682
sts,kor_Hang,51804,▁라,1,0.03388682
sts,kor_Hang,51867,▁행사,1,0.03388682
sts,kor_Hang,51954,회의,2,0.06777364
sts,kor_Hang,52093,▁경험,3,0.10166045
sts,kor_Hang,52167,보험,1,0.03388682
sts,kor_Hang,52340,▁여자,11,0.37275500
sts,kor_Hang,52367,▁야,1,0.03388682
sts,kor_Hang,53050,▁배우,1,0.03388682
sts,kor_Hang,53316,▁갈,2,0.06777364
sts,kor_Hang,53652,▁있다는,2,0.06777364
sts,kor_Hang,54583,옥,1,0.03388682
sts,kor_Hang,54617,되지,1,0.03388682
sts,kor_Hang,54934,▁성장,1,0.03388682
sts,kor_Hang,55005,▁아닌,1,0.03388682
sts,kor_Hang,55137,거리,1,0.03388682
sts,kor_Hang,55195,쇼,1,0.03388682
sts,kor_Hang,55214,▁결,2,0.06777364
sts,kor_Hang,55223,확,1,0.03388682
sts,kor_Hang,55465,슬,2,0.06777364
sts,kor_Hang,55852,▁Shir,1,0.03388682
sts,kor_Hang,55997,▁해외,1,0.03388682
sts,kor_Hang,56023,▁기타,7,0.23720773
sts,kor_Hang,56048,▁필요한,2,0.06777364
sts,kor_Hang,56193,점을,1,0.03388682
sts,kor_Hang,57005,▁침,2,0.06777364
sts,kor_Hang,57062,쳐,1,0.03388682
sts,kor_Hang,57076,왕,2,0.06777364
sts,kor_Hang,57326,▁오후,1,0.03388682
sts,kor_Hang,57337,명의,4,0.13554727
sts,kor_Hang,57371,▁이유,1,0.03388682
sts,kor_Hang,58284,▁질문,4,0.13554727
sts,kor_Hang,58470,콘,1,0.03388682
sts,kor_Hang,58533,률,1,0.03388682
sts,kor_Hang,58537,▁높은,1,0.03388682
sts,kor_Hang,58766,▁시설,1,0.03388682
sts,kor_Hang,58932,▁결정,1,0.03388682
sts,kor_Hang,58971,▁알고,1,0.03388682
sts,kor_Hang,59054,기가,1,0.03388682
sts,kor_Hang,59081,막,1,0.03388682
sts,kor_Hang,59127,▁증가,1,0.03388682
sts,kor_Hang,59145,인지,1,0.03388682
sts,kor_Hang,59372,▁회,1,0.03388682
sts,kor_Hang,59467,▁도시,2,0.06777364
sts,kor_Hang,59943,손,1,0.03388682
sts,kor_Hang,60281,냐,2,0.06777364
sts,kor_Hang,60538,▁황,1,0.03388682
sts,kor_Hang,61193,낸,1,0.03388682
sts,kor_Hang,61286,▁쓰,1,0.03388682
sts,kor_Hang,61393,▁군,1,0.03388682
sts,kor_Hang,61971,적이,1,0.03388682
sts,kor_Hang,62009,▁홈,1,0.03388682
sts,kor_Hang,62457,▁잠,1,0.03388682
sts,kor_Hang,62657,▁사이,1,0.03388682
sts,kor_Hang,62697,▁이미,1,0.03388682
sts,kor_Hang,62717,명이,2,0.06777364
sts,kor_Hang,63054,▁해결,1,0.03388682
sts,kor_Hang,63608,푸,1,0.03388682
sts,kor_Hang,64612,▁독,1,0.03388682
sts,kor_Hang,64734,▁농,1,0.03388682
sts,kor_Hang,64757,▁남자,31,1.05049136
sts,kor_Hang,65070,끼,3,0.10166045
sts,kor_Hang,65253,▁있는데,1,0.03388682
sts,kor_Hang,65282,▁작은,1,0.03388682
sts,kor_Hang,65349,폰,1,0.03388682
sts,kor_Hang,65478,한다는,2,0.06777364
sts,kor_Hang,65544,▁아주,1,0.03388682
sts,kor_Hang,65618,▁최고,1,0.03388682
sts,kor_Hang,66082,▁음식,1,0.03388682
sts,kor_Hang,66093,▁상황,1,0.03388682
sts,kor_Hang,66365,▁죽,1,0.03388682
sts,kor_Hang,66492,자를,2,0.06777364
sts,kor_Hang,66713,▁계획,1,0.03388682
sts,kor_Hang,67028,도로,3,0.10166045
sts,kor_Hang,67057,▁캐,3,0.10166045
sts,kor_Hang,67396,▁사람들이,2,0.06777364
sts,kor_Hang,67602,▁보내,1,0.03388682
sts,kor_Hang,68029,되었습니다,1,0.03388682
sts,kor_Hang,68187,▁판,2,0.06777364
sts,kor_Hang,68266,▁만들,1,0.03388682
sts,kor_Hang,68538,JR,1,0.03388682
sts,kor_Hang,69174,▁논,3,0.10166045
sts,kor_Hang,69295,칠,2,0.06777364
sts,kor_Hang,69738,▁권,2,0.06777364
sts,kor_Hang,69755,▁당신,6,0.20332091
sts,kor_Hang,69879,한다고,1,0.03388682
sts,kor_Hang,70702,럼,1,0.03388682
sts,kor_Hang,71105,총,1,0.03388682
sts,kor_Hang,71106,위에,3,0.10166045
sts,kor_Hang,71278,▁누,1,0.03388682
sts,kor_Hang,71375,▁사람들,2,0.06777364
sts,kor_Hang,71414,센,1,0.03388682
sts,kor_Hang,71618,귀,1,0.03388682
sts,kor_Hang,72025,렸다,1,0.03388682
sts,kor_Hang,72048,닝,1,0.03388682
sts,kor_Hang,72106,▁인간,1,0.03388682
sts,kor_Hang,72171,▁암,1,0.03388682
sts,kor_Hang,72437,▁앞,1,0.03388682
sts,kor_Hang,72819,▁즉,1,0.03388682
sts,kor_Hang,72858,▁행,2,0.06777364
sts,kor_Hang,73507,▁거의,1,0.03388682
sts,kor_Hang,73646,▁친구,1,0.03388682
sts,kor_Hang,73866,help,1,0.03388682
sts,kor_Hang,74137,보고,1,0.03388682
sts,kor_Hang,74239,▁질,1,0.03388682
sts,kor_Hang,74523,▁주요,2,0.06777364
sts,kor_Hang,74787,▁접,1,0.03388682
sts,kor_Hang,75070,▁전에,1,0.03388682
sts,kor_Hang,75122,▁있다고,1,0.03388682
sts,kor_Hang,75134,주는,1,0.03388682
sts,kor_Hang,75143,▁마지막,1,0.03388682
sts,kor_Hang,75232,촌,1,0.03388682
sts,kor_Hang,75338,▁항,1,0.03388682
sts,kor_Hang,75409,▁의해,4,0.13554727
sts,kor_Hang,76253,람,1,0.03388682
sts,kor_Hang,76284,▁월,1,0.03388682
sts,kor_Hang,76799,▁밤,1,0.03388682
sts,kor_Hang,76826,▁왕,1,0.03388682
sts,kor_Hang,77361,▁열린,1,0.03388682
sts,kor_Hang,77382,▁받은,2,0.06777364
sts,kor_Hang,77442,▁서로,1,0.03388682
sts,kor_Hang,78363,위를,1,0.03388682
sts,kor_Hang,78582,▁놀,6,0.20332091
sts,kor_Hang,78741,▁밀,1,0.03388682
sts,kor_Hang,79580,▁같다,2,0.06777364
sts,kor_Hang,79596,▁때문이다,1,0.03388682
sts,kor_Hang,79797,벽,2,0.06777364
sts,kor_Hang,79978,▁그의,2,0.06777364
sts,kor_Hang,80027,▁작업,1,0.03388682
sts,kor_Hang,80169,▁사건,1,0.03388682
sts,kor_Hang,80275,틴,2,0.06777364
sts,kor_Hang,80332,▁병,1,0.03388682
sts,kor_Hang,80415,▁있지만,2,0.06777364
sts,kor_Hang,80471,이는,1,0.03388682
sts,kor_Hang,80687,▁당시,1,0.03388682
sts,kor_Hang,80700,▁있기,2,0.06777364
sts,kor_Hang,80823,▁않는다,4,0.13554727
sts,kor_Hang,81053,▁자동차,1,0.03388682
sts,kor_Hang,81399,버스,1,0.03388682
sts,kor_Hang,81755,▁그녀,2,0.06777364
sts,kor_Hang,82017,롭,1,0.03388682
sts,kor_Hang,82429,▁상대,1,0.03388682
sts,kor_Hang,82443,▁팬,3,0.10166045
sts,kor_Hang,83117,▁않을,2,0.06777364
sts,kor_Hang,83341,▁긴,1,0.03388682
sts,kor_Hang,83590,▁가진,2,0.06777364
sts,kor_Hang,83861,나는,1,0.03388682
sts,kor_Hang,83887,▁기억,3,0.10166045
sts,kor_Hang,84210,▁선수,3,0.10166045
sts,kor_Hang,85062,▁폐,1,0.03388682
sts,kor_Hang,85551,▁교회,1,0.03388682
sts,kor_Hang,85608,▁주장,2,0.06777364
sts,kor_Hang,85723,▁아니다,1,0.03388682
sts,kor_Hang,85817,상을,2,0.06777364
sts,kor_Hang,85969,▁머리,2,0.06777364
sts,kor_Hang,86816,달러,6,0.20332091
sts,kor_Hang,87161,▁도움이,2,0.06777364
sts,kor_Hang,87512,▁여러분,3,0.10166045
sts,kor_Hang,87789,▁풀,1,0.03388682
sts,kor_Hang,87864,되었다,2,0.06777364
sts,kor_Hang,87984,▁어린이,1,0.03388682
sts,kor_Hang,88183,▁프로젝트,1,0.03388682
sts,kor_Hang,88470,물을,1,0.03388682
sts,kor_Hang,89132,방법,1,0.03388682
sts,kor_Hang,89420,▁공연,1,0.03388682
sts,kor_Hang,89854,수를,1,0.03388682
sts,kor_Hang,89949,▁않았다,1,0.03388682
sts,kor_Hang,90388,▁친,1,0.03388682
sts,kor_Hang,90523,텐,1,0.03388682
sts,kor_Hang,90580,▁검,3,0.10166045
sts,kor_Hang,90603,뜨,1,0.03388682
sts,kor_Hang,91050,▁녹,1,0.03388682
sts,kor_Hang,91206,▁보여,1,0.03388682
sts,kor_Hang,91967,렸,1,0.03388682
sts,kor_Hang,92189,▁경영,1,0.03388682
sts,kor_Hang,92234,▁있게,1,0.03388682
sts,kor_Hang,92462,▁되었다,2,0.06777364
sts,kor_Hang,92465,항공,1,0.03388682
sts,kor_Hang,92523,▁머,1,0.03388682
sts,kor_Hang,92964,▁하이,1,0.03388682
sts,kor_Hang,93213,▁찍,1,0.03388682
sts,kor_Hang,93225,케이,3,0.10166045
sts,kor_Hang,93298,▁영국,1,0.03388682
sts,kor_Hang,94099,▁강화,1,0.03388682
sts,kor_Hang,94895,▁우리의,2,0.06777364
sts,kor_Hang,95299,▁답변,1,0.03388682
sts,kor_Hang,95525,얻,1,0.03388682
sts,kor_Hang,95542,서는,1,0.03388682
sts,kor_Hang,95569,▁알아,4,0.13554727
sts,kor_Hang,95616,▁발견,1,0.03388682
sts,kor_Hang,95638,일에,1,0.03388682
sts,kor_Hang,95714,넣,3,0.10166045
sts,kor_Hang,95977,▁아이들,1,0.03388682
sts,kor_Hang,96104,폴,2,0.06777364
sts,kor_Hang,96213,▁되지,1,0.03388682
sts,kor_Hang,96672,▁언어,3,0.10166045
sts,kor_Hang,97089,▁헤,1,0.03388682
sts,kor_Hang,97176,렉,1,0.03388682
sts,kor_Hang,97843,▁정의,1,0.03388682
sts,kor_Hang,98817,▁사례,1,0.03388682
sts,kor_Hang,99435,로는,2,0.06777364
sts,kor_Hang,99856,▁아시아,2,0.06777364
sts,kor_Hang,99927,는다,3,0.10166045
sts,kor_Hang,100072,▁스타일,1,0.03388682
sts,kor_Hang,100234,▁남성,2,0.06777364
sts,kor_Hang,100684,▁꽃,1,0.03388682
sts,kor_Hang,100697,▁탄,1,0.03388682
sts,kor_Hang,100774,▁그리,1,0.03388682
sts,kor_Hang,101359,▁언제,1,0.03388682
sts,kor_Hang,101443,브라,1,0.03388682
sts,kor_Hang,101738,▁의견,2,0.06777364
sts,kor_Hang,101895,빙,2,0.06777364
sts,kor_Hang,101960,▁수행,1,0.03388682
sts,kor_Hang,102454,▁이루어,1,0.03388682
sts,kor_Hang,102581,▁중요,1,0.03388682
sts,kor_Hang,102606,팩,1,0.03388682
sts,kor_Hang,103540,▁벌,1,0.03388682
sts,kor_Hang,103873,▁울,1,0.03388682
sts,kor_Hang,104180,벤,1,0.03388682
sts,kor_Hang,105365,했다고,1,0.03388682
sts,kor_Hang,105646,▁내려,3,0.10166045
sts,kor_Hang,105919,퇴,1,0.03388682
sts,kor_Hang,106517,▁보도,1,0.03388682
sts,kor_Hang,106674,싸,1,0.03388682
sts,kor_Hang,106957,▁얼마나,1,0.03388682
sts,kor_Hang,107040,▁의료,2,0.06777364
sts,kor_Hang,107064,정을,1,0.03388682
sts,kor_Hang,107146,▁구입,1,0.03388682
sts,kor_Hang,107707,리가,1,0.03388682
sts,kor_Hang,108868,▁커피,1,0.03388682
sts,kor_Hang,108948,▁환자,1,0.03388682
sts,kor_Hang,109163,▁거래,1,0.03388682
sts,kor_Hang,109267,▁동의,2,0.06777364
sts,kor_Hang,109433,▁전문가,1,0.03388682
sts,kor_Hang,109980,▁과거,1,0.03388682
sts,kor_Hang,110056,▁빠른,1,0.03388682
sts,kor_Hang,110395,꾸,1,0.03388682
sts,kor_Hang,111182,로운,1,0.03388682
sts,kor_Hang,111952,▁전통,1,0.03388682
sts,kor_Hang,112242,전자,1,0.03388682
sts,kor_Hang,112643,▁차량,1,0.03388682
sts,kor_Hang,112837,준다,1,0.03388682
sts,kor_Hang,112955,꺼,2,0.06777364
sts,kor_Hang,113127,▁원하는,1,0.03388682
sts,kor_Hang,113173,▁노래,3,0.10166045
sts,kor_Hang,113426,▁매일,1,0.03388682
sts,kor_Hang,113571,즐,1,0.03388682
sts,kor_Hang,113621,▁진짜,1,0.03388682
sts,kor_Hang,114104,▁사용하는,1,0.03388682
sts,kor_Hang,114900,트를,2,0.06777364
sts,kor_Hang,115035,▁지정,2,0.06777364
sts,kor_Hang,115103,시에,1,0.03388682
sts,kor_Hang,115113,끌,1,0.03388682
sts,kor_Hang,115322,린다,4,0.13554727
sts,kor_Hang,115343,▁제조,1,0.03388682
sts,kor_Hang,116045,베이,1,0.03388682
sts,kor_Hang,116514,이지만,1,0.03388682
sts,kor_Hang,116932,▁누구,1,0.03388682
sts,kor_Hang,117150,▁마음을,1,0.03388682
sts,kor_Hang,117939,▁특정,1,0.03388682
sts,kor_Hang,118100,▁딸,1,0.03388682
sts,kor_Hang,118287,▁개념,1,0.03388682
sts,kor_Hang,118303,▁제외,1,0.03388682
sts,kor_Hang,118733,▁보인다,1,0.03388682
sts,kor_Hang,119190,옆,1,0.03388682
sts,kor_Hang,119191,흑,5,0.16943409
sts,kor_Hang,119974,권을,1,0.03388682
sts,kor_Hang,120059,▁예술,1,0.03388682
sts,kor_Hang,120198,스를,1,0.03388682
sts,kor_Hang,120245,헬,1,0.03388682
sts,kor_Hang,120327,평가,1,0.03388682
sts,kor_Hang,120523,시켜,1,0.03388682
sts,kor_Hang,120692,▁공격,1,0.03388682
sts,kor_Hang,121380,▁특별한,1,0.03388682
sts,kor_Hang,121524,첨,1,0.03388682
sts,kor_Hang,121928,위로,1,0.03388682
sts,kor_Hang,122065,▁즐기,1,0.03388682
sts,kor_Hang,122303,▁않다,1,0.03388682
sts,kor_Hang,122613,▁통신,1,0.03388682
sts,kor_Hang,122887,0.6,1,0.03388682
sts,kor_Hang,122981,▁최소,1,0.03388682
sts,kor_Hang,123273,▁생명,1,0.03388682
sts,kor_Hang,123654,죽,4,0.13554727
sts,kor_Hang,123692,끄,2,0.06777364
sts,kor_Hang,123872,풀,1,0.03388682
sts,kor_Hang,124538,깔,1,0.03388682
sts,kor_Hang,124618,334,1,0.03388682
sts,kor_Hang,124707,▁정도로,1,0.03388682
sts,kor_Hang,124922,▁화면,1,0.03388682
sts,kor_Hang,125118,▁영향을,1,0.03388682
sts,kor_Hang,125287,묘,1,0.03388682
sts,kor_Hang,125530,▁반드시,1,0.03388682
sts,kor_Hang,126296,▁역할을,1,0.03388682
sts,kor_Hang,126335,▁안정,1,0.03388682
sts,kor_Hang,126451,▁지지,1,0.03388682
sts,kor_Hang,126746,▁저녁,1,0.03388682
sts,kor_Hang,128300,▁러시아,2,0.06777364
sts,kor_Hang,128495,와의,1,0.03388682
sts,kor_Hang,129051,▁비즈니스,1,0.03388682
sts,kor_Hang,129090,▁제시,1,0.03388682
sts,kor_Hang,129322,▁느끼,2,0.06777364
sts,kor_Hang,129416,▁속에서,3,0.10166045
sts,kor_Hang,129459,▁축구,1,0.03388682
sts,kor_Hang,129533,▁웃,1,0.03388682
sts,kor_Hang,129673,▁냉,2,0.06777364
sts,kor_Hang,129938,▁이르,2,0.06777364
sts,kor_Hang,129995,지에,3,0.10166045
sts,kor_Hang,130508,▁없었다,1,0.03388682
sts,kor_Hang,130765,스가,1,0.03388682
sts,kor_Hang,130791,들에,1,0.03388682
sts,kor_Hang,131576,▁있다면,2,0.06777364
sts,kor_Hang,131645,▁달리,6,0.20332091
sts,kor_Hang,131878,크로,1,0.03388682
sts,kor_Hang,132092,자와,1,0.03388682
sts,kor_Hang,132409,▁젊은,1,0.03388682
sts,kor_Hang,133299,▁없을,1,0.03388682
sts,kor_Hang,133491,자들,3,0.10166045
sts,kor_Hang,133716,찌,1,0.03388682
sts,kor_Hang,133954,▁특성,1,0.03388682
sts,kor_Hang,134293,▁전쟁,1,0.03388682
sts,kor_Hang,134863,▁속도,1,0.03388682
sts,kor_Hang,135046,스러운,1,0.03388682
sts,kor_Hang,135049,틱,1,0.03388682
sts,kor_Hang,135314,닉,1,0.03388682
sts,kor_Hang,135315,쓴,3,0.10166045
sts,kor_Hang,135368,▁사람들은,1,0.03388682
sts,kor_Hang,135644,▁상승,1,0.03388682
sts,kor_Hang,135819,▁바다,2,0.06777364
sts,kor_Hang,136018,▁원인,1,0.03388682
sts,kor_Hang,136473,6.5,1,0.03388682
sts,kor_Hang,136489,▁옷,1,0.03388682
sts,kor_Hang,137135,성에,1,0.03388682
sts,kor_Hang,137294,▁분명,1,0.03388682
sts,kor_Hang,137457,털,1,0.03388682
sts,kor_Hang,137556,▁무대,1,0.03388682
sts,kor_Hang,138153,▁문제를,1,0.03388682
sts,kor_Hang,139173,둥,1,0.03388682
sts,kor_Hang,139438,낭,1,0.03388682
sts,kor_Hang,139721,▁빼,1,0.03388682
sts,kor_Hang,139875,▁능력,1,0.03388682
sts,kor_Hang,139918,▁올리,2,0.06777364
sts,kor_Hang,140058,▁접근,1,0.03388682
sts,kor_Hang,140683,번째,1,0.03388682
sts,kor_Hang,141355,자리,1,0.03388682
sts,kor_Hang,141962,▁공항,1,0.03388682
sts,kor_Hang,142181,치고,4,0.13554727
sts,kor_Hang,142324,▁괜찮,1,0.03388682
sts,kor_Hang,142382,▁빨,2,0.06777364
sts,kor_Hang,142835,▁여기에,1,0.03388682
sts,kor_Hang,143342,무역,2,0.06777364
sts,kor_Hang,143538,▁보통,2,0.06777364
sts,kor_Hang,144122,스럽,2,0.06777364
sts,kor_Hang,144476,▁내용은,1,0.03388682
sts,kor_Hang,144717,▁제안,1,0.03388682
sts,kor_Hang,144886,▁관련된,1,0.03388682
sts,kor_Hang,145196,▁시도,1,0.03388682
sts,kor_Hang,145461,▁속에,1,0.03388682
sts,kor_Hang,145641,간다,3,0.10166045
sts,kor_Hang,145685,▁사진을,1,0.03388682
sts,kor_Hang,145726,놀이,1,0.03388682
sts,kor_Hang,145959,▁것에,1,0.03388682
sts,kor_Hang,146547,▁책을,1,0.03388682
sts,kor_Hang,146708,콩,1,0.03388682
sts,kor_Hang,146802,▁당신은,3,0.10166045
sts,kor_Hang,146901,물질,1,0.03388682
sts,kor_Hang,149162,▁카메라,3,0.10166045
sts,kor_Hang,149545,▁빨리,1,0.03388682
sts,kor_Hang,150838,▁먹고,2,0.06777364
sts,kor_Hang,151327,법을,1,0.03388682
sts,kor_Hang,151574,성의,1,0.03388682
sts,kor_Hang,152208,▁주제,1,0.03388682
sts,kor_Hang,152744,화가,1,0.03388682
sts,kor_Hang,153037,으려,2,0.06777364
sts,kor_Hang,153169,개를,1,0.03388682
sts,kor_Hang,154181,▁당신이,1,0.03388682
sts,kor_Hang,154313,▁논의,1,0.03388682
sts,kor_Hang,154565,▁영역,2,0.06777364
sts,kor_Hang,155144,▁약간,3,0.10166045
sts,kor_Hang,155179,쌍,1,0.03388682
sts,kor_Hang,155598,▁단어,2,0.06777364
sts,kor_Hang,156009,▁미국의,1,0.03388682
sts,kor_Hang,156342,▁거부,1,0.03388682
sts,kor_Hang,156860,▁타고,3,0.10166045
sts,kor_Hang,157196,▁그들은,1,0.03388682
sts,kor_Hang,157365,적이고,1,0.03388682
sts,kor_Hang,157535,▁그것을,1,0.03388682
sts,kor_Hang,157903,▁방법을,1,0.03388682
sts,kor_Hang,158070,겐,1,0.03388682
sts,kor_Hang,159112,화장품,1,0.03388682
sts,kor_Hang,159523,▁것처럼,2,0.06777364
sts,kor_Hang,159564,차를,1,0.03388682
sts,kor_Hang,160526,박물관,1,0.03388682
sts,kor_Hang,160628,기구,1,0.03388682
sts,kor_Hang,160852,잃,1,0.03388682
sts,kor_Hang,161034,▁이것,2,0.06777364
sts,kor_Hang,161147,픈,1,0.03388682
sts,kor_Hang,161432,▁거리에,1,0.03388682
sts,kor_Hang,161775,▁중간,1,0.03388682
sts,kor_Hang,161837,닥,1,0.03388682
sts,kor_Hang,162306,국가,1,0.03388682
sts,kor_Hang,162332,스키,2,0.06777364
sts,kor_Hang,162342,보건,1,0.03388682
sts,kor_Hang,162454,▁승리,1,0.03388682
sts,kor_Hang,162561,롯,1,0.03388682
sts,kor_Hang,163015,▁장비,1,0.03388682
sts,kor_Hang,163204,▁강조,1,0.03388682
sts,kor_Hang,163302,▁마시,1,0.03388682
sts,kor_Hang,164424,었고,1,0.03388682
sts,kor_Hang,164506,마리,5,0.16943409
sts,kor_Hang,164616,▁아닙니다,1,0.03388682
sts,kor_Hang,164700,▁그들의,2,0.06777364
sts,kor_Hang,165034,▁우려,1,0.03388682
sts,kor_Hang,165911,르고,4,0.13554727
sts,kor_Hang,165993,▁앞에,2,0.06777364
sts,kor_Hang,166086,빵,1,0.03388682
sts,kor_Hang,166129,▁반복,1,0.03388682
sts,kor_Hang,166188,▁어린,4,0.13554727
sts,kor_Hang,166712,경주,1,0.03388682
sts,kor_Hang,167206,테이블,2,0.06777364
sts,kor_Hang,167427,주기,1,0.03388682
sts,kor_Hang,169001,▁부르,6,0.20332091
sts,kor_Hang,169114,▁앞에서,1,0.03388682
sts,kor_Hang,169305,▁언급,1,0.03388682
sts,kor_Hang,170475,▁만약,1,0.03388682
sts,kor_Hang,171181,▁좋습니다,1,0.03388682
sts,kor_Hang,171253,▁사이에,1,0.03388682
sts,kor_Hang,171480,구역,1,0.03388682
sts,kor_Hang,171706,페이스,1,0.03388682
sts,kor_Hang,172158,▁그것이,1,0.03388682
sts,kor_Hang,173206,▁적어,1,0.03388682
sts,kor_Hang,173790,▁비슷한,2,0.06777364
sts,kor_Hang,173828,▁둘러,1,0.03388682
sts,kor_Hang,174207,팁,1,0.03388682
sts,kor_Hang,174320,▁알게,2,0.06777364
sts,kor_Hang,174816,되어야,1,0.03388682
sts,kor_Hang,175842,▁매출,1,0.03388682
sts,kor_Hang,176332,▁합의,1,0.03388682
sts,kor_Hang,176514,였습니다,1,0.03388682
sts,kor_Hang,176975,▁듣고,1,0.03388682
sts,kor_Hang,177759,▁뉴욕,1,0.03388682
sts,kor_Hang,177944,아가,1,0.03388682
sts,kor_Hang,178554,밑,1,0.03388682
sts,kor_Hang,178567,▁오르,1,0.03388682
sts,kor_Hang,178709,▁이름을,2,0.06777364
sts,kor_Hang,179070,▁올려,1,0.03388682
sts,kor_Hang,179433,바닥,1,0.03388682
sts,kor_Hang,179747,▁뛰어,3,0.10166045
sts,kor_Hang,179852,▁보관,1,0.03388682
sts,kor_Hang,179927,▁주식,1,0.03388682
sts,kor_Hang,180559,▁바꾸,1,0.03388682
sts,kor_Hang,180722,섬,1,0.03388682
sts,kor_Hang,181207,크리,1,0.03388682
sts,kor_Hang,182087,▁그린,1,0.03388682
sts,kor_Hang,182686,▁성격,1,0.03388682
sts,kor_Hang,182905,코드,1,0.03388682
sts,kor_Hang,183777,듬,1,0.03388682
sts,kor_Hang,184851,화된,1,0.03388682
sts,kor_Hang,185011,▁어려움,2,0.06777364
sts,kor_Hang,185149,▁들고,1,0.03388682
sts,kor_Hang,187006,였던,1,0.03388682
sts,kor_Hang,187198,▁작년,1,0.03388682
sts,kor_Hang,187433,▁친구들,1,0.03388682
sts,kor_Hang,187990,덤,1,0.03388682
sts,kor_Hang,188086,▁이것은,1,0.03388682
sts,kor_Hang,188240,함이,1,0.03388682
sts,kor_Hang,188944,▁고양이,7,0.23720773
sts,kor_Hang,189705,벗,1,0.03388682
sts,kor_Hang,190133,꽤,1,0.03388682
sts,kor_Hang,191093,확실,1,0.03388682
sts,kor_Hang,191268,리얼,1,0.03388682
sts,kor_Hang,193343,프리,1,0.03388682
sts,kor_Hang,193412,비아,1,0.03388682
sts,kor_Hang,194376,앉,2,0.06777364
sts,kor_Hang,195270,댄,1,0.03388682
sts,kor_Hang,196203,▁연습,1,0.03388682
sts,kor_Hang,196257,▁대부분의,1,0.03388682
sts,kor_Hang,196449,춤,1,0.03388682
sts,kor_Hang,196522,▁짧은,2,0.06777364
sts,kor_Hang,197591,▁독자,1,0.03388682
sts,kor_Hang,197780,걷,2,0.06777364
sts,kor_Hang,197939,▁보호를,1,0.03388682
sts,kor_Hang,199701,▁쓰고,1,0.03388682
sts,kor_Hang,199753,▁그들이,1,0.03388682
sts,kor_Hang,199835,▁관점,1,0.03388682
sts,kor_Hang,200481,▁일반적으로,1,0.03388682
sts,kor_Hang,201887,▁읽고,2,0.06777364
sts,kor_Hang,201892,램,2,0.06777364
sts,kor_Hang,202522,▁연주,7,0.23720773
sts,kor_Hang,203244,▁방식으로,1,0.03388682
sts,kor_Hang,203494,▁밝혀,1,0.03388682
sts,kor_Hang,204310,맑,1,0.03388682
sts,kor_Hang,204580,▁이것이,1,0.03388682
sts,kor_Hang,204585,▁곳에서,1,0.03388682
sts,kor_Hang,204621,▁사람들에게,1,0.03388682
sts,kor_Hang,204825,▁나중에,1,0.03388682
sts,kor_Hang,205958,축구,1,0.03388682
sts,kor_Hang,206786,능력을,1,0.03388682
sts,kor_Hang,207029,▁앉아,8,0.27109454
sts,kor_Hang,207241,▁말할,1,0.03388682
sts,kor_Hang,207300,켜,1,0.03388682
sts,kor_Hang,208257,쥐,1,0.03388682
sts,kor_Hang,208798,▁뭔가,2,0.06777364
sts,kor_Hang,209225,▁상당히,1,0.03388682
sts,kor_Hang,209727,▁지불,1,0.03388682
sts,kor_Hang,210371,▁분리,1,0.03388682
sts,kor_Hang,210549,▁효과적,1,0.03388682
sts,kor_Hang,211422,▁충격,1,0.03388682
sts,kor_Hang,211591,▁못했다,1,0.03388682
sts,kor_Hang,211802,▁누군가,1,0.03388682
sts,kor_Hang,212165,뛰,2,0.06777364
sts,kor_Hang,212307,▁착용,1,0.03388682
sts,kor_Hang,215087,▁다루,1,0.03388682
sts,kor_Hang,215111,▁정식,1,0.03388682
sts,kor_Hang,215232,▁승인,1,0.03388682
sts,kor_Hang,216427,▁바르,2,0.06777364
sts,kor_Hang,216927,농구,1,0.03388682
sts,kor_Hang,217624,▁완벽한,1,0.03388682
sts,kor_Hang,218809,릅니다,1,0.03388682
sts,kor_Hang,219231,숍,1,0.03388682
sts,kor_Hang,220189,▁때문입니다,1,0.03388682
sts,kor_Hang,221879,돋,1,0.03388682
sts,kor_Hang,221989,▁대답,2,0.06777364
sts,kor_Hang,222941,▁내리,1,0.03388682
sts,kor_Hang,223131,▁간단한,1,0.03388682
sts,kor_Hang,223430,▁관계자,1,0.03388682
sts,kor_Hang,223710,▁상처,1,0.03388682
sts,kor_Hang,224431,▁강력한,1,0.03388682
sts,kor_Hang,224996,▁나쁜,1,0.03388682
sts,kor_Hang,225272,릇,1,0.03388682
sts,kor_Hang,226381,▁헌법,1,0.03388682
sts,kor_Hang,226713,밭,1,0.03388682
sts,kor_Hang,227127,▁응답,1,0.03388682
sts,kor_Hang,228858,▁잘못된,1,0.03388682
sts,kor_Hang,230127,▁없지만,1,0.03388682
sts,kor_Hang,230859,▁찾고,1,0.03388682
sts,kor_Hang,231711,▁결론,1,0.03388682
sts,kor_Hang,231992,흰,1,0.03388682
sts,kor_Hang,233124,칩,1,0.03388682
sts,kor_Hang,234957,얀,1,0.03388682
sts,kor_Hang,235040,▁근육,1,0.03388682
sts,kor_Hang,236147,▁놀라운,1,0.03388682
sts,kor_Hang,236746,렁,1,0.03388682
sts,kor_Hang,237558,깃,1,0.03388682
sts,kor_Hang,237944,▁구체적인,1,0.03388682
sts,kor_Hang,237945,▁싱가포르,1,0.03388682
sts,kor_Hang,241349,▁덧붙였다,1,0.03388682
sts,kor_Hang,243406,펠,1,0.03388682
sts,kor_Hang,243502,흙,1,0.03388682
sts,kor_Hang,243715,쩍,1,0.03388682
sts,kor_Hang,243736,싹,1,0.03388682
sts,kor_Hang,243843,뱀,1,0.03388682
sts,kor_Hang,243873,펄,1,0.03388682
sts,kor_Hang,243943,앰,1,0.03388682
sts,kor_Hang,244046,놨,1,0.03388682
sts,kor_Hang,244116,팍,1,0.03388682
sts,kor_Hang,244120,얄,1,0.03388682
sts,kor_Hang,244211,뭇,2,0.06777364
sts,kor_Hang,244277,붐,1,0.03388682
sts,kor_Hang,244531,멧,1,0.03388682
sts,kor_Hang,244657,벙,1,0.03388682
sts,kor_Hang,244807,뿔,1,0.03388682
sts,kor_Hang,246521,쏜,1,0.03388682
sts,kor_Hang,249749,걀,1,0.03388682
sts,kor_Hang,249814,핥,1,0.03388682
sts,kor_Hang,249831,쨌,1,0.03388682
sts,kor_Hang,249855,끓,1,0.03388682
sts,kor_Hang,249869,껍,1,0.03388682
sts,kor_Hang,249872,쫓,1,0.03388682
sts,kor_Hang,249913,덮,1,0.03388682
sts,kor_Hang,249936,렀,1,0.03388682
sts,kor_Hang,249945,겪,1,0.03388682
sts,kor_Hang,249970,믿,2,0.06777364
sts,kor_Hang,249985,렇,1,0.03388682
